MovieName,Cinema,ShowDate,Format,ShowTime,GeneratedText
AVENGERS: HỒI KẾT - PHIÊN BẢN ĐẶC BIỆT (CHIẾU LẠI),CGV Crescent Mall,01/10/2026,2D Phụ Đề Việt | Rạp Lamour,10:30,"Tôi đã có cơ hội xem suất chiếu AVENGERS: HỒI KẾT - PHIÊN BẢN ĐẶC BIỆT tại rạp chiếu CGV Crescent Mall vào ngày 01/10/2026. Phim được chiếu dưới định dạng 2D Phụ Đề Việt | Rạp Lamour với giờ chiếu là 10:30. Tôi đã trải nghiệm một trải nghiệm thú vị cùng khán giả khác tại rạp chiếu, tận hưởng từng khoảnh khắc của phim."
AVENGERS: HỒI KẾT - PHIÊN BẢN ĐẶC BIỆT (CHIẾU LẠI),CGV Crescent Mall,01/10/2026,2D Phụ Đề Việt | Rạp Lamour,16:00,"Hôm nay, tôi có cơ hội tham gia vào một trải nghiệm thú vị khi xem suất chiếu ""AVENGERS: HỒI KẾT - PHIÊN BẢN ĐẶC BIỆT"" tại rạp chiếu CGV Crescent Mall. Phim được chiếu vào ngày 01/10/2026 với định dạng 2D Phụ Đề Việt và Rạp Lamour. Tôi đã đến rạp chiếu vào thời điểm 16:00 và trải nghiệm không gian rạp chiếu thoải mái, sẵn sàng đón nhận hành trình phiêu lưu của các siêu anh hùng trong phim."
AVENGERS: HỒI KẾT - PHIÊN BẢN ĐẶC BIỆT (CHIẾU LẠI),CGV Crescent Mall,01/10/2026,2D Phụ Đề Việt | Rạp Lamour,21:30,"Tôi đã có cơ hội xem suất chiếu AVENGERS: HỒI KẾT - PHIÊN BẢN ĐẶC BIỆT tại rạp chiếu CGV Crescent Mall vào ngày 01/10/2026. Phim được chiếu với định dạng 2D Phụ Đề Việt và Rạp Lamour, tạo ra một trải nghiệm thú vị cho khán giả. Thời gian chiếu bắt đầu từ 21:30, tôi đã có một tối giải trí tuyệt vời cùng gia đình và bạn bè."
CHIIKAWA: BÍ MẬT ĐẢO NGƯỜI CÁ,CGV Crescent Mall,01/10/2026,2D Phụ Đề Anh & Việt,18:00,"Hôm nay, tôi đã có cơ hội đến rạp chiếu CGV Crescent Mall để xem phim CHIIKAWA: BÍ MẬT ĐẢO NGƯỜI CÁ. Phim được chiếu với định dạng 2D Phụ Đề Anh & Việt và giờ chiếu là 18:00. Tôi đã trải nghiệm một chiều chiếu phim tuyệt vời, với hình ảnh và âm thanh được trình bày một cách tinh tế và hấp dẫn. Sự kết hợp hoàn hảo giữa hình ảnh và âm thanh tạo nên một trải nghiệm xem phim độc đáo và thú vị."
HÒN ĐẢO QUÊN LÃNG,CGV Crescent Mall,01/10/2026,2D Lồng Tiếng Việt,19:40,"Tôi vừa có cơ hội xem suất chiếu ""HÒN ĐẢO QUÊN LÃNG"" tại rạp chiếu CGV Crescent Mall và trải nghiệm thật tuyệt vời. Phim được chiếu với định dạng 2D lồng tiếng Việt và giờ chiếu là 19:40 vào ngày 01/10/2026. Mọi thứ đều được chuẩn bị kỹ lưỡng, tạo ra một bầu không khí yên tĩnh và tập trung cho khán giả. Tôi cảm nhận được sự thu hút và hấp dẫn từ mỗi khung hình, khiến cho trải nghiệm xem phim trở nên đáng nhớ và đáng trân trọng."
LAPUTA: LÂU ĐÀI TRÊN KHÔNG,CGV Crescent Mall,01/10/2026,2D Lồng Tiếng Việt,12:50,"Hôm nay, tôi đã có cơ hội xem suất chiếu LAPUTA: LÂU ĐÀI TRÊN KHÔNG tại rạp chiếu CGV Crescent Mall. Với định dạng 2D lồng tiếng Việt và giờ chiếu 12:50, trải nghiệm này hứa hẹn sẽ mang đến cho khán giả một không gian giải trí đầy đập đạn. Tôi đã được trải nghiệm không gian rạp chiếu hiện đại, cùng với đó là âm thanh và hình ảnh chất lượng cao của bộ phim. Đây là một suất chiếu không nên bỏ lỡ, đặc biệt là nếu bạn là fan của thể loại phiêu lưu."
LAPUTA: LÂU ĐÀI TRÊN KHÔNG,CGV Crescent Mall,01/10/2026,2D Phụ Đề Việt,14:40,"Hôm nay, tôi đã có cơ hội xem suất chiếu LAPUTA: LÂU ĐÀI TRÊN KHÔNG tại rạp CGV Crescent Mall. Chiếc phim được chiếu với định dạng 2D Phụ Đề Việt và giờ chiếu là 14:40. Trong suốt thời gian xem phim, tôi cảm thấy sự hấp dẫn và hấp dẫn của câu chuyện trên màn ảnh lớn. Mỗi khoảnh khắc đều được làm nổi bật bởi chất lượng hình ảnh và âm thanh tuyệt vời, tạo nên một trải nghiệm giải trí thú vị và không quên."
LAPUTA: LÂU ĐÀI TRÊN KHÔNG,CGV Crescent Mall,01/10/2026,2D Lồng Tiếng Việt,17:10,"Tôi vừa có cơ hội xem suất chiếu LAPUTA: LÂU ĐÀI TRÊN KHÔNG tại rạp chiếu CGV Crescent Mall và đó là một trải nghiệm tuyệt vời! Phim được chiếu với định dạng 2D và tiếng lồng tiếng Việt, giúp mọi người dễ dàng theo dõi và tận hưởng. Với thời gian chiếu được điều chỉnh cho phù hợp, tôi đã có một buổi xem phim thoải mái và thú vị."
LÊN HƯƠNG,CGV Crescent Mall,01/10/2026,2D Phụ Đề Anh,09:35,"Tôi đã trải nghiệm một buổi chiếu phim tuyệt vời tại rạp CGV Crescent Mall với bộ phim LÊN HƯƠNG. Phim được chiếu dưới định dạng 2D Phụ Đề Anh và bắt đầu tại 09:35. Mặc dù không có thông tin chi tiết về nội dung phim, nhưng bầu không khí trong rạp đã tạo cho tôi cảm giác hứng khởi và sẵn sàng cho một trải nghiệm giải trí tuyệt vời."
LÊN HƯƠNG,CGV Crescent Mall,01/10/2026,2D Phụ Đề Anh,10:20,"Tôi đã có cơ hội trải nghiệm suất chiếu ""LÊN HƯƠNG"" tại rạp chiếu CGV Crescent Mall vào ngày 01/10/2026. Khi bước vào rạp, không khí đã được tạo ra một bầu không khí hào hứng và phấn khích. Phim được chiếu với định dạng 2D Phụ Đề Anh và giờ chiếu hợp lý là 10:20. trải nghiệm xem phim này đã mang lại cho tôi một không gian giải trí tuyệt vời và hấp dẫn."
LÊN HƯƠNG,CGV Crescent Mall,01/10/2026,2D Phụ Đề Anh,15:30,"Hôm nay, tôi đã có cơ hội được xem chiếu bộ phim ""LÊN HƯƠNG"" tại rạp chiếu CGV Crescent Mall. Phim được chiếu vào ngày 01/10/2026 với định dạng 2D Phụ Đề Anh và giờ chiếu là 15:30. Mọi thứ đã được chuẩn bị kỹ lưỡng, tạo ra một trải nghiệm xem phim tuyệt vời. Tôi đã được tận hưởng một bộ phim tuyệt vời cùng với hàng nghìn khán giả khác tại rạp chiếu."
LÊN HƯƠNG,CGV Crescent Mall,01/10/2026,2D Phụ Đề Anh,20:15,Tôi đã có cơ hội được trải nghiệm buổi chiếu LÊN HƯƠNG tại CGV Crescent Mall vào ngày 01/10/2026. Phim được chiếu với định dạng 2D Phụ Đề Anh và giờ chiếu là 20:15. Đây là một trải nghiệm tuyệt vời khi được tận hưởng bộ phim với chất lượng hình ảnh và âm thanh rõ ràng.
LÊN HƯƠNG,CGV Crescent Mall,01/10/2026,2D Phụ Đề Anh,22:40,"Tôi vừa có dịp xem suất chiếu ""LÊN HƯƠNG"" tại rạp chiếu CGV Crescent Mall vào ngày 01/10/2026. Đây là trải nghiệm tuyệt vời với định dạng 2D Phụ Đề Anh giúp tôi cảm nhận sâu sắc hơn vào thế giới phim. Phim bắt đầu vào lúc 22:40 và tôi đã tận hưởng từng khoảnh khắc trong màn chiếu."
MARNIE YÊU DẤU,CGV Crescent Mall,01/10/2026,2D Phụ Đề Việt,12:20,"Tôi vừa có dịp xem suất chiếu ""MARNIE YÊU DẤU"" tại rạp chiếu CGV Crescent Mall và thật sự không thể quên được trải nghiệm. Phim được chiếu dưới định dạng 2D Phụ Đề Việt với thời gian chiếu bắt đầu từ 12:20. Với không khí rộn rã và khán giả sôi động, tôi cảm thấy mình đã đúng chỗ đứng. Màn chiếu được thiết kế tinh tế và phù hợp với phim, giúp tôi hoàn toàn tập trung vào từng khoảnh khắc. Tất cả đều khiến cho buổi chiếu trở nên tuyệt vời và không thể bỏ qua."
MARNIE YÊU DẤU,CGV Crescent Mall,01/10/2026,2D Phụ Đề Việt,16:50,"Hôm nay, tôi đã có cơ hội xem suất chiếu ""MARNIE YÊU DẤU"" tại rạp chiếu CGV Crescent Mall. Phim được chiếu với định dạng 2D Phụ Đề Việt và bắt đầu vào lúc 16:50. Không khí trong rạp khá đông đúc và nhiệt tình của khán giả đã tạo nên một trải nghiệm thú vị."
TRẠI BUÔN NGƯỜI,CGV Crescent Mall,01/10/2026,2D Phụ Đề Anh,09:40,"Ngày 01/10/2026, rạp chiếu CGV Crescent Mall trở thành nơi xuất hiện của bộ phim TRẠI BUÔN NGƯỜI, mang đến cho khán giả một trải nghiệm không thể quên. Phim này được chiếu tại định dạng 2D Phụ Đề Anh và bắt đầu ở giờ 09:40. Đây là cơ hội tuyệt vời để trải nghiệm bộ phim này cùng với hàng nghìn khán giả khác tại rạp chiếu."
TRẠI BUÔN NGƯỜI,CGV Crescent Mall,01/10/2026,2D Phụ Đề Anh | Rạp Cine & Living Room,10:50,"Thật là một trải nghiệm tuyệt vời khi đến rạp chiếu TRẠI BUÔN NGƯỜI tại CGV Crescent Mall vào ngày 01/10/2026. Tôi đã chọn xem suất chiếu 10:50, trong đó phim được chiếu với định dạng 2D Phụ Đề Anh và Rạp Cine & Living Room. Không khí rạp chiếu sôi động và thân thiện, tôi đã cảm thấy thoải mái và sẵn sàng để tận hưởng bộ phim này."
TRẠI BUÔN NGƯỜI,CGV Crescent Mall,01/10/2026,2D Phụ Đề Anh,11:30,"Tôi vừa có cơ hội xem suất chiếu TRẠI BUÔN NGƯỜI tại rạp chiếu CGV Crescent Mall vào ngày 01/10/2026. Trong một buổi xem phim 2D Phụ Đề Anh vào lúc 11:30 tối, tôi đã được trải nghiệm cảm giác hứng khởi từ bộ phim với định dạng chất lượng cao và chất lượng hình ảnh mượt mà."
TRẠI BUÔN NGƯỜI,CGV Crescent Mall,01/10/2026,2D Phụ Đề Anh,12:00,"Tôi vừa có dịp xem suất chiếu ""TRẠI BUÔN NGƯỜI"" tại rạp chiếu CGV Crescent Mall vào ngày 01/10/2026. Thông tin cho tôi cho thấy đó là một phiên chiếu 2D với phụ đề Anh và bắt đầu từ giờ 12:00. Mọi thứ đã được chuẩn bị một cách hoàn hảo cho trải nghiệm của khán giả."
TRẠI BUÔN NGƯỜI,CGV Crescent Mall,01/10/2026,2D Phụ Đề Anh,12:30,"Tôi đã có cơ hội xem suất chiếu TRẠI BUÔN NGƯỜI tại rạp chiếu CGV Crescent Mall vào ngày 01/10/2026. Với định dạng 2D Phụ Đề Anh, trải nghiệm chiếu phim đã mang đến cho tôi những khung hình sống động và chân thực. Giờ chiếu 12:30 là một thời điểm lý tưởng để tận hưởng bộ phim này, và tôi đã có một trải nghiệm tuyệt vời tại rạp chiếu."
TRẠI BUÔN NGƯỜI,CGV Crescent Mall,01/10/2026,2D Phụ Đề Anh | Rạp Cine & Living Room,13:40,"Hôm nay, bạn có thể tận hưởng trải nghiệm chiếu phim tại rạp CGV Crescent Mall với bộ phim TRIA BUÔN NGƯỜI. Phim sẽ được chiếu ở định dạng 2D Phụ Đề Anh | Rạp Cine & Living Room và bắt đầu tại giờ 13:40. Hãy đến sớm để không bỏ lỡ khoảnh khắc tuyệt vời này!"
TRẠI BUÔN NGƯỜI,CGV Crescent Mall,01/10/2026,2D Phụ Đề Anh,14:20,"Tôi vừa có trải nghiệm tuyệt vời tại rạp chiếu CGV Crescent Mall khi xem suất chiếu TRẠI BUÔN NGƯỜI. Ngày 01/10/2026 là dịp tôi được tận hưởng bộ phim này trong không gian hiện đại và thoải mái. Phim được chiếu theo định dạng 2D Phụ Đề Anh, giúp tôi dễ dàng theo dõi và tận hưởng khoảnh khắc phim. Thời gian chiếu là 14:20, tôi đã có một trải nghiệm đáng nhớ và thoải mái."
TRẠI BUÔN NGƯỜI,CGV Crescent Mall,01/10/2026,2D Phụ Đề Anh,15:10,"Trải nghiệm xem suất chiếu TRẠI BUÔN NGƯỜI tại CGV Crescent Mall vào ngày 01/10/2026 vẫn còn khắc phục một số khuyết điểm. Phim sử dụng định dạng 2D Phụ Đề Anh và được chiếu vào giờ 15:10, tuy nhiên vẫn có một số khía cạnh cần sự cải thiện để đưa phim lên đến chuẩn mực. Khán giả có thể cảm nhận được sự thú vị và hấp dẫn từ nội dung phim, mặc dù có một số điểm cần được làm rõ hơn."
TRẠI BUÔN NGƯỜI,CGV Crescent Mall,01/10/2026,2D Phụ Đề Anh | Rạp Cine & Living Room,16:30,"Ngày 01/10/2026, rạp chiếu CGV Crescent Mall chào đón khán giả đến xem TRẠI BUÔN NGƯỜI với định dạng 2D Phụ Đề Anh | Rạp Cine & Living Room. Trong lịch trình, film được chiếu vào giờ 16:30, tạo cơ hội cho khán giả tận hưởng trải nghiệm xem phim trong không gian rạp chiếu hiện đại."
TRẠI BUÔN NGƯỜI,CGV Crescent Mall,01/10/2026,2D Phụ Đề Anh,17:00,"Trái đất tôi đang chờ đợi sự trở lại của một bộ phim kinh điển. TRẠI BUÔN NGƯỜI đã đến với chúng ta tại CGV Crescent Mall vào ngày 01/10/2026, mang đến trải nghiệm phim ảnh 2D phụ đề Anh độc đáo. Phim chiếu vào giờ chiều 17:00, hứa hẹn sẽ là một sự kiện giải trí đáng nhớ cho khán giả."
TRẠI BUÔN NGƯỜI,CGV Crescent Mall,01/10/2026,2D Phụ Đề Anh,17:50,"Tôi vừa có cơ hội xem suất chiếu TRẠI BUÔN NGƯỜI tại rạp chiếu CGV Crescent Mall vào ngày 01/10/2026. Phim được chiếu với định dạng 2D Phụ Đề Anh và thời gian chiếu là 17:50. trải nghiệm xem phim trong rạp có một bầu không khí sôi động, tôi đã được tận hưởng khoảnh khắc đầu tiên của bộ phim này."
TRẠI BUÔN NGƯỜI,CGV Crescent Mall,01/10/2026,2D Phụ Đề Anh | Rạp Cine & Living Room,19:10,"Trong buổi tối 01/10/2026, tôi đã có dịp được trải nghiệm suất chiếu ""TRẠI BUÔN NGƯỜI"" tại CGV Crescent Mall. Với định dạng 2D Phụ Đề Anh, suất chiếu này hứa hẹn sẽ mang đến cho khán giả một trải nghiệm độc đáo và thú vị. Tôi đã có cơ hội tận hưởng bộ phim với chất lượng hình ảnh và âm thanh vượt trội, tạo nên một không gian thư giãn và giải trí tuyệt vời."
TRẠI BUÔN NGƯỜI,CGV Crescent Mall,01/10/2026,2D Phụ Đề Anh,19:50,"Tôi vừa có cơ hội xem suất chiếu TRẠI BUÔN NGƯỜI tại rạp chiếu CGV Crescent Mall vào ngày 01/10/2026, với thời gian chiếu là 19:50. Trong buổi chiếu, tôi được trải nghiệm với hình ảnh 2D Phụ Đề Anh được trình diễn một cách sinh động và hấp dẫn, giúp tôi dễ dàng theo dõi và phân tích từng chi tiết của bộ phim."
TRẠI BUÔN NGƯỜI,CGV Crescent Mall,01/10/2026,2D Phụ Đề Anh,20:30,Tôi vừa có dịp xem suất chiếu TRẠI BUÔN NGƯỜI tại rạp CGV Crescent Mall vào tối 01/10/2026. Việc chiếu phim với định dạng 2D Phụ Đề Anh đã mang đến một trải nghiệm thú vị và phong cách độc đáo. Giờ chiếu 20:30 tạo thuận lợi cho những ai muốn tận hưởng phim sau khi hoàn thành công việc hoặc hoàn thành các hoạt động khác.
TRẠI BUÔN NGƯỜI,CGV Crescent Mall,01/10/2026,2D Phụ Đề Anh | Rạp Cine & Living Room,21:50,"Tôi đã có cơ hội được trải nghiệm suất chiếu TRẠI BUÔN NGƯỜI tại rạp chiếu CGV Crescent Mall vào ngày 01/10/2026. Với định dạng 2D Phụ Đề Anh, tôi đã có trải nghiệm thú vị trong phim. Phim được chiếu vào giờ 21:50, tạo ra một không gian yên tĩnh và tập trung cho khán giả. Mặc dù chỉ là một đêm chiếu phim, nhưng tôi đã có những cảm nhận thú vị về bộ phim này."
TRẠI BUÔN NGƯỜI,CGV Crescent Mall,01/10/2026,2D Phụ Đề Anh,22:30,"Tôi vừa có cơ hội trải nghiệm suất chiếu ""TRẠI BUÔN NGƯỜI"" tại rạp CGV Crescent Mall vào ngày 01/10/2026, dưới định dạng 2D Phụ Đề Anh. Sự kiện này diễn ra vào buổi tối với giờ chiếu là 22:30. Không khí rạp đầy đủ màu sắc và âm thanh sống động đã tạo nên một trải nghiệm thú vị cho khán giả."
VÙNG ĐẤT QUỶ DỮ,CGV Crescent Mall,01/10/2026,2D Phụ Đề Việt,09:30,"Tôi đã được mời tham gia suất chiếu phim VÙNG ĐẤT QUỶ DỮ tại CGV Crescent Mall vào ngày 01/10/2026. Khi bước vào rạp chiếu, không khí trở nên sôi động và đầy năng lượng. Phim được chiếu trong định dạng 2D Phụ Đề Việt và giờ chiếu là 09:30, hứa hẹn sẽ là một trải nghiệm thú vị và đầy sự tương tác cho khán giả."
VÙNG ĐẤT QUỶ DỮ,CGV Crescent Mall,01/10/2026,2D Phụ Đề Việt | Rạp Lamour,14:00,"Tôi vừa có cơ hội tham gia suất chiếu đầu tiên của ""VÙNG ĐẤT QUỶ DỮ"" tại rạp CGV Crescent Mall và thật tuyệt vời! Phim được chiếu trong định dạng 2D Phụ Đề Việt với giọng điệu Rạp Lamour, tạo nên bầu không khí lãng mạn và dễ chịu. Tôi đã chọn buổi chiếu sáng với giờ 14:00 và cảm nhận được sự thoải mái và yên tĩnh trong phòng chiếu. Sự hiện diện của phim đã mang lại cho tôi trải nghiệm tuyệt vời, một lần nữa tôi đã được tận hưởng nghệ thuật và kĩ thuật của bộ phim này."
VÙNG ĐẤT QUỶ DỮ,CGV Crescent Mall,01/10/2026,2D Phụ Đề Việt | Rạp Lamour,19:30,"Tôi đã có cơ hội xem suất chiếu VÙNG ĐẤT QUỶ DỮ tại rạp chiếu CGV Crescent Mall vào ngày 01/10/2026. Thông qua trải nghiệm này, tôi được trải nghiệm những hình ảnh tuyệt đẹp và chất lượng 2D Phụ Đề Việt | Rạp Lamour trong phim. Sự kết hợp hoàn hảo giữa hình ảnh và âm thanh đã mang đến cho tôi một trải nghiệm xem phim tuyệt vời."
VÙNG ĐẤT QUỶ DỮ,CGV Crescent Mall,01/10/2026,2D Phụ Đề Việt,23:10,"Tôi vừa có cơ hội xem suất chiếu ""VÙNG ĐẤT QUỶ DỮ"" tại rạp chiếu CGV Crescent Mall vào ngày 01/10/2026, vào giờ 23:10. Đây là trải nghiệm tuyệt vời khi được tận hưởng phim với chất lượng 2D Phụ Đề Việt tại một rạp chiếu hiện đại. Mọi thứ đã được chuẩn bị hoàn hảo để mang đến cho khán giả một trải nghiệm giải trí tuyệt vời."
ÚT LAN 2,CGV Crescent Mall,01/10/2026,2D Phụ Đề Anh,10:00,"Tôi vừa có trải nghiệm tuyệt vời tại suất chiếu phim ÚT LAN 2 tại rạp chiếu CGV Crescent Mall. Ngày 01/10/2026, tôi đã có dịp tận hưởng bộ phim này với chất lượng 2D Phụ Đề Anh và giờ chiếu 10:00. Môi trường chiếu phim thoáng mát và phòng chiếu được thiết kế tinh tế tạo nên một trải nghiệm giải trí hoàn hảo. Tôi đã cảm nhận được sự sôi động và năng động của bộ phim, cùng với đó là cảm giác hứng thú khi theo dõi."
ÚT LAN 2,CGV Crescent Mall,01/10/2026,2D Phụ Đề Anh,14:30,"Tôi đã có cơ hội trải nghiệm suất chiếu ""ÚT LAN 2"" tại rạp chiếu CGV Crescent Mall vào ngày 01/10/2026. Phim được chiếu trong định dạng 2D Phụ Đề Anh và có giờ chiếu là 14:30. Với không khí sôi động và sự chú ý của khán giả, tôi đã có một trải nghiệm thú vị và hấp dẫn khi xem phim."
ÚT LAN 2,CGV Crescent Mall,01/10/2026,2D Phụ Đề Anh,19:00,"Tôi vừa có cơ hội xem phim ÚT LAN 2 tại rạp CGV Crescent Mall và nó thực sự là một trải nghiệm tuyệt vời. Phim được chiếu vào ngày 01/10/2026 với giờ chiếu là 19:00, định dạng 2D Phụ Đề Anh. Tôi đã tận hưởng màn trình diễn tuyệt vời của phim trong một không gian rạp chiếu hiện đại và thoải mái tại CGV Crescent Mall."
ÚT LAN 2,CGV Crescent Mall,01/10/2026,2D Phụ Đề Anh,22:00,"Ngày 01/10/2026, tôi đã được tận hưởng một trải nghiệm chiếu phim tuyệt vời tại rạp CGV Crescent Mall với phim ÚT LAN 2. Phim đã được chiếu dưới định dạng 2D Phụ Đề Anh và bắt đầu từ giờ 22:00, tạo nên một bầu không khí hào hứng trong rạp. Tôi đã có cơ hội thưởng thức hình ảnh và âm thanh chất lượng cao, mang đến trải nghiệm xem phim mượt mà và hấp dẫn."
TRÁI TIM QUÁI THÚ,CGV Crescent Mall,02/10/2026,2D Phụ Đề Việt,09:40,"Hôm nay, tôi đã có cơ hội xem suất chiếu đầu tiên của bộ phim TRÁI TIM QUÁ THÚ tại rạp chiếu CGV Crescent Mall. Tôi đã chọn giờ chiếu 09:40 và quyết định đặt vé để tận hưởng trải nghiệm chiếu phim này. Bộ phim được định dạng 2D Phụ Đề Việt, tạo nên một không khí ấm áp và thân mật cho khán giả. Tôi đã có một trải nghiệm tuyệt vời, cảm nhận được sự hứng khởi và tò mò từ khán giả xung quanh."
TRÁI TIM QUÁI THÚ,CGV Crescent Mall,02/10/2026,2D Phụ Đề Việt,11:50,"Hôm nay, tôi đã có dịp tận hưởng suất chiếu đầu tiên của bộ phim TRÁI TIM QUÁ THÚ tại CGV Crescent Mall. Phim được chiếu với định dạng 2D Phụ Đề Việt và bắt đầu chiếu vào lúc 11:50. Mặc dù chỉ là suất chiếu đầu tiên, nhưng không khí rạp đã rất sôi động và hào hứng của khán giả. Tôi hy vọng sẽ có nhiều trải nghiệm thú vị và cảm xúc với bộ phim này."
TRÁI TIM QUÁI THÚ,CGV Crescent Mall,02/10/2026,2D Phụ Đề Việt,14:00,"Tôi đã có cơ hội trải nghiệm suất chiếu ""TRÁI TIM QUÁI THÚ"" tại rạp chiếu CGV Crescent Mall vào ngày 02/10/2026. Khi bước vào rạp, tôi đã được đón đón bởi không gian rộng rãi và các phụ đề Việt được thiết kế tinh tế. Sau một hồi chờ đợi, màn chiếu đã được kích hoạt và tôi đã được chìm đắm trong thế giới phim. Cuộc cách mạng của nhân vật chính đã khiến tôi bất ngờ và kích thích. Mọi thứ đều trở nên sống động và hấp dẫn. Đây là một suất chiếu tuyệt vời mà không thể bỏ qua."
TRÁI TIM QUÁI THÚ,CGV Crescent Mall,02/10/2026,2D Phụ Đề Việt,16:10,"Hôm nay, tôi đã có dịp trải nghiệm suất chiếu ""TRÁI TIM QUÁ THÚ"" tại rạp chiếu CGV Crescent Mall. Phim được chiếu với định dạng 2D Phụ Đề Việt và giờ chiếu là 16:10. Tôi đã có một trải nghiệm thú vị và hấp dẫn trong suốt quá trình xem phim, với hình ảnh và âm thanh được tinh tế và chuyên nghiệp. Mặc dù không được biết thông tin chi tiết về nội dung phim, nhưng tôi đã cảm nhận được sự chuyên nghiệp và chất lượng của bộ phim."
TRÁI TIM QUÁI THÚ,CGV Crescent Mall,02/10/2026,2D Phụ Đề Việt,18:20,"Tôi vừa có cơ hội tham gia xem suất chiếu ""TRÁI TIM QUÁ THÚ"" tại rạp CGV Crescent Mall vào ngày 02/10/2026 và trải nghiệm thật tuyệt vời. Phim được chiếu trong định dạng 2D Phụ Đề Việt và bắt đầu từ giờ 18:20. Môi trường rạp chiếu sôi động và ấm áp tạo nên một không gian thoải mái cho khán giả thưởng thức bộ phim."
TRÁI TIM QUÁI THÚ,CGV Crescent Mall,02/10/2026,2D Phụ Đề Việt,20:30,"Ngày 02/10/2026, rạp chiếu CGV Crescent Mall đã cất cánh vào không gian thịnh vượng với sự ra mắt của phim TRÁI TIM QUÁ THÚ, một bộ phim 2D Phụ Đề Việt độc đáo và hấp dẫn. Phim đã bắt đầu chiếu tại 20:30, chờ đợi sự đồng hành của khán giả. Nếu bạn đang tìm kiếm một trải nghiệm mới mẻ và thú vị, hãy đến với suất chiếu này và khám phá thế giới đầy màu sắc của phim TRÁI TIM QUÁ THÚ."
TRÁI TIM QUÁI THÚ,CGV Crescent Mall,02/10/2026,2D Phụ Đề Việt,22:40,"Tôi vừa có dịp đến rạp CGV Crescent Mall để xem suất chiếu phim TRÁI TIM QUÁI THÚ. Phim được chiếu trong định dạng 2D Phụ Đề Việt và bắt đầu từ 22:40. Không chỉ đó, tôi cũng được tận hưởng trải nghiệm xem phim tại một trong những rạp chiếu nổi tiếng nhất. Mặc dù chỉ có thông tin về lịch chiếu, tôi vẫn cảm thấy hào hứng khi chờ đợi sự ra mắt của phim này."
ÁN MẠNG KARAOKE,CGV Crescent Mall,02/10/2026,2D Phụ Đề Anh,10:30,"Tôi vừa có cơ hội xem suất chiếu ""ÁN MẠNG KARAOKE"" tại CGV Crescent Mall vào ngày 02/10/2026 và thật sự là một trải nghiệm thú vị. Phim được chiếu với định dạng 2D Phụ Đề Anh và bắt đầu vào giờ 10:30. Mặc dù chỉ là một đêm chiếu phim, nhưng tôi đã cảm thấy được trải nghiệm một cách đầy đủ và thú vị."
ÁN MẠNG KARAOKE,CGV Crescent Mall,02/10/2026,2D Phụ Đề Anh,12:40,"Tôi vừa có cơ hội xem suất chiếu ""ÁN MẠNG KARAOKE"" tại rạp chiếu CGV Crescent Mall vào ngày 02/10/2026. Trong một buổi chiều mát mẻ, tôi đã tận hưởng bộ phim 2D Phụ Đề Anh với thời gian chiếu 12:40. Mặc dù chỉ xem một lần, nhưng tôi cảm thấy được chiêm ngưỡng sự thú vị của bộ phim này."
ÁN MẠNG KARAOKE,CGV Crescent Mall,02/10/2026,2D Phụ Đề Anh,14:50,"Hôm 02/10/2026, tôi đã có dịp được trải nghiệm suất chiếu phim ""ÁN MẠNG KARAOKE"" tại rạp chiếu CGV Crescent Mall. Vào lúc 14:50, tôi đã được ngồi vào ghế và bắt đầu tận hưởng bộ phim. Bộ phim được định dạng 2D Phụ Đề Anh, tạo nên một không khí riêng biệt và hấp dẫn. Qua trải nghiệm này, tôi đã cảm nhận được sự thú vị và hấp dẫn của bộ phim, khiến cho thời gian trôi qua nhanh chóng."
ÁN MẠNG KARAOKE,CGV Crescent Mall,02/10/2026,2D Phụ Đề Anh,17:00,"Tôi vừa có cơ hội được xem xét suất chiếu phim ÁN MẠNG KARAOKE tại CGV Crescent Mall vào ngày 02/10/2026 với giờ chiếu 17:00. Mặc dù chưa trải qua nội dung phim, nhưng không thể bỏ qua cảm giác hứng khởi và niềm mong chờ khi bước vào rạp chiếu. Phim được chiếu trong định dạng 2D Phụ Đề Anh, tạo nên không gian riêng biệt và thú vị cho trải nghiệm của khán giả."
ÁN MẠNG KARAOKE,CGV Crescent Mall,02/10/2026,2D Phụ Đề Anh,19:10,Tôi đã có cơ hội xem một suất chiếu phim ÁN MẠNG KARAOKE tại rạp chiếu CGV Crescent Mall vào ngày 02/10/2026. Sự kiện này được tổ chức với định dạng 2D Phụ Đề Anh và giờ chiếu là 19:10. Tôi có thể cảm nhận được sự sôi động và năng lượng từ khán giả khi chúng cùng nhau tận hưởng bộ phim này. Mỗi khoảnh khắc đều mang lại một trải nghiệm độc đáo và thú vị.
ÁN MẠNG KARAOKE,CGV Crescent Mall,02/10/2026,2D Phụ Đề Anh,21:20,"Ngày 02/10/2026, tôi đã có cơ hội tận hưởng trải nghiệm chiếu phim tại CGV Crescent Mall với bộ phim ÁN MẠNG KARAOKE. Sự kiện này được tổ chức vào buổi tối 21:20 dưới dạng chiếu phim 2D Phụ Đề Anh. Không khí tại rạp sôi động và đầy năng lượng, tôi đã sẵn sàng để dành thời gian để chiêm ngưỡng bộ phim này."
ÁN MẠNG KARAOKE,CGV Crescent Mall,02/10/2026,2D Phụ Đề Anh,23:30,"Hôm nay, tôi đã trải nghiệm tuyệt vời khi xem phim ÁN MẠNG KARAOKE tại CGV Crescent Mall. Phim được chiếu vào ngày 02/10/2026 với định dạng 2D Phụ Đề Anh và giờ chiếu là 23:30. Mặc dù chỉ là một đêm chiếu rạp đơn thuần, nhưng tôi đã cảm thấy như mình đang tham gia vào một không gian âm nhạc sôi động và hấp dẫn. Phim đã mang đến cho tôi một trải nghiệm thú vị và thú vị, đồng thời cũng đã tạo ra những kỷ niệm đáng nhớ."
TRÁI TIM QUÁI THÚ,CGV Crescent Mall,03/10/2026,2D Phụ Đề Việt,09:40,Tôi vừa có dịp tham dự chiếu suất chiếu mới của bộ phim TRÁI TIM QUÁI THÚ tại rạp CGV Crescent Mall và đó là trải nghiệm tuyệt vời nhất. Phim được chiếu dưới định dạng 2D Phụ Đề Việt và được lên kế hoạch cho buổi chiếu vào ngày 03/10/2026 với giờ chiếu là 09:40. Môi trường rạp chiếu yên tĩnh và ấm cúng tạo cho khán giả cảm giác thoải mái để theo dõi bộ phim.
TRÁI TIM QUÁI THÚ,CGV Crescent Mall,03/10/2026,2D Phụ Đề Việt,11:50,"Hôm nay, tôi có cơ hội được trải nghiệm suất chiếu ""TRÁI TIM QUÁ THÚ"" tại CGV Crescent Mall. Phim được chiếu với định dạng 2D Phụ Đề Việt và bắt đầu tại 11:50. Tôi đã có một trải nghiệm tuyệt vời, cảm nhận được sự phấn khích và phấn đấu của nhân vật chính trong phim. Sắp xếp lịch chiếu hợp lý cho mình, xem ""TRÁI TIM QUÁ THÚ"" là lựa chọn tuyệt vời để bắt đầu tuần mới."
TRÁI TIM QUÁI THÚ,CGV Crescent Mall,03/10/2026,2D Phụ Đề Việt,14:00,"Ngày 03/10/2026, rạp chiếu CGV Crescent Mall chính thức mang đến trải nghiệm chiếu phim ""TRÁI TIM QUÁ THÚ"" cho khán giả. Tại màn chiếu này, bạn sẽ được tận hưởng bộ phim với định dạng 2D Phụ Đề Việt và giờ chiếu đặc biệt là 14:00. Đây là dịp tuyệt vời để bạn cùng nhau chia sẻ những khoảnh khắc thú vị và cảm xúc trong bộ phim."
TRÁI TIM QUÁI THÚ,CGV Crescent Mall,03/10/2026,2D Phụ Đề Việt,16:10,"Khi bước vào rạp chiếu CGV Crescent Mall vào chiều tối, tôi đã được trải nghiệm một màn chiếu tuyệt vời với bộ phim TRÁI TIM QUÁI THÚ. Sau một ngày chiếu từ 16:10, không gian rạp đã được trang bị đầy đủ phụ đề Việt, giúp tôi cảm nhận toàn diện khát vọng và nỗi lo của nhân vật chính. Màn chiếu đã mang đến những khoảnh khắc động viên và xúc động, khiến tôi không thể rời mắt khỏi màn ảnh."
TRÁI TIM QUÁI THÚ,CGV Crescent Mall,03/10/2026,2D Phụ Đề Việt,18:20,"Tôi vừa có cơ hội xem suất chiếu TRÁI TIM QUÁI THÚ tại rạp chiếu CGV Crescent Mall vào ngày 03/10/2026. Sự kiện này mang đến một trải nghiệm độc đáo với định dạng 2D Phụ Đề Việt và giờ chiếu 18:20. Mọi người đã có mặt tại rạp, hứng khởi khi chờ phim bắt đầu. Không khí tại đây khá sôi động và hứng khởi, cho thấy sự quan tâm của khán giả đối với bộ phim này."
TRÁI TIM QUÁI THÚ,CGV Crescent Mall,03/10/2026,2D Phụ Đề Việt,20:30,"Tôi vừa trải qua một trải nghiệm thú vị khi xem suất chiếu TRÁI TIM QUÁI THÚ tại rạp CGV Crescent Mall. Trong đêm 03/10/2026, tôi đã có cơ hội tận hưởng bộ phim này trên màn ảnh lớn với định dạng 2D Phụ Đề Việt và giờ chiếu 20:30. Mở đầu với cảm giác phấn khích và hứng thú, bộ phim đã mang đến cho tôi một hành trình cảm xúc và đầy bất ngờ."
TRÁI TIM QUÁI THÚ,CGV Crescent Mall,03/10/2026,2D Phụ Đề Việt,22:40,"Hôm nay, tôi đã có cơ hội xem suất chiếu TRÁI TIM QUÁ THÚ tại CGV Crescent Mall. Phim chiếu rạp định dạng 2D Phụ Đề Việt có thời gian chiếu là 22:40, tạo không khí hấp dẫn cho buổi tối. Trong khi đó, rạp chiếu cũng sẵn sàng chào đón khán giả để trải nghiệm."
ÁN MẠNG KARAOKE,CGV Crescent Mall,03/10/2026,2D Phụ Đề Anh,10:30,"Ngày 03/10/2026, rạp CGV Crescent Mall đã trở thành nơi khán giả có cơ hội trải nghiệm movie ÁN MẠNG KARAOKE. Với định dạng 2D Phụ Đề Anh, bộ phim đã mang đến một trải nghiệm phim ảnh độc đáo và hấp dẫn. Khán giả có thể tận hưởng bộ phim tại giờ chiếu 10:30, tạo nên một không gian phim ảnh riêng tư và thú vị."
ÁN MẠNG KARAOKE,CGV Crescent Mall,03/10/2026,2D Phụ Đề Anh,12:40,"Tôi đã đến xem phim ÁN MẠNG KARAOKE tại rạp CGV Crescent Mall vào ngày 03/10/2026. Phim được chiếu trong định dạng 2D Phụ Đề Anh và diễn ra vào giờ 12:40. Sự kiện này đã mang đến cho tôi một trải nghiệm thú vị và thú vị, mặc dù tôi chưa có nhiều thông tin về nội dung phim. Phim đã thu hút sự chú ý của khán giả và tạo ra một bầu không khí sôi động tại rạp chiếu."
ÁN MẠNG KARAOKE,CGV Crescent Mall,03/10/2026,2D Phụ Đề Anh,14:50,"Hôm nay, tôi đã có cơ hội trải nghiệm suất chiếu ""ÁN MẠNG KARAOKE"" tại rạp chiếu CGV Crescent Mall. Phim đã được chiếu vào ngày 03/10/2026 với định dạng 2D Phụ Đề Anh. Tôi đã ngồi vào ghế và chờ đợi. Cuối cùng, giờ chiếu đã đến, phim bắt đầu và tôi đã được immers theo cách độc đáo, cảm giác được thổi bay vào không trung. Có lẽ đó là trải nghiệm chiếu phim tôi đã có từ lâu."
ÁN MẠNG KARAOKE,CGV Crescent Mall,03/10/2026,2D Phụ Đề Anh,17:00,"Hôm nay, tôi đã có cơ hội tham gia suất chiếu premiere của bộ phim ÁN MẠNG KARAOKE tại rạp chiếu CGV Crescent Mall. Phim được chiếu với định dạng 2D Phụ Đề Anh và bắt đầu vào giờ 17:00. Đó là một trải nghiệm thú vị và thú vị, với những khung hình sinh động và âm thanh sống động. Tôi cảm thấy mình đã bị lôi cuốn vào thế giới của bộ phim và khó có thể rời mắt khỏi màn hình."
ÁN MẠNG KARAOKE,CGV Crescent Mall,03/10/2026,2D Phụ Đề Anh,19:10,"Hôm nay, tôi đã có cơ hội được trải nghiệm suất chiếu ""ÁN MẠNG KARAOKE"" tại rạp chiếu CGV Crescent Mall. Phim được chiếu với định dạng 2D Phụ Đề Anh vào ngày 03/10/2026, ở giờ 19:10. Mặc dù không có nhiều thông tin về nội dung phim, nhưng tôi có thể cảm nhận được sự thú vị và hấp dẫn của nó. Mọi người xung quanh đều đang sôi nổi và hào hứng, tạo nên không khí vui vẻ và năng động."
ÁN MẠNG KARAOKE,CGV Crescent Mall,03/10/2026,2D Phụ Đề Anh,21:20,"Hôm nay, tôi đã có cơ hội trải nghiệm và xem suất chiếu ""ÁN MẠNG KARAOKE"" tại rạp CGV Crescent Mall. Phim được chiếu với định dạng 2D Phụ Đề Anh vào ngày 03/10/2026 vào giờ 21:20. Không khí rạp sôi động và các nhân viên rạp thân thiện tạo nên một trải nghiệm thú vị cho khán giả."
ÁN MẠNG KARAOKE,CGV Crescent Mall,03/10/2026,2D Phụ Đề Anh,23:30,"Hôm nay, tôi đã có cơ hội tham gia xem suất chiếu ""ÁN MẠNG KARAOKE"" tại rạp chiếu CGV Crescent Mall. Phim được chiếu theo định dạng 2D Phụ Đề Anh và bắt đầu tại thời gian 23:30. Tôi đã trải nghiệm những khoảnh khắc thú vị và hấp dẫn trong buổi chiếu."
TRÁI TIM QUÁI THÚ,CGV Crescent Mall,04/10/2026,2D Phụ Đề Việt,09:40,"Hôm nay, tôi đã có cơ hội trải nghiệm suất chiếu ""TRÁI TIM QUÁ THÚ"" tại rạp chiếu CGV Crescent Mall. Khi bước vào rạp, tôi nhận thấy không gian hiện đại và thoải mái. Phim được chiếu với định dạng 2D Phụ Đề Việt và thời gian bắt đầu là 09:40. Tôi đã tận hưởng thời gian xem phim trong không gian yên tĩnh và thân thiện, tạo nên một trải nghiệm thú vị và thoải mái cho bản thân."
TRÁI TIM QUÁI THÚ,CGV Crescent Mall,04/10/2026,2D Phụ Đề Việt,11:50,"Tôi đã có dịp được chứng kiến suất chiếu ""TRÁI TIM QUÁ THÚ"" tại rạp chiếu CGV Crescent Mall vào ngày 04/10/2026. Trong buổi chiếu, tôi được tận hưởng bộ phim với định dạng 2D Phụ Đề Việt. Thời gian chiếu là 11:50, tạo nên một trải nghiệm lãng mạn và đầy hấp dẫn. Với thời gian chiếu này, bộ phim đã mang đến cho tôi một trải nghiệm độc đáo và ấn tượng."
TRÁI TIM QUÁI THÚ,CGV Crescent Mall,04/10/2026,2D Phụ Đề Việt,14:00,"Tôi đã có cơ hội xem suất chiếu TRÁI TIM QUÁI THÚ tại rạp CGV Crescent Mall vào ngày 04/10/2026, với định dạng phim 2D Phụ Đề Việt và giờ chiếu 14:00. Đây là trải nghiệm thú vị, giúp tôi có thể tận hưởng nội dung phim một cách toàn diện và chính xác."
TRÁI TIM QUÁI THÚ,CGV Crescent Mall,04/10/2026,2D Phụ Đề Việt,16:10,"Tôi vừa có cơ hội xem suất chiếu phim TRÁI TIM QUÁI THÚ tại CGV Crescent Mall và thật tuyệt vời! Phim được chiếu với định dạng 2D Phụ Đề Việt và giờ chiếu 16:10. Mặc dù chỉ là một suất chiếu ngắn, nhưng tôi đã cảm nhận được sự phấn khích và hứng thú khi trải nghiệm bộ phim này."
TRÁI TIM QUÁI THÚ,CGV Crescent Mall,04/10/2026,2D Phụ Đề Việt,18:20,"Tôi vừa có cơ hội xem suất chiếu ""TRÁI TIM QUÁI THÚ"" tại CGV Crescent Mall và đó là một trải nghiệm tuyệt vời. Phim được chiếu với định dạng 2D Phụ Đề Việt và giờ chiếu là 18:20, tạo nên một không gian yên tĩnh và tập trung cho khán giả. Việc xem phim tại rạp chiếu này mang đến một trải nghiệm độc đáo và thú vị, giúp tôi cảm thấy đượcimmersion trong câu chuyện."
TRÁI TIM QUÁI THÚ,CGV Crescent Mall,04/10/2026,2D Phụ Đề Việt,20:30,"Hôm nay, tôi có cơ hội đến xem suất chiếu ""TRÁI TIM QUÁ THÚ"" tại rạp chiếu CGV Crescent Mall. Phim được chiếu với định dạng 2D Phụ Đề Việt và giờ chiếu là 20:30. Tôi cảm thấy hứng thú khi bước vào rạp chiếu và chờ đợi phim bắt đầu. Không khí trong rạp chiếu rất sôi động và khán giả đều rất hào hứng khi chờ đợi bộ phim này. Sau một thời gian chờ đợi, phim đã bắt đầu và tôi đã có thể tận hưởng khoảnh khắc đầu tiên của bộ phim này."
TRÁI TIM QUÁI THÚ,CGV Crescent Mall,04/10/2026,2D Phụ Đề Việt,22:40,"Tôi vừa có cơ hội xem suất chiếu TRÁI TIM QUÁI THÚ tại rạp chiếu CGV Crescent Mall vào ngày 04/10/2026. Thời gian chiếu là 22:40 và định dạng là 2D Phụ Đề Việt. Trải nghiệm xem phim này rất tuyệt vời, tạo cho tôi một cảm giác đặc biệt và ấn tượng."
ÁN MẠNG KARAOKE,CGV Crescent Mall,04/10/2026,2D Phụ Đề Anh,10:30,Tôi đã được mời đến xem suất chiếu phim ÁN MẠNG KARAOKE tại rạp chiếu CGV Crescent Mall vào ngày 04/10/2026. Phim được chiếu trong định dạng 2D Phụ Đề Anh và bắt đầu tại 10:30. Việc xem phim trong không gian rạp chiếu hiện đại và thú vị đã mang đến cho tôi trải nghiệm đáng nhớ.
ÁN MẠNG KARAOKE,CGV Crescent Mall,04/10/2026,2D Phụ Đề Anh,12:40,"Tôi vừa có cơ hội xem suất chiếu ""ÁN MẠNG KARAOKE"" tại rạp chiếu CGV Crescent Mall vào ngày 04/10/2026. Đây là một trải nghiệm thú vị với định dạng 2D Phụ Đề Anh, tôi được tận hưởng một giờ chiếu bắt mắt với giờ chiếu là 12:40."
ÁN MẠNG KARAOKE,CGV Crescent Mall,04/10/2026,2D Phụ Đề Anh,14:50,"Tôi đã được fortunate khi có cơ hội xem suất chiếu ""ÁN MẠNG KARAOKE"" tại rạp chiếu CGV Crescent Mall vào ngày 04/10/2026. Sự kiện này được chiếu dưới định dạng 2D Phụ Đề Anh với giờ chiếu là 14:50. Tôi đã được trải nghiệm một chiều sâu âm nhạc sống động và hấp dẫn, đưa tôi vào thế giới của nhân vật chính."
ÁN MẠNG KARAOKE,CGV Crescent Mall,04/10/2026,2D Phụ Đề Anh,17:00,"Hôm nay, tôi đã được trải nghiệm suất chiếu ÁN MẠNG KARAOKE tại CGV Crescent Mall. Khi bước vào rạp chiếu, tôi đã nhận được thông tin về ngày chiếu, giờ chiếu và định dạng của phim: 2D Phụ Đề Anh. Thời điểm 17:00 đã đến, tôi đã tìm được chỗ ngồi và bắt đầu chờ đợi. Cuối cùng, phim đã bắt đầu và tôi đã được trải nghiệm một màn chiếu phim chất lượng cao."
ÁN MẠNG KARAOKE,CGV Crescent Mall,04/10/2026,2D Phụ Đề Anh,19:10,"Hôm nay, tôi đã có cơ hội tận hưởng suất chiếu ""ÁN MẠNG KARAOKE"" tại CGV Crescent Mall. Phim được chiếu với định dạng 2D Phụ Đề Anh và bắt đầu vào lúc 19:10. Đó là một trải nghiệm tuyệt vời, với hình ảnh và âm thanh sống động cuốn hút. Tôi đã dành cả buổi chiều để chiêm ngưỡng và tận hưởng từng khoảnh khắc của phim, cảm thấy như mình đã trở thành một phần của câu chuyện."
ÁN MẠNG KARAOKE,CGV Crescent Mall,04/10/2026,2D Phụ Đề Anh,21:20,"Hôm nay, tôi đã có cơ hội tham gia xem suất chiếu ""ÁN MẠNG KARAOKE"" tại CGV Crescent Mall vào ngày 04/10/2026. Khi bước vào rạp, tôi được giới thiệu đến định dạng 2D Phụ Đề Anh và giờ chiếu là 21:20. Với bầu không khí sôi động và âm thanh sống động, tôi đã có một trải nghiệm thú vị và giải trí trong buổi chiếu."
ÁN MẠNG KARAOKE,CGV Crescent Mall,04/10/2026,2D Phụ Đề Anh,23:30,"Hôm nay, tôi đã có trải nghiệm thú vị khi xem suất chiếu ÁN MẠNG KARAOKE tại rạp chiếu CGV Crescent Mall. Phim được chiếu vào ngày 04/10/2026 với định dạng 2D Phụ Đề Anh và giờ chiếu là 23:30. Tôi đã tận hưởng không khí sôi động và âm nhạc hấp dẫn trong suốt quá trình chiếu. Mặc dù chỉ là một đêm xem phim, nhưng tôi đã có những giây phút đáng nhớ và cảm thấy vui vẻ khi cùng nhau chia sẻ trải nghiệm."
AVENGERS: HỒI KẾT - PHIÊN BẢN ĐẶC BIỆT (CHIẾU LẠI),CGV Crescent Mall,25/09/2026,2D Phụ Đề Việt,21:00,"Tôi vừa có cơ hội trải nghiệm suất chiếu ""AVENGERS: HỒI KẾT - PHIÊN BẢN ĐẶC BIỆT"" tại rạp chiếu CGV Crescent Mall vào ngày 25/09/2026. Khi bước vào rạp, không khí trở nên sôi động và phấn khích, khiến tôi không thể chờ đợi để bắt đầu hành trình phiêu lưu của mình. Phim được chiếu ở định dạng 2D Phụ Đề Việt và giờ chiếu là 21:00, tạo nên một bầu không khí ấm áp và thân mật cho khán giả."
LÊN HƯƠNG,CGV Crescent Mall,25/09/2026,2D Phụ Đề Anh,23:10,"Tôi vừa có cơ hội xem suất chiếu ""LÊN HƯƠNG"" tại rạp chiếu CGV Crescent Mall vào ngày 25/09/2026. Phim được chiếu với định dạng 2D Phụ Đề Anh và giờ chiếu là 23:10. Trải nghiệm xem phim tại rạp đã mang lại một không khí hào hứng và sôi động, tạo nên một trải nghiệm đáng nhớ cho khán giả."
TRẠI BUÔN NGƯỜI,CGV Crescent Mall,25/09/2026,2D Phụ Đề Anh,20:40,"Tôi vừa có cơ hội xem suất chiếu ""TRẠI BUÔN NGƯỜI"" tại rạp CGV Crescent Mall vào ngày 25/09/2026. Thông tin cho biết phim được chiếu theo định dạng 2D Phụ Đề Anh với giờ chiếu 20:40. Với trải nghiệm này, tôi đã được tận hưởng một đêm giải trí thú vị và đầy cảm xúc tại rạp chiếu CGV Crescent Mall."
TRẠI BUÔN NGƯỜI,CGV Crescent Mall,25/09/2026,2D Phụ Đề Anh,21:05,"Hôm nay, tôi có cơ hội được xem suất chiếu TRẠI BUÔN NGƯỜI tại CGV Crescent Mall. Tôi chọn buổi chiếu vào lúc 21:05, định dạng 2D Phụ Đề Anh. Phim được chiếu trên màn hình lớn với hình ảnh sống động và âm thanh sống động. Môi trường rạp chiếu khá đông đúc và nhiệt tình, tạo nên không khí hứng thú cho khán giả."
TRẠI BUÔN NGƯỜI,CGV Crescent Mall,25/09/2026,2D Phụ Đề Anh | Rạp Lamour,21:30,"Tôi đã trải qua một trải nghiệm tuyệt vời tại suất chiếu TRẠI BUÔN NGƯỜI tại rạp chiếu CGV Crescent Mall. Ngày 25/09/2026, tôi đã có cơ hội được chiếu phim này trong format 2D Phụ Đề Anh | Rạp Lamour vào giờ 21:30. Môi trường rạp chiếu hiện đại và phòng chiếu được thiết kế để mang đến trải nghiệm phim mượt mà và rõ ràng. Tôi cảm thấy được ngồi trong một thế giới mới, bên trong câu chuyện đầy hấp dẫn và đầy cảm xúc."
TRẠI BUÔN NGƯỜI,CGV Crescent Mall,25/09/2026,2D Phụ Đề Anh,22:00,"Ngày 25/09/2026, rạp chiếu CGV Crescent Mall đã trở thành điểm đến lý tưởng cho những người yêu thích phim hoạt hình. Trong đêm chiếu, khán giả đã được chào đón bởi bộ phim TRẠI BUÔN NGƯỜI với định dạng 2D Phụ Đề Anh, tạo nên một trải nghiệm thú vị và hấp dẫn. Phim đã được chiếu vào giờ 22:00, mang đến cho khán giả một giây phút thư giãn và giải trí tuyệt vời."
TRẠI BUÔN NGƯỜI,CGV Crescent Mall,25/09/2026,2D Phụ Đề Anh | Rạp Cine & Living Room,22:30,"Hôm nay, tôi đã có cơ hội trải nghiệm suất chiếu TRẠI BUÔN NGƯỜI tại CGV Crescent Mall. Phim được chiếu với định dạng 2D Phụ Đề Anh và được dự kiến chiếu vào lúc 22:30. Mặc dù tôi không phải là fan của thể loại phim này, nhưng tôi cảm thấy rằng suất chiếu này đã mang đến cho tôi một trải nghiệm thú vị và đáng nhớ."
TRẠI BUÔN NGƯỜI,CGV Crescent Mall,25/09/2026,2D Phụ Đề Anh,23:00,"Tôi vừa có cơ hội trải nghiệm suất chiếu phim TRẠI BUÔN NGƯỜI tại CGV Crescent Mall vào đêm 25/09/2026 và thật sự không thể quên được cảm giác sôi động và đầy sức hút khi được ngồi vào ghế và hòa mình vào thế giới của bộ phim. Phim đã được chiếu dưới định dạng 2D Phụ Đề Anh với thời gian chiếu là 23:00, tạo ra một không gian riêng tư và tập trung cho khán giả. Mỗi khung hình đều cuốn hút, mang đến cho tôi một trải nghiệm phim ảnh tuyệt vời."
TRẠI BUÔN NGƯỜI,CGV Crescent Mall,25/09/2026,2D Phụ Đề Anh,23:20,"Tôi vừa có dịp được trải nghiệm suất chiếu TRẠI BUÔN NGƯỜI tại rạp CGV Crescent Mall vào ngày 25/09/2026. Phim được chiếu theo định dạng 2D Phụ Đề Anh với giờ chiếu là 23:20. Trong khi chờ đợi, không khí rạp dần sôi động, cuối cùng cũng được đưa vào khán đài để trải nghiệm những khoảnh khắc hấp dẫn."
VÙNG ĐẤT QUỶ DỮ,CGV Crescent Mall,25/09/2026,2D Phụ Đề Việt,23:40,"Tôi vừa xem suất chiếu ""VÙNG ĐẤT QUỶ DỮ"" tại rạp chiếu CGV Crescent Mall và đó là một trải nghiệm tuyệt vời! Phim được chiếu dưới định dạng 2D Phụ Đề Việt, mang lại trải nghiệm xem phim đặc biệt và ấn tượng. Với thời gian chiếu là 23:40, tôi đã được tận hưởng từng khoảnh khắc trong bộ phim. Mặc dù là một trải nghiệm mô phỏng, nhưng tôi vẫn cảm thấy như mình đã được chinh phục bầu trời cùng nhân vật chính của phim."
AVENGERS: HỒI KẾT - PHIÊN BẢN ĐẶC BIỆT (CHIẾU LẠI),CGV Crescent Mall,26/09/2026,2D Phụ Đề Việt,10:40,Tôi vừa có cơ hội xem suất chiếu AVENGERS: HỒI KẾT - PHIÊN BẢN ĐẶC BIỆT tại rạp chiếu CGV Crescent Mall và trải nghiệm thật tuyệt vời. Phim được chiếu ở định dạng 2D Phụ Đề Việt và bắt đầu vào lúc 10:40. Sự kết thúc đầy sự hồi hộp và phiêu lưu của siêu nhân vật đã khiến tôi không thể rời mắt. Sự cân bằng giữa hành động và cảm xúc trong phim đã tạo nên một trải nghiệm thú vị và hấp dẫn cho khán giả.
AVENGERS: HỒI KẾT - PHIÊN BẢN ĐẶC BIỆT (CHIẾU LẠI),CGV Crescent Mall,26/09/2026,2D Phụ Đề Việt,12:50,"Hôm nay, tôi đã có cơ hội được trải nghiệm suất chiếu ""AVENGERS: HỒI KẾT - PHIÊN BẢN ĐẶC BIỆT"" tại CGV Crescent Mall. Khi bước vào rạp chiếu, tôi đã cảm nhận được bầu không khí sôi động và hào hứng từ hàng nghìn khán giả khác đang cùng chia sẻ niềm mong đợi. Thời gian 12:50 đã được chờ đợi, và khi phim phát hành, tôi đã cùng mọi người cùng chia sẻ những khoảnh khắc tuyệt vời của bộ phim."
AVENGERS: HỒI KẾT - PHIÊN BẢN ĐẶC BIỆT (CHIẾU LẠI),CGV Crescent Mall,26/09/2026,2D Phụ Đề Việt | Rạp Lamour,15:30,"Tôi vừa xem được suất chiếu AVENGERS: HỒI KẾT - PHIÊN BẢN ĐẶC BIỆT tại rạp CGV Crescent Mall. Chiều nay lúc 15:30, rạp đầy người ập đến xem phim này. Không khí rộn ràng với sự tò mò và mong chờ của khán giả. Sân rạp được trang bị 2D Phụ Đề Việt và Rạp Lamour, tạo cho trải nghiệm xem phim trở nên ấm áp và gần gũi hơn."
AVENGERS: HỒI KẾT - PHIÊN BẢN ĐẶC BIỆT (CHIẾU LẠI),CGV Crescent Mall,26/09/2026,2D Phụ Đề Việt,18:00,"Hôm nay, tôi đã có cơ hội tham gia vào một trải nghiệm tuyệt vời khi xem suất chiếu ""AVENGERS: HỒI KẾT - PHIÊN BẢN ĐẶC BIỆT"" tại rạp chiếu CGV Crescent Mall. Thông tin cho rằng đây là phiên bản đặc biệt, tôi đã sẵn sàng để trải nghiệm hành trình phiêu lưu của Avengers trong một đêm 26/09/2026. Trong thời gian 1h 30 phút, tôi đã được đưa vào thế giới huyền bí và đầy phiêu lưu của phim, cùng với hàng nghìn khán giả khác tại rạp chiếu sôi động."
CHIIKAWA: BÍ MẬT ĐẢO NGƯỜI CÁ,CGV Crescent Mall,26/09/2026,2D Phụ Đề Anh & Việt,13:30,"Hôm nay, tôi đã có cơ hội xem suất chiếu ""CHIIKAWA: BÍ MẬT ĐẢO NGƯỜI CÁ"" tại rạp chiếu CGV Crescent Mall và thật sự là một trải nghiệm tuyệt vời! Phim được chiếu với định dạng 2D Phụ Đề Anh & Việt, tạo nên một không gian giải trí đa dạng và hấp dẫn. Tôi đã chọn thời điểm 13:30 để xem phim và cảm thấy may mắn khi có chỗ ngồi tốt. Với sự chuẩn bị đầy đủ về đồ ăn và nước, tôi đã có một trải nghiệm xem phim thoải mái và tận hưởng."
HÒN ĐẢO QUÊN LÃNG,CGV Crescent Mall,26/09/2026,2D Lồng Tiếng Việt,19:50,"Tôi đã có cơ hội xem một suất chiếu mới của phim HÒN ĐẢO QUÊN LÃNG tại CGV Crescent Mall vào ngày 26/09/2026. Khi bước vào rạp, không khí đã rất sôi động và hào hứng. Phim được chiếu với định dạng 2D lồng tiếng Việt và giờ chiếu 19:50. Tôi đã có trải nghiệm tuyệt vời, được tham gia vào hành trình phiêu lưu đầy những khoảnh khắc đầy cảm xúc. Mỗi khung hình đều mang đến một cảm giác mới, làm tôi không thể rời mắt."
LAPUTA: LÂU ĐÀI TRÊN KHÔNG,CGV Crescent Mall,26/09/2026,2D Lồng Tiếng Việt,10:15,"Khi bước vào rạp chiếu CGV Crescent Mall vào chiều 26/9, không khí trong rạp đã được lấp lánh bởi sự thú vị của bộ phim LAPUTA: LÂU ĐÀI TRÊN KHÔNG. Với định dạng 2D lồng tiếng Việt và giờ chiếu 10:15, khán giả đã sẵn sàng để theo dõi hành trình phiêu lưu trên không. Mọi người ngồi trong rạp đều đã được hấp dẫn bởi sự kỳ lạ và phiêu lưu của bộ phim, và giờ đây, họ đã sẵn sàng để trải nghiệm và chia sẻ cảm xúc của mình."
LAPUTA: LÂU ĐÀI TRÊN KHÔNG,CGV Crescent Mall,26/09/2026,2D Phụ Đề Việt,12:30,"Tôi đã có cơ hội tham gia xem suất chiếu LAPUTA: LÂU ĐÀI TRÊN KHÔNG tại CGV Crescent Mall vào ngày 26/09/2026. Phim được chiếu trong định dạng 2D Phụ Đề Việt và bắt đầu ở giờ 12:30. Sự kết hợp giữa hình ảnh và âm thanh tạo nên một trải nghiệm hấp dẫn, giúp tôi được tận hưởng thế giới của phim một cách toàn diện."
LAPUTA: LÂU ĐÀI TRÊN KHÔNG,CGV Crescent Mall,26/09/2026,2D Lồng Tiếng Việt,17:10,"Hôm nay, tôi đã có cơ hội trải nghiệm suất chiếu LAPUTA: LÂU ĐÀI TRÊN KHÔNG tại rạp CGV Crescent Mall. Phim được chiếu vào ngày 26/09/2026 với định dạng 2D lồng tiếng Việt và giờ chiếu là 17:10. Tôi đã dành thời gian để xem phim và cảm thấy rằng trải nghiệm này thật sự không thể quên."
LÊN HƯƠNG,CGV Crescent Mall,26/09/2026,2D Phụ Đề Anh,10:30,"Tôi vừa có cơ hội xem suất chiếu ""LÊN HƯƠNG"" tại rạp CGV Crescent Mall và trải nghiệm thật tuyệt vời! Phim được chiếu ở định dạng 2D Phụ Đề Anh và giờ chiếu 10:30 là một lựa chọn hoàn hảo cho cả gia đình và những người yêu thích phim hoạt hình. Môi trường rạp chiếu sạch sẽ, đồng thời khán giả đông vui và hứng thú trong suốt bộ phim."
LÊN HƯƠNG,CGV Crescent Mall,26/09/2026,2D Phụ Đề Anh,13:00,"Tôi đã có cơ hội xem suất chiếu ""LÊN HƯƠNG"" tại CGV Crescent Mall vào ngày 26/09/2026. Đây là một trải nghiệm thú vị với định dạng 2D Phụ Đề Anh, giúp tôi cảm nhận được không khí hấp dẫn của bộ phim. Khi chiếu bắt đầu vào 13:00, không gian rạp đã rất đông đúc và náo nhiệt. Tôi đã có cơ hội tận hưởng từng khoảnh khắc của bộ phim, cảm nhận được sự thú vị và hấp dẫn từ những phụ đề tiếng Anh."
LÊN HƯƠNG,CGV Crescent Mall,26/09/2026,2D Phụ Đề Anh,18:00,"Tôi vừa có cơ hội xem suất chiếu ""LÊN HƯƠNG"" tại rạp chiếu CGV Crescent Mall và trải nghiệm thật tuyệt vời. Phim được chiếu dưới định dạng 2D Phụ Đề Anh với thời gian chiếu là 18:00 vào ngày 26/09/2026. Môi trường rạp chiếu được trang bị đầy đủ để khán giả có thể tận hưởng trải nghiệm chiếu phim hoàn hảo."
LÊN HƯƠNG,CGV Crescent Mall,26/09/2026,2D Phụ Đề Anh,20:30,"Tôi vừa có trải nghiệm tuyệt vời tại suất chiếu phim ""LÊN HƯƠNG"" tại rạp chiếu CGV Crescent Mall. Tháng 9 năm 2026, tôi có dịp tận hưởng bộ phim 2D Phụ Đề Anh này vào buổi tối thứ Sáu 20:30 tại rạp. Với định dạng 2D và chất lượng ảnh đẹp, bộ phim đã mang đến cho tôi một sự trải nghiệm sống động và hấp dẫn. Tôi rất vui khi được tận hưởng phần thưởng điện ảnh này."
LÊN HƯƠNG,CGV Crescent Mall,26/09/2026,2D Phụ Đề Anh,23:10,"Tôi vừa có cơ hội xem LÊN HƯƠNG tại rạp chiếu CGV Crescent Mall và đó là trải nghiệm tuyệt vời nhất! Phim được chiếu với định dạng 2D Phụ Đề Anh và giờ chiếu 23:10 khiến tôi không thể chờ đợi hơn. Mỗi giây đều trôi qua nhanh chóng, đưa tôi vào thế giới phiêu lưu đầy hấp dẫn của bộ phim. Sự kết hợp hoàn hảo giữa hình ảnh và âm thanh đã mang đến cho tôi trải nghiệm xem phim tuyệt vời nhất."
MARNIE YÊU DẤU,CGV Crescent Mall,26/09/2026,2D Phụ Đề Việt,10:20,"Tôi vừa có dịp xem suất chiếu phim ""MARNIE YÊU DẤU"" tại rạp chiếu CGV Crescent Mall vào ngày 26/09/2026 và trải nghiệm thật tuyệt vời! Phim được chiếu với định dạng 2D Phụ Đề Việt, giúp tôi dễ dàng theo dõi và tận hưởng nội dung phim. Giờ chiếu 10:20 là lựa chọn hoàn hảo của tôi, tạo nên không gian yên tĩnh và thoải mái cho trải nghiệm xem phim."
MARNIE YÊU DẤU,CGV Crescent Mall,26/09/2026,2D Phụ Đề Việt,15:00,"Tôi vừa có trải nghiệm tuyệt vời tại suất chiếu phim MARNIE YÊU DẤU tại CGV Crescent Mall vào ngày 26/09/2026. Khi bước vào rạp chiếu, không khí đã rất sôi động và hứng khởi. Tôi đã chọn buổi chiều 15:00, và giờ chiếu đúng như lịch chiếu, tạo cảm giác thoải mái và dễ chịu. Phim được định dạng 2D Phụ Đề Việt, giúp tôi dễ dàng theo dõi và hiểu rõ hơn về câu chuyện."
TRẠI BUÔN NGƯỜI,CGV Crescent Mall,26/09/2026,2D Phụ Đề Anh,09:30,"Tôi vừa có cơ hội trải nghiệm suất chiếu ""TRẠI BUÔN NGƯỜI"" tại rạp CGV Crescent Mall. Thứ sáng 26/09/2026, tôi đã có buổi chiếu phim này và có thể nói rằng trải nghiệm của tôi thật tuyệt vời. Phim được chiếu với định dạng 2D Phụ Đề Anh và giờ chiếu là 09:30. Trong suốt thời gian xem phim, tôi cảm thấy mình được immers trong thế giới phim và hoàn toàn bị cuốn hút. Trải nghiệm này thực sự là một trải nghiệm tuyệt vời dành cho bất kỳ ai là fan phim."
TRẠI BUÔN NGƯỜI,CGV Crescent Mall,26/09/2026,2D Phụ Đề Anh | Rạp Lamour,10:10,"Tôi vừa có cơ hội xem suất chiếu ""TRẠI BUÔN NGƯỜI"" tại rạp CGV Crescent Mall và đó là một trải nghiệm tuyệt vời. Phim được chiếu trên màn hình 2D với phụ đề Anh, tạo cho tôi một cảm giác gần gũi hơn với bộ phim. Thời gian chiếu của tôi là 10:10 tối, một thời điểm lý tưởng để thư giãn và tận hưởng cuộc phiêu lưu này."
TRẠI BUÔN NGƯỜI,CGV Crescent Mall,26/09/2026,2D Phụ Đề Anh,10:50,"Tôi vừa có dịp đến rạp CGV Crescent Mall để xem suất chiếu TRẠI BUÔN NGƯỜI và trải nghiệm là thật tuyệt vời. Phim được chiếu vào ngày 26/09/2026 với định dạng 2D Phụ Đề Anh và giờ chiếu là 10:50. Không khí trong rạp rất sôi động và mọi người đều rất hào hứng khi được dự chiếu phim này. Tôi cảm thấy thoải mái và hứng thú khi xem phim, và tôi tin rằng mọi người cũng sẽ có những trải nghiệm tương tự."
TRẠI BUÔN NGƯỜI,CGV Crescent Mall,26/09/2026,2D Phụ Đề Anh | Rạp Cine & Living Room,11:40,"Khi bước vào rạp CGV Crescent Mall vào ngày 26/9/2026, tôi đã có cơ hội trải nghiệm suất chiếu đặc biệt của bộ phim TRẠI BUÔN NGƯỜI. Với định dạng 2D Phụ Đề Anh | Rạp Cine & Living Room và giờ chiếu 11:40, không khí rạp đã trở nên hấp dẫn và ấm áp. Tôi đã sẵn sàng để được giải trí và tham gia vào thế giới phim ảnh của bộ phim này."
TRẠI BUÔN NGƯỜI,CGV Crescent Mall,26/09/2026,2D Phụ Đề Anh,12:10,"Hôm nay, tôi đã có cơ hội xem suất chiếu TRẠI BUÔN NGƯỜI tại rạp chiếu CGV Crescent Mall. Phim được chiếu với định dạng 2D Phụ Đề Anh và thời gian chiếu là 12:10. Mô phỏng trải nghiệm xem phim, tôi cảm thấy mình đã được tham gia vào một thế giới mới mẻ và đầy thú vị. Mỗi khoảnh khắc đều mang lại cho tôi một cảm xúc mới, khiến tôi không thể rời mắt khỏi màn hình."
TRẠI BUÔN NGƯỜI,CGV Crescent Mall,26/09/2026,2D Phụ Đề Anh | Rạp Lamour,12:45,"Tôi vừa có cơ hội xem suất chiếu ""TRẠI BUÔN NGƯỜI"" tại CGV Crescent Mall vào ngày 26/09/2026 và đó là một trải nghiệm tuyệt vời. Phim được chiếu với định dạng 2D Phụ Đề Anh | Rạp Lamour và bắt đầu từ 12:45, tạo không gian yên tĩnh cho khán giả. Mặc dù chỉ biết thông tin cơ bản về phim, tôi đã được trải nghiệm một lần tuyệt vời, mặc dù không biết nội dung phim cụ thể."
TRẠI BUÔN NGƯỜI,CGV Crescent Mall,26/09/2026,2D Phụ Đề Anh | Rạp Cine & Living Room,14:20,"Tôi vừa có cơ hội xem suất chiếu TRẠI BUÔN NGƯỜI tại rạp CGV Crescent Mall vào ngày 26/09/2026. Phim được chiếu với định dạng 2D Phụ Đề Anh, tạo không gian riêng tư và thoải mái cho khán giả. Tôi đã chọn thời điểm 14:20 để tham gia và cảm thấy được tận hưởng một trải nghiệm phim độc đáo tại rạp."
TRẠI BUÔN NGƯỜI,CGV Crescent Mall,26/09/2026,2D Phụ Đề Anh,14:50,"Tôi vừa có cơ hội xem suất chiếu TRẠI BUÔN NGƯỜI tại rạp CGV Crescent Mall vào ngày 26/09/2026. Sự kiện này được tổ chức dưới định dạng 2D Phụ Đề Anh và bắt đầu chiếu ở giờ 14:50. Đó là một trải nghiệm thú vị và được tổ chức một cách chuyên nghiệp, mang đến cho tôi những trải nghiệm tuyệt vời về phim truyện."
TRẠI BUÔN NGƯỜI,CGV Crescent Mall,26/09/2026,2D Phụ Đề Anh,15:15,"Tôi đã có cơ hội trải nghiệm suất chiếu TRẠI BUÔN NGƯỜI tại rạp CGV Crescent Mall vào ngày 26/09/2026. Sự kiện được tổ chức theo định dạng 2D Phụ Đề Anh với giờ chiếu là 15:15. Không khí rạp sôi động khi khán giả tập trung để đón nhận bộ phim mới. Tôi đã được tận hưởng màn hình rộng và âm thanh sống động, tạo nên một trải nghiệm xem phim tuyệt vời."
TRẠI BUÔN NGƯỜI,CGV Crescent Mall,26/09/2026,2D Phụ Đề Anh,15:40,"Tôi đã có cơ hội xem suất chiếu ""TRẠI BUÔN NGƯỜI"" tại rạp chiếu CGV Crescent Mall vào ngày 26/09/2026. Trong buổi chiếu, tôi đã trải nghiệm trải nghiệm đầy hấp dẫn với định dạng 2D Phụ Đề Anh và giờ chiếu là 15:40. Mọi thứ đã được thiết kế để mang đến trải nghiệm tuyệt vời cho khán giả."
TRẠI BUÔN NGƯỜI,CGV Crescent Mall,26/09/2026,2D Phụ Đề Anh,16:30,"Tôi đã có cơ hội xem suất chiếu ""TRẠI BUÔN NGƯỜI"" tại rạp chiếu CGV Crescent Mall vào ngày 26/09/2026. Khi bước vào phòng chiếu, tôi được trải nghiệm một màn chiếu 2D Phụ Đề Anh chất lượng cao với giờ chiếu là 16:30. Phim đã mang đến cho tôi một không gian giải trí tuyệt vời và trải nghiệm thị giác ấn tượng."
TRẠI BUÔN NGƯỜI,CGV Crescent Mall,26/09/2026,2D Phụ Đề Anh | Rạp Cine & Living Room,17:00,"Tôi vừa có cơ hội xem chiếu bộ phim TRẠI BUÔN NGƯỜI tại rạp CGV Crescent Mall và trải nghiệm thật tuyệt vời. Phim được chiếu với định dạng 2D Phụ Đề Anh, mang đến một trải nghiệm xem phim độc đáo và hấp dẫn. Tôi đã chọn chiếu phim vào buổi chiều 17:00, tạo nên một không gian thoải mái và yên tĩnh."
TRẠI BUÔN NGƯỜI,CGV Crescent Mall,26/09/2026,2D Phụ Đề Anh,17:30,"Tôi vừa có cơ hội xem suất chiếu ""TRẠI BUÔN NGƯỜI"" tại CGV Crescent Mall vào ngày 26/09/2026. Khi bước vào rạp chiếu, không khí đã được tạo nên một bầu không khí hào hứng và phấn khích. Sau khi tìm chỗ ngồi, tôi đã được trải nghiệm một bộ phim 2D Phụ Đề Anh với giờ chiếu là 17:30, tạo nên một khoảnh khắc tuyệt vời và đầy cảm xúc."
TRẠI BUÔN NGƯỜI,CGV Crescent Mall,26/09/2026,2D Phụ Đề Anh,18:20,"Hôm nay, tôi đã có cơ hội được trải nghiệm suất chiếu ""TRẠI BUÔN NGƯỜI"" tại CGV Crescent Mall. Phim đã được chiếu theo định dạng 2D Phụ Đề Anh và tôi đã có thể tận hưởng sự thú vị của nó. Sắp xếp giờ 18:20 đã giúp tôi có một trải nghiệm hoàn hảo, không bị gián đoạn. Overall, tôi rất hài lòng với trải nghiệm này và sẽ không quên đi nó."
TRẠI BUÔN NGƯỜI,CGV Crescent Mall,26/09/2026,2D Phụ Đề Anh | Rạp Lamour,19:10,"Trong tối 26/09/2026, tại rạp chiếu CGV Crescent Mall, tôi đã có cơ hội tận hưởng sự lãng mạn và hứng thú của bộ phim TRẠI BUÔN NGƯỜI. Với định dạng 2D Phụ Đề Anh | Rạp Lamour, bộ phim được chiếu vào thời điểm 19:10, mang đến cho khán giả một trải nghiệm hấp dẫn và thú vị. Tôi đã có dịp tận hưởng khung hình màu sắc sống động và âm thanh sống động của phim, tạo nên một cảm giác hứng thú và tham gia."
TRẠI BUÔN NGƯỜI,CGV Crescent Mall,26/09/2026,2D Phụ Đề Anh | Rạp Cine & Living Room,19:40,"Tôi đã có cơ hội tham gia xem suất chiếu TRẠI BUÔN NGƯỜI tại rạp chiếu CGV Crescent Mall vào ngày 26/09/2026. Khi bước vào rạp, tôi được phục vụ bởi một đội ngũ nhân viên nhiệt tình và thân thiện. Sau một chút chờ đợi, tôi đã có chỗ ngồi và bắt đầu trải nghiệm phim. Bộ phim được chiếu với chất lượng 2D Phụ Đề Anh, tạo nên một không khí thư giãn và thoải mái. Thời gian chiếu của tôi là 19:40, giúp tôi có một chiều sâu cảm xúc đầy đủ và thú vị."
TRẠI BUÔN NGƯỜI,CGV Crescent Mall,26/09/2026,2D Phụ Đề Anh,20:10,"Ngày 26/09/2026, rạp CGV Crescent Mall chào đón khán giả đến xem suất chiếu TRẠI BUÔN NGƯỜI với định dạng 2D Phụ Đề Anh tại giờ 20:10. Đó là một trải nghiệm thú vị để thưởng thức bộ phim truyện này cùng hàng nghìn bạn cùng yêu thích."
TRẠI BUÔN NGƯỜI,CGV Crescent Mall,26/09/2026,2D Phụ Đề Anh,20:50,"Trong đêm 26/09/2026, khán giả tại CGV Crescent Mall có cơ hội được trải nghiệm suất chiếu độc quyền của phim TRẠI BUÔN NGƯỜI. Với định dạng 2D Phụ Đề Anh, suất chiếu này mang đến một trải nghiệm tuyệt vời với hình ảnh và âm thanh sống động. Khi bước vào rạp, khán giả được chào đón vào thế giới phim ảnh, cùng nhau chia sẻ những khoảnh khắc cảm động và phiêu lưu trong phim."
TRẠI BUÔN NGƯỜI,CGV Crescent Mall,26/09/2026,2D Phụ Đề Anh,21:30,"Ngày 26/09/2026, CGV Crescent Mall trở thành nơi xảy ra sự kiện phim ""TRẠI BUÔN NGƯỜI"" mang định dạng 2D Phụ Đề Anh. Khi tôi bước vào rạp chiếu vào thời điểm 21:30, không khí trở nên sôi động và tấp nập. Khán giả đã sẵn sàng để trải nghiệm những khoảnh khắc tuyệt vời trong phim. Mỗi khung hình đều mang đến một sự kích thích mới, khiến tôi không thể rời mắt khỏi màn hình. Trong suốt thời gian chiếu, tôi cảm nhận được sự hấp dẫn và sự gắn kết của bộ phim với khán giả."
TRẠI BUÔN NGƯỜI,CGV Crescent Mall,26/09/2026,2D Phụ Đề Anh | Rạp Lamour,22:00,"Hôm nay, tôi đã có cơ hội trải nghiệm một đêm chiếu phim tuyệt vời tại CGV Crescent Mall với bộ phim ""TRẠI BUÔN NGƯỜI"". Khi tôi vào rạp, tôi đã được đặt vào ghế 2D Phụ Đề Anh | Rạp Lamour và chuẩn bị sẵn sàng cho một đêm chiếu phim đầy thú vị. Thời gian chiếu phim đã bắt đầu vào lúc 22:00, và tôi đã dành toàn bộ sự chú ý của mình để tận hưởng khoảnh khắc này."
TRẠI BUÔN NGƯỜI,CGV Crescent Mall,26/09/2026,2D Phụ Đề Anh | Rạp Cine & Living Room,22:30,"Khi bước vào rạp CGV Crescent Mall vào đêm 26/09/2026, tôi đã cảm nhận được không khí sôi động và hứng thú của khán giả đang chuẩn bị để cùng nhau khám phá một đêm chiếu phim tuyệt vời. Phim TRẠI BUÔN NGƯỜI đã bắt đầu tại thời điểm 22:30, và tất cả đều đã sẵn sàng để để được chinh phục bởi những cảnh phim tuyệt đẹp, kể về một thế giới đầy màu sắc và cảm xúc."
TRẠI BUÔN NGƯỜI,CGV Crescent Mall,26/09/2026,2D Phụ Đề Anh,23:00,"Tôi đã có cơ hội xem suất chiếu TRẠI BUÔN NGƯỜI tại rạp chiếu CGV Crescent Mall vào ngày 26/09/2026. Đây là một trải nghiệm tuyệt vời với định dạng 2D Phụ Đề Anh và giờ chiếu là 23:00. Mặc dù chỉ là dữ liệu mô phỏng, nhưng đã tạo ra một cảm giác như đang ngồi trong một không gian phim ảnh hiện đại và thú vị."
TRẠI BUÔN NGƯỜI,CGV Crescent Mall,26/09/2026,2D Phụ Đề Anh,23:20,"Tôi vừa có cơ hội xem suất chiếu ""TRẠI BUÔN NGƯỜI"" tại rạp CGV Crescent Mall vào đêm 26/09/2026. Đây là một trải nghiệm tuyệt vời khi được tận hưởng bộ phim 2D Phụ Đề Anh trong một không gian rạp chiếu sang trọng. Thời gian chiếu diễn ra vào lúc 23:20 và tôi cảm thấy mình đã được đưa vào một thế giới mới và đầy hấp dẫn."
VÙNG ĐẤT QUỶ DỮ,CGV Crescent Mall,26/09/2026,2D Phụ Đề Việt,14:00,"Tôi đã tham gia xem suất chiếu ""VÙNG ĐẤT QUỶ DỮ"" tại CGV Crescent Mall vào ngày 26/09/2026. Phim được chiếu trong định dạng 2D Phụ Đề Việt và giờ chiếu là 14:00. Môi trường chiếu rạp ấm cúng và thoải mái, khán giả có thể tận hưởng bộ phim với chất lượng tốt."
VÙNG ĐẤT QUỶ DỮ,CGV Crescent Mall,26/09/2026,2D Phụ Đề Việt,16:00,"Tôi vừa có cơ hội trải nghiệm suất chiếu phim VÙNG ĐẤT QUỶ DỮ tại rạp chiếu CGV Crescent Mall. Phim được chiếu với định dạng 2D Phụ Đề Việt và giờ chiếu là 16:00. Sự kiện chiếu phim diễn ra vào ngày 26/09/2026, tạo không khí hào hứng cho những người yêu phim. Tôi mong chờ được thưởng thức trải nghiệm chiếu phim này."
VÙNG ĐẤT QUỶ DỮ,CGV Crescent Mall,26/09/2026,2D Phụ Đề Việt,19:20,"Hôm nay, tôi đã có cơ hội được trải nghiệm suất chiếu ""VÙNG ĐẤT QUỢ DỮ"" tại rạp chiếu CGV Crescent Mall. Phim chiếu rạng sáng 26/09/2026 với định dạng 2D Phụ Đề Việt đã mang đến cho khán giả một không gian sống thực tế và đầy cảm xúc. Tôi đã chọn giờ chiếu 19:20 và cảm thấy sự thư giãn khi xem phim trong không gian ấm cúng của rạp chiếu. Đây là một trải nghiệm tuyệt vời cho những người yêu thích phim và muốn cảm nhận sự chân thực của công thức kinh điển."
VÙNG ĐẤT QUỶ DỮ,CGV Crescent Mall,26/09/2026,2D Phụ Đề Việt,22:10,"Hôm nay, tôi đã có cơ hội được trải nghiệm suất chiếu mới của bộ phim ""VÙNG ĐẤT QUỶ DỮ"" tại rạp chiếu CGV Crescent Mall. Phim đã được chiếu với định dạng 2D Phụ Đề Việt và giờ chiếu là 22:10. Khi bước vào rạp, không khí đầy sự phấn khích và hứng thú. Bộ phim đã mang đến cho tôi một trải nghiệm hấp dẫn và thú vị, tôi chắc chắn sẽ trở lại xem lại bộ phim này."
VÙNG ĐẤT QUỶ DỮ,CGV Crescent Mall,26/09/2026,2D Phụ Đề Việt,23:35,"Hôm nay, tôi có cơ hội xem suất chiếu phim ""VÙNG ĐẤT QUỶ DỮ"" tại CGV Crescent Mall. Phim được chiếu vào ngày 26/09/2026 với thời gian 23:35 và định dạng 2D Phụ Đề Việt. Mặc dù chỉ xem một lần, nhưng tôi đã cảm nhận được sự hấp dẫn và thú vị của bộ phim này. Tôi sẽ nhớ mãi về trải nghiệm xem phim này."
ÚT LAN 2,CGV Crescent Mall,26/09/2026,2D Phụ Đề Anh | Rạp Cine & Living Room,09:20,"Hôm nay, tôi đã có cơ hội xem suất chiếu phim ÚT LAN 2 tại rạp chiếu CGV Crescent Mall. Phim được chiếu dưới định dạng 2D Phụ Đề Anh, tạo nên một trải nghiệm giải trí hấp dẫn. Tôi đã chọn buổi chiếu sáng sớm, 09:20, và đã có một khoảng thời gian thư giãn tuyệt vời cùng với bản thân tại phòng chiếu. Mình rất mong chờ đến lần chiếu tiếp theo để trải nghiệm thêm."
ÚT LAN 2,CGV Crescent Mall,26/09/2026,2D Phụ Đề Anh,21:20,"Tôi vừa bước vào rạp chiếu CGV Crescent Mall và được chào đón bởi màn ảnh lớn. Phim ""ÚT LAN 2"" đã bắt đầu chiếu và tôi không thể chờ đợi nữa. Tôi chọn ghế ngồi thoải mái và chờ đợi khi phim bắt đầu. Giờ chiếu 21:20 đã đến, tôi đã sẵn sàng để tận hưởng trải nghiệm chiếu phim này."
AVENGERS: HỒI KẾT - PHIÊN BẢN ĐẶC BIỆT (CHIẾU LẠI),CGV Crescent Mall,27/09/2026,2D Phụ Đề Việt | Rạp Lamour,11:40,"Tôi vừa có trải nghiệm tuyệt vời tại rạp chiếu CGV Crescent Mall khi xem suất chiếu AVENGERS: HỒI KẾT - PHIÊN BẢN ĐẶC BIỆT. Phim đã bắt đầu tại 11:40 và được định dạng 2D Phụ Đề Việt | Rạp Lamour. Đây là một trải nghiệm tuyệt vời, mang lại cảm giác được khép kín và dễ dàng theo dõi. Phim đã gây ấn tượng mạnh mẽ và tôi đã cảm thấy như đang trải qua một cuộc phiêu lưu tuyệt vời."
AVENGERS: HỒI KẾT - PHIÊN BẢN ĐẶC BIỆT (CHIẾU LẠI),CGV Crescent Mall,27/09/2026,2D Phụ Đề Việt,12:50,"Tôi vừa có cơ hội trải nghiệm suất chiếu AVENGERS: HỒI KẾT - PHIÊN BẢN ĐẶC BIỆT tại rạp chiếu CGV Crescent Mall và đó thực sự là một trải nghiệm tuyệt vời! Phim đã ra mắt vào ngày 27/09/2026 với giờ chiếu 12:50. Tôi đã chọn định dạng 2D Phụ Đề Việt và cảm thấy được trải nghiệm một cách đầy đủ. Mọi thứ đã được chuẩn bị kỹ lưỡng, tạo ra một không gian phim ảnh tuyệt vời."
AVENGERS: HỒI KẾT - PHIÊN BẢN ĐẶC BIỆT (CHIẾU LẠI),CGV Crescent Mall,27/09/2026,2D Phụ Đề Việt | Rạp Lamour,15:10,"Hôm nay, tôi có cơ hội xem suất chiếu ""AVENGERS: HỒI KẾT - PHIÊN BẢN ĐẶC BIỆT"" tại rạp chiếu CGV Crescent Mall. Tôi đã đến rạp vào lúc 15:10 và trải nghiệm khán giả đầy ắp, tạo nên không khí sôi động và hào hứng. Phim được chiếu với định dạng 2D Phụ Đề Việt và Rạp Lamour, mang đến một trải nghiệm xem phim độc đáo và thú vị."
AVENGERS: HỒI KẾT - PHIÊN BẢN ĐẶC BIỆT (CHIẾU LẠI),CGV Crescent Mall,27/09/2026,2D Phụ Đề Việt,16:20,"Tôi đã có cơ hội được trải nghiệm suất chiếu phim AVENGERS: HỒI KẾT - PHIÊN BẢN ĐẶC BIỆT tại CGV Crescent Mall vào ngày 27/09/2026. Sau khi chọn đúng giờ chiếu là 16:20, tôi đã bước vào rạp chiếu và tận hưởng trải nghiệm xem phim này. phim được chiếu trong định dạng 2D Phụ Đề Việt, tạo nên một không gian độc đáo và thân thiện. Mặc dù không có nhiều thông tin về nội dung phim, nhưng sự hấp dẫn của bộ phim đã được thể hiện qua hình ảnh và âm thanh. Tất cả đều làm cho màn chiếu trở nên thú vị và đầy sức hút."
AVENGERS: HỒI KẾT - PHIÊN BẢN ĐẶC BIỆT (CHIẾU LẠI),CGV Crescent Mall,27/09/2026,2D Phụ Đề Việt | Rạp Lamour,18:40,"Tôi vừa xem suất chiếu Avengers: Hoài Kết - Phiên bản Đặc Biệt tại CGV Crescent Mall và trải nghiệm là tuyệt vời. Sau khoảng 2 giờ phim, tôi cảm thấy đầy cảm hứng và hứng thú khi xem. Sự kết hợp giữa hình ảnh và âm thanh trong suất chiếu này đã tạo nên một không gian giải trí tuyệt vời. Tôi đã được trải nghiệm âm thanh lớn và hình ảnh sắc nét trong một hành trình phiêu lưu tuyệt vời."
CHIIKAWA: BÍ MẬT ĐẢO NGƯỜI CÁ,CGV Crescent Mall,27/09/2026,2D Phụ Đề Anh & Việt,09:10,"Hôm nay, tôi đã có cơ hội xem suất chiếu ""CHIIKAWA: BÍ MẬT ĐẢO NGƯỜI CÁ"" tại rạp chiếu CGV Crescent Mall. Phim được chiếu với định dạng 2D Phụ Đề Anh & Việt và bắt đầu từ 09:10. Trải nghiệm xem phim này tại suất chiếu này thật tuyệt vời, tôi đã có cơ hội thưởng thức bộ phim với chất lượng hình ảnh và âm thanh tốt nhất."
HÒN ĐẢO QUÊN LÃNG,CGV Crescent Mall,27/09/2026,2D Lồng Tiếng Việt,19:50,"Tôi vừa có trải nghiệm tuyệt vời khi xem HÒN ĐẢO QUÊN LÃNG tại rạp chiếu CGV Crescent Mall vào ngày 27/09/2026. Sự kiện này được tổ chức vào giờ chiếu 19:50 và định dạng là 2D lồng tiếng Việt. Mỗi trải nghiệm khi bước vào rạp chiếu đều mang đến cảm giác hào hứng và mong chờ, giúp tôi tận hưởng toàn bộ phần trình diễn ấn tượng và hấp dẫn của bộ phim."
LAPUTA: LÂU ĐÀI TRÊN KHÔNG,CGV Crescent Mall,27/09/2026,2D Lồng Tiếng Việt,10:00,Tôi vừa có thể trải nghiệm suất chiếu LAPUTA: LÂU ĐÀI TRÊN KHÔNG tại rạp chiếu CGV Crescent Mall và thật tuyệt vời! Phim được chiếu với định dạng 2D lồng tiếng Việt và bắt đầu từ 10h. Cảm ơn vì đã mang đến một trải nghiệm thú vị và hấp dẫn cho tôi.
LAPUTA: LÂU ĐÀI TRÊN KHÔNG,CGV Crescent Mall,27/09/2026,2D Phụ Đề Việt,12:30,"Hôm nay, bạn có cơ hội được trải nghiệm suất chiếu ""LAPUTA: LÂU ĐÀI TRÊN KHÔNG"" tại rạp chiếu CGV Crescent Mall. Phim sẽ được chiếu trong định dạng 2D Phụ Đề Việt và bắt đầu vào lúc 12:30. Đây là cơ hội tuyệt vời để bạn có thể tận hưởng bộ phim mới nhất tại rạp chiếu hiện đại."
LAPUTA: LÂU ĐÀI TRÊN KHÔNG,CGV Crescent Mall,27/09/2026,2D Lồng Tiếng Việt,17:10,"Tôi đã có cơ hội xem suất chiếu LAPUTA: LÂU ĐÀI TRÊN KHÔNG tại rạp chiếu CGV Crescent Mall vào ngày 27/09/2026. Phim được chiếu trong định dạng 2D lồng tiếng Việt và bắt đầu vào giờ 17:10. Có trải nghiệm tuyệt vời với bộ phim này, cảm ơn đã có cơ hội xem!"
LÊN HƯƠNG,CGV Crescent Mall,27/09/2026,2D Phụ Đề Anh,10:30,"Hôm nay, tôi đã có cơ hội trải nghiệm suất chiếu ""LÊN HƯƠNG"" tại rạp chiếu CGV Crescent Mall. Phim được chiếu với định dạng 2D Phụ Đề Anh và thời gian chiếu là 10:30. Khi bước vào rạp, không gian được thiết kế hiện đại và sạch sẽ tạo nên một bầu không khí thoải mái cho khán giả. Sau khi ngồi và chuẩn bị sẵn sàng, tôi đã bắt đầu trải nghiệm phim và cảm nhận được sự hấp dẫn của bộ phim từ đầu đến cuối. Qua khoảng thời gian chiếu, tôi đã có thể cảm nhận được sự sống động và chi tiết của phim, khiến cho trải nghiệm xem phim trở nên trọn vẹn."
LÊN HƯƠNG,CGV Crescent Mall,27/09/2026,2D Phụ Đề Anh,13:10,"Hôm nay, tôi đã có cơ hội xem phim ""LÊN HƯƠNG"" tại rạp chiếu CGV Crescent Mall. Phim được chiếu vào ngày 27/09/2026 với định dạng 2D Phụ Đề Anh và thời gian chiếu là 13:10. Không thể thiếu trải nghiệm thú vị cùng với những cảnh phim hấp dẫn, tôi đã dành cả buổi chiều để tận hưởng mỗi cảnh phim."
LÊN HƯƠNG,CGV Crescent Mall,27/09/2026,2D Phụ Đề Anh,15:40,"Hôm nay, tôi đã có cơ hội xem LÊN HƯƠNG tại rạp chiếu CGV Crescent Mall. Thông tin cho biết phim được chiếu tại định dạng 2D Phụ Đề Anh và giờ chiếu là 15:40. Tôi đã quyết định đến rạp xem phim tại thời điểm này và trải nghiệm suất chiếu này."
LÊN HƯƠNG,CGV Crescent Mall,27/09/2026,2D Phụ Đề Anh | Rạp Cine & Living Room,19:20,"Tôi vừa có cơ hội trải nghiệm suất chiếu ""LÊN HƯƠNG"" tại rạp chiếu CGV Crescent Mall vào ngày 27/09/2026. Phim được chiếu với định dạng 2D Phụ Đề Anh và được phát sóng tại rạp Cine & Living Room. Thời gian chiếu tối đã mang lại không gian yên tĩnh và thoải mái cho khán giả, giúp chúng ta có thể tận hưởng từng khoảnh khắc trong bộ phim."
LÊN HƯƠNG,CGV Crescent Mall,27/09/2026,2D Phụ Đề Anh,22:15,"Ngày 27/9/2026, CGV Crescent Mall trở thành địa điểm chiếu rực rỡ của bộ phim LÊN HƯƠNG, mang đến trải nghiệm giải trí tuyệt vời cho khán giả. Trong buổi chiếu tối, bộ phim được thể hiện trên màn hình 2D Phụ Đề Anh với thời gian bắt đầu là 22:15. Sự kết hợp hoàn hảo giữa âm thanh và hình ảnh đã mang đến cảm giác sống động và hấp dẫn cho khán giả trong buổi chiếu này."
MARNIE YÊU DẤU,CGV Crescent Mall,27/09/2026,2D Phụ Đề Việt,09:30,"Tôi vừa có cơ hội xem suất chiếu ""MARNIE YÊU DẤU"" tại rạp chiếu CGV Crescent Mall. Phim được chiếu với định dạng 2D Phụ Đề Việt và giờ chiếu chính là 09:30. Đó là một trải nghiệm thú vị và hấp dẫn, với hình ảnh và âm thanh được tối ưu hóa để phù hợp với khán giả. Mọi thứ đã được chuẩn bị kỹ lưỡng để mang đến cho khán giả một trải nghiệm chiếu phim tuyệt vời."
MARNIE YÊU DẤU,CGV Crescent Mall,27/09/2026,2D Phụ Đề Việt,15:00,"Tôi vừa có cơ hội xem suất chiếu ""MARNIE YÊU DẤU"" tại rạp CGV Crescent Mall vào ngày 27/09/2026, và trải nghiệm đó thật tuyệt vời. Trong thời gian 1 giờ 45 phút, tôi đã được chứng kiến một bộ phim độc đáo và thú vị. Phim được chiếu trên màn hình 2D với phụ đề Việt, giúp cho trải nghiệm của tôi trở nên hoàn hảo hơn."
TRẠI BUÔN NGƯỜI,CGV Crescent Mall,27/09/2026,2D Phụ Đề Anh | Rạp Lamour,09:00,"Trải nghiệm xem suất chiếu TRẠI BUÔN NGƯỜI tại CGV Crescent Mall ngày 27/09/2026 thật sự không thể quên. Tôi đã có cơ hội tận hưởng bộ phim này trong một buổi chiều lãng mạn tại rạp Lamour. Phim chiếu rực rỡ trên màn ảnh 2D với phụ đề Anh, tạo nên một không khí riêng biệt. Mỗi khung hình đều làm tôi bị thu hút, và giờ chiếu 09:00 buổi chiều là sự lựa chọn hoàn hảo để có một trải nghiệm xem phim tuyệt vời."
TRẠI BUÔN NGƯỜI,CGV Crescent Mall,27/09/2026,2D Phụ Đề Anh,09:30,"Trải nghiệm xem suất chiếu TRẠI BUÔN NGƯỜI tại CGV Crescent Mall vào ngày 27/09/2026 thật sự ấn tượng. Khi bước vào rạp, không gian đầy đủ ánh sáng và âm thanh tạo nên bầu không khí sôi động. Phim được chiếu với định dạng 2D Phụ Đề Anh và giờ chiếu là 09:30, tạo cho khán giả một trải nghiệm đầy đủ và giải trí."
TRẠI BUÔN NGƯỜI,CGV Crescent Mall,27/09/2026,2D Phụ Đề Anh,10:10,"Tôi đã đến rạp chiếu CGV Crescent Mall và có được trải nghiệm tuyệt vời khi xem suất chiếu TRẠI BUÔN NGƯỜI vào ngày 27/09/2026. Phim được chiếu với định dạng 2D Phụ Đề Anh và giờ chiếu 10:10, mang lại trải nghiệm giải trí hoàn hảo cho khán giả."
TRẠI BUÔN NGƯỜI,CGV Crescent Mall,27/09/2026,2D Phụ Đề Anh | Rạp Cine & Living Room,11:10,"Ngày 27/9/2026, CGV Crescent Mall chào đón khán giả đến với trải nghiệm phim TRẠI BUÔN NGƯỜI. Tại rạp chiếu 2D Phụ Đề Anh, khán giả sẽ được đặt chân đến thế giới phim với định dạng đặc biệt. Trải nghiệm này sẽ diễn ra vào giờ 11:10, là thời điểm khán giả có thể tìm đến rạp chiếu để tận hưởng bộ phim."
TRẠI BUÔN NGƯỜI,CGV Crescent Mall,27/09/2026,2D Phụ Đề Anh,11:40,"Hôm nay, tôi đã có cơ hội xem suất chiếu ""TRẠI BUÔN NGƯỜI"" tại rạp CGV Crescent Mall. Phim được chiếu trong định dạng 2D Phụ Đề Anh và bắt đầu tại 11:40. Qua trải nghiệm xem phim này, tôi đã cảm nhận được một sự kết hợp độc đáo giữa hình ảnh và âm thanh. Mỗi hình ảnh được kết hợp tinh tế với phụ đề tiếng Anh, tạo ra một trải nghiệm xem phim đa dạng và thú vị."
TRẠI BUÔN NGƯỜI,CGV Crescent Mall,27/09/2026,2D Phụ Đề Anh,12:10,"Tôi vừa có cơ hội xem suất chiếu phim TRẠI BUÔN NGƯỜI tại rạp CGV Crescent Mall vào ngày 27/09/2026. Đây là một trải nghiệm tuyệt vời với định dạng 2D Phụ Đề Anh và thời gian chiếu 12:10. Bối cảnh rạp chiếu ấm cúng và màn hình lớn tạo nên bầu không khí hấp dẫn, khiến cho tôi cảm thấy như đang ở trong thế giới của phim."
TRẠI BUÔN NGƯỜI,CGV Crescent Mall,27/09/2026,2D Phụ Đề Anh,13:15,"Tôi vừa có trải nghiệm tuyệt vời tại rạp chiếu CGV Crescent Mall khi xem suất chiếu ""TRẠI BUÔN NGƯỜI"" vào ngày 27/09/2026. Phim được chiếu dưới định dạng 2D Phụ Đề Anh và có giờ chiếu chính xác là 13:15. Mỗi giây tôi vừa tận hưởng hành động đầy kịch tính, vừa cảm nhận được sự phấn khích từ những khoảnh khắc phim. Sự kết hợp hoàn hảo giữa hình ảnh và âm thanh đã mang đến cho tôi một trải nghiệm xem phim vô cùng đặc biệt."
TRẠI BUÔN NGƯỜI,CGV Crescent Mall,27/09/2026,2D Phụ Đề Anh | Rạp Cine & Living Room,13:50,"Tôi đã có dịp xem suất chiếu TRẠI BUÔN NGƯỜI tại rạp chiếu CGV Crescent Mall vào ngày 27/09/2026. Phim được chiếu với định dạng 2D Phụ Đề Anh và kết hợp với rạp Cine & Living Room, tạo nên một trải nghiệm thú vị. Tôi đã chọn buổi chiếu lúc 13:50 và trải nghiệm được cảm xúc và nội dung của phim trong không gian an toàn và hiện đại của rạp chiếu."
TRẠI BUÔN NGƯỜI,CGV Crescent Mall,27/09/2026,2D Phụ Đề Anh,14:20,Tôi vừa có cơ hội xem suất chiếu TRẠI BUÔN NGƯỜI tại rạp chiếu CGV Crescent Mall vào ngày 27/09/2026. Đây là một trải nghiệm tuyệt vời với định dạng phim 2D Phụ Đề Anh và giờ chiếu vào 14:20. Màn chiếu được thực hiện một cách chuyên nghiệp với chất lượng hình ảnh cao. Khán giả có thể tận hưởng bộ phim này trong một không gian rạp chiếu rộng rãi và thoải mái.
TRẠI BUÔN NGƯỜI,CGV Crescent Mall,27/09/2026,2D Phụ Đề Anh,14:50,"Tôi đã có một trải nghiệm tuyệt vời tại suất chiếu phim TRẠI BUÔN NGƯỜI tại rạp CGV Crescent Mall vào ngày 27/09/2026. Sau một ngày dài, tôi đã tìm được thời điểm hợp lý để cùng với những người bạn để lại những kỷ niệm trong phim. Phim được chiếu trong định dạng 2D Phụ Đề Anh và có thời gian chiếu là 14:50."
TRẠI BUÔN NGƯỜI,CGV Crescent Mall,27/09/2026,2D Phụ Đề Anh,16:00,"Trong ngày 27/09/2026, rạp CGV Crescent Mall trở thành nơi để bạn có thể tận hưởng trải nghiệm chiếu phim TRẠI BUÔN NGƯỜI. Với định dạng 2D Phụ Đề Anh và giờ chiếu 16:00, bạn có thể tận hưởng trải nghiệm chiếu phim với chất lượng cao và không gian thoải mái. Đây là cơ hội để bạn có thể thư giãn và tận hưởng những khoảnh khắc tuyệt vời."
TRẠI BUÔN NGƯỜI,CGV Crescent Mall,27/09/2026,2D Phụ Đề Anh | Rạp Cine & Living Room,16:30,"Hôm nay, tôi đã có dịp được trải nghiệm suất chiếu ""TRẠI BUÔN NGƯỜI"" tại rạp CGV Crescent Mall. Phim được chiếu với định dạng 2D Phụ Đề Anh và được phát sóng tại cả rạp cine lẫn không gian sinh hoạt thân thiện, tạo không gian xem phim thoải mái. Tôi đã chọn buổi chiếu vào lúc 16:30 và có thể nói rằng, thời điểm này là hoàn hảo để tận hưởng bộ phim này."
TRẠI BUÔN NGƯỜI,CGV Crescent Mall,27/09/2026,2D Phụ Đề Anh,17:00,"Hôm nay, tôi đã có cơ hội tham gia vào một suất chiếu phim TRẠI BUÔN NGƯỜI tại rạp CGV Crescent Mall. Phim được chiếu với định dạng 2D Phụ Đề Anh và bắt đầu từ giờ 17:00. Thông qua trải nghiệm xem phim này, tôi đã cảm nhận được sự hấp dẫn và thú vị của bộ phim, đồng thời được tận hưởng không khí sôi động và thân thiện của rạp chiếu."
TRẠI BUÔN NGƯỜI,CGV Crescent Mall,27/09/2026,2D Phụ Đề Anh,17:30,"Ngày 27/09/2026, rạp chiếu CGV Crescent Mall đã trở thành địa điểm nóng nhất để trải nghiệm bộ phim TRIÁI BUÔN NGƯỜI. Với định dạng 2D Phụ Đề Anh và giờ chiếu 17:30, khán giả đã có cơ hội tận hưởng một buổi chiếu phim ấn tượng. Mặc dù chỉ là một mô phỏng, nhưng trải nghiệm xem phim này đã mang đến cảm giác sôi động và hấp dẫn cho khán giả."
TRẠI BUÔN NGƯỜI,CGV Crescent Mall,27/09/2026,2D Phụ Đề Anh,18:10,"Tôi đã có cơ hội xem suất chiếu TRẠI BUÔN NGƯỜI tại CGV Crescent Mall vào ngày 27/09/2026. Sự kiện này đã mang đến một trải nghiệm tuyệt vời, với hình ảnh sống động được thể hiện trên màn ảnh. Phim được chiếu trong định dạng 2D Phụ Đề Anh, tạo nên một không khí hấp dẫn và thú vị. Giờ chiếu 18:10 đã phù hợp với tâm trạng của tôi, giúp tôi tận hưởng từng khoảnh khắc của bộ phim."
TRẠI BUÔN NGƯỜI,CGV Crescent Mall,27/09/2026,2D Phụ Đề Anh,18:50,"Hôm nay, tôi đã có cơ hội được trải nghiệm suất chiếu ""TRẠI BUÔN NGƯỜI"" tại CGV Crescent Mall. Phim được chiếu ở định dạng 2D Phụ Đề Anh với giờ chiếu 18:50. Không khí trong rạp đã được tạo nên bởi những người hâm mộ đang cùng nhau thưởng thức bộ phim. Tôi đã tận hưởng khoảnh khắc này và cảm nhận được sự phấn khích khi được chứng kiến màn trình diễn của bộ phim."
TRẠI BUÔN NGƯỜI,CGV Crescent Mall,27/09/2026,2D Phụ Đề Anh,19:40,"Ngày 27/9/2026, bạn đã có dịp tận hưởng một trải nghiệm chiếu phim tuyệt vời tại rạp CGV Crescent Mall với phim TRẠI BUÔN NGƯỜI. Với định dạng 2D Phụ Đề Anh, màn ảnh đã trở nên sống động hơn bao giờ hết. Phim đã chiếu vào lúc 19:40, giúp bạn hoàn toàn được cuốn hút bởi câu chuyện và nhân vật."
TRẠI BUÔN NGƯỜI,CGV Crescent Mall,27/09/2026,2D Phụ Đề Anh,20:10,"Tôi vừa có cơ hội xem lại suất chiếu ""TRẠI BUÔN NGƯỜI"" tại rạp chiếu CGV Crescent Mall vào ngày 27/09/2026. Sát phòng được trang bị định dạng 2D Phụ Đề Anh, tạo nên trải nghiệm chiếu phim thú vị và dễ dàng theo dõi. Tôi đã chọn giờ chiếu 20:10, và đó là một lựa chọn hoàn hảo vì không khí rạp được tạo nên một bầu không khí hào hứng và phấn khích."
TRẠI BUÔN NGƯỜI,CGV Crescent Mall,27/09/2026,2D Phụ Đề Anh,20:50,"Tôi vừa có thể xem một suất chiếu phim TRẠI BUÔN NGƯỜI tại rạp CGV Crescent Mall. Ngày chiếu là 27/09/2026 và tôi đã có mặt tại rạp vào đúng giờ chiếu 20:50, cùng với định dạng phim là 2D Phụ Đề Anh. Mô tả của phim không được cung cấp, tuy nhiên tôi có thể nói rằng trải nghiệm xem phim tại đây đã rất tuyệt vời."
TRẠI BUÔN NGƯỜI,CGV Crescent Mall,27/09/2026,2D Phụ Đề Anh,21:30,"Tôi vừa có dịp được trải nghiệm suất chiếu TRẠI BUÔN NGƯỜI tại rạp CGV Crescent Mall. Vào ngày 27/09/2026, tôi đã có cơ hội tận hưởng bộ phim này với định dạng 2D Phụ Đề Anh và giờ chiếu 21:30. Mặc dù không có nhiều thông tin về nội dung phim, nhưng tôi đã có trải nghiệm thú vị khi theo dõi sự phát triển của nhân vật và hình ảnh phim."
TRẠI BUÔN NGƯỜI,CGV Crescent Mall,27/09/2026,2D Phụ Đề Anh | Rạp Cine & Living Room,22:00,"Ngày 27/09/2026, rạp CGV Crescent Mall chính thức mở cửa cho suất chiếu phim TRIA BUÔN NGƯỜI với giờ chiếu 22:00. Đây là cơ hội tuyệt vời để trải nghiệm phim này tại một không gian thoải mái và hiện đại. Với định dạng 2D Phụ Đề Anh, khán giả sẽ được thưởng thức một trải nghiệm chiếu phim tuyệt vời với chất lượng hình ảnh và âm thanh được cuid tinh tế."
TRẠI BUÔN NGƯỜI,CGV Crescent Mall,27/09/2026,2D Phụ Đề Anh,22:30,"Hôm nay, tôi đã có cơ hội tham gia xem suất chiếu TRẠI BUÔN NGƯỜI tại rạp chiếu CGV Crescent Mall. Phim được chiếu trong định dạng 2D Phụ Đề Anh và được chiếu vào ngày 27/09/2026. Thời gian chiếu là 22:30, tạo nên một không gian yên tĩnh và tập trung cho khán giả. Tôi đã có trải nghiệm tuyệt vời khi xem phim này, với hình ảnh và âm thanh được thiết kế để mang đến trải nghiệm độc đáo."
TRẠI BUÔN NGƯỜI,CGV Crescent Mall,27/09/2026,2D Phụ Đề Anh,22:50,"Hôm nay, tôi đã có cơ hội xem suất chiếu ""TRẠI BUÔN NGƯỜI"" tại rạp chiếu CGV Crescent Mall. Phim được chiếu trong định dạng 2D Phụ Đề Anh và bắt đầu tại thời điểm 22:50. Tôi đã tận hưởng trải nghiệm chiếu phim này, cảm nhận được không khí sôi động và hứng thú của bộ phim trong từng khoảnh khắc."
TRẠI BUÔN NGƯỜI,CGV Crescent Mall,27/09/2026,2D Phụ Đề Anh,23:20,"Hôm nay, tôi đã có cơ hội được trải nghiệm suất chiếu ""TRẠI BUÔN NGƯỜI"" tại rạp chiếu CGV Crescent Mall. Phim được chiếu với định dạng 2D Phụ Đề Anh và giờ chiếu là 23:20. Khi bước vào rạp, không khí trở nên sôi động và đầy sức hút. Tôi đã tận hưởng hành trình khám phá của nhân vật trên màn ảnh lớn, cùng với những hiệu ứng đặc biệt và âm nhạc sống động. Sự tương tác giữa khán giả và màn hình cũng trở nên đặc biệt khi phim được chiếu với chất lượng cao nhất."
VÙNG ĐẤT QUỶ DỮ,CGV Crescent Mall,27/09/2026,2D Phụ Đề Việt | Rạp Cine & Living Room,09:10,"Tôi đã có cơ hội xem suất chiếu ""VÙNG ĐẤT QUỶ DỮ"" tại rạp chiếu CGV Crescent Mall vào ngày 27/09/2026, một thời điểm tuyệt vời để trải nghiệm bộ phim 2D Phụ Đề Việt với nội dung hấp dẫn. Phim được chiếu vào giờ 09:10, tạo không khí yên tĩnh và tập trung cho khán giả. Tôi đã tận hưởng khoảnh khắc đầu tiên trên màn ảnh, cảm nhận sự sôi động và hấp dẫn của bộ phim."
VÙNG ĐẤT QUỶ DỮ,CGV Crescent Mall,27/09/2026,2D Phụ Đề Việt,11:15,"Tôi vừa có cơ hội xem suất chiếu ""VÙNG ĐẤT QUỶ DỮ"" tại CGV Crescent Mall vào ngày 27/09/2026. Trong buổi chiếu này, tôi được trải nghiệm một trải nghiệm độc đáo với định dạng 2D Phụ Đề Việt và giờ chiếu 11:15. Sự kết hợp giữa hình ảnh và âm thanh đã mang đến một trải nghiệm thú vị và mới mẻ cho tôi. Tôi rất ấn tượng với chất lượng công nghệ và sự chú tâm đến chi tiết của nhà chiếu phim."
VÙNG ĐẤT QUỶ DỮ,CGV Crescent Mall,27/09/2026,2D Phụ Đề Việt,20:00,"Tôi vừa bước vào rạp chiếu CGV Crescent Mall và được thông báo rằng VÙNG ĐẤT QUỶ DỮ sẽ chiếu từ 20:00. Cảm giác hứng khởi và bất ngờ khi biết mình sắp có dịp thưởng thức bộ phim này. Với định dạng 2D Phụ Đề Việt, tôi sẵn sàng để tận hưởng trải nghiệm chiếu phim. Giờ 20:00 đã đến, tôi ngồi thoải mái và bắt đầu hành trình giải trí cùng VÙNG ĐẤT QUỶ DỮ."
VÙNG ĐẤT QUỶ DỮ,CGV Crescent Mall,27/09/2026,2D Phụ Đề Việt | Rạp Lamour,22:20,"Tôi vừa đến rạp chiếu CGV Crescent Mall và có cơ hội tận hưởng suất chiếu VÙNG ĐẤT QUỶ DỮ vào ngày 27/09/2026. Đây là một trải nghiệm tuyệt vời với hình ảnh sắc nét trên màn ảnh 2D Phụ Đề Việt, tạo nên một không gian rạp lãng mạn và ấm áp. Thời gian 22:20 đã mang đến một không gian riêng tư cho khán giả, giúp chúng có thể tận hưởng toàn bộ câu chuyện trên màn ảnh."
ÚT LAN 2,CGV Crescent Mall,27/09/2026,2D Phụ Đề Anh,21:50,"Tôi vừa có cơ hội xem suất chiếu ÚT LAN 2 tại rạp chiếu CGV Crescent Mall vào ngày 27/09/2026. Thông tin về suất chiếu cho tôi biết phim sẽ được chiếu bằng định dạng 2D Phụ Đề Anh vào lúc 21:50. Mặc dù chỉ có thông tin chi tiết này, nhưng tôi vẫn cảm thấy phấn khích vì được tham gia trải nghiệm chiếu phim."
AVENGERS: HỒI KẾT - PHIÊN BẢN ĐẶC BIỆT (CHIẾU LẠI),CGV Crescent Mall,28/09/2026,2D Phụ Đề Việt | Rạp Lamour,21:30,"Tôi vừa có cơ hội xem suất chiếu AVENGERS: HỒI KẾT - PHIÊN BẢN ĐẶC BIỆT tại rạp chiếu CGV Crescent Mall và đó là một trải nghiệm tuyệt vời! Phim chiếu rạng sáng 28/09/2026 tại 21:30 đã khiến khán giả như tôi sôi sục trong không khí đầy năng lượng và hứng thú. Với định dạng 2D Phụ Đề Việt và rạp Lamour, không khí trong rạp đã trở nên ấm áp và thân thiện. Đó là một đêm không thể quên, hứa hẹn sẽ là một trong những trải nghiệm điện ảnh đáng nhớ nhất."
CHIIKAWA: BÍ MẬT ĐẢO NGƯỜI CÁ,CGV Crescent Mall,28/09/2026,2D Phụ Đề Anh & Việt,18:00,"Hôm nay, tôi đã có cơ hội xem suất chiếu ""CHIIKAWA: BÍ MẬT ĐẢO NGƯỜI CÁ"" tại CGV Crescent Mall. Phim được chiếu theo định dạng 2D Phụ Đề Anh & Việt và bắt đầu vàoเวลา 18:00. Trong khoảng thời gian chiếu, tôi đã được trải nghiệm một không khí sôi động và hào hứng của khán giả. Phim đã mang đến cho tôi những khoảnh khắc thú vị và hấp dẫn, khiến tôi không thể rời mắt khỏi màn hình."
HÒN ĐẢO QUÊN LÃNG,CGV Crescent Mall,28/09/2026,2D Lồng Tiếng Việt,19:40,"Tôi vừa có cơ hội xem suất chiếu ""HÒN ĐẢO QUÊN LÃNG"" tại CGV Crescent Mall và đây là trải nghiệm tuyệt vời của tôi. Phim được chiếu với định dạng 2D lồng tiếng Việt và giờ chiếu là 19:40 vào ngày 28/09/2026. Không khí rạp chiếu rất sôi động và khán giả đã rất hào hứng khi xem phim. Tôi đã có một thời gian tuyệt vời, tận hưởng từng khoảnh khắc của bộ phim."
LAPUTA: LÂU ĐÀI TRÊN KHÔNG,CGV Crescent Mall,28/09/2026,2D Lồng Tiếng Việt,12:50,"Ngày 28/09/2026, tôi đã có dịp được trải nghiệm suất chiếu ""LAPUTA: LÂU ĐÀI TRÊN KHÔNG"" tại CGV Crescent Mall. Phim được định dạng 2D và lồng tiếng Việt, tôi đã xem được một phiên bản thú vị và hấp dẫn. Thời gian chiếu là 12:50, tôi đã tận hưởng từng giây phút trong phim tại rạp chiếu hiện đại."
LAPUTA: LÂU ĐÀI TRÊN KHÔNG,CGV Crescent Mall,28/09/2026,2D Phụ Đề Việt,14:40,"Hôm nay, tôi đã có cơ hội tận hưởng một trải nghiệm chiếu phim tuyệt vời khi đến rạp CGV Crescent Mall để xem ""LAPUTA: LÂU ĐÀI TRÊN KHÔNG"". Phim được chiếu tại rạp vào ngày 28/09/2026 với giờ chiếu là 14:40. Tôi đã được trải nghiệm trải nghiệm chiếu phim 2D Phụ Đề Việt trong một không gian thoải mái và sạch sẽ, giúp tôi có thể tập trung vào câu chuyện hấp dẫn của phim."
LAPUTA: LÂU ĐÀI TRÊN KHÔNG,CGV Crescent Mall,28/09/2026,2D Lồng Tiếng Việt,17:10,"Hôm nay, tôi đã có cơ hội tận hưởng một đêm chiếu phim tuyệt vời tại CGV Crescent Mall với bộ phim LAPUTA: LÂU ĐÀI TRÊN KHÔNG. Phim được chiếu với định dạng 2D lồng tiếng Việt và giờ chiếu là 17:10. Đó là một trải nghiệm tuyệt vời, với hình ảnh và âm thanh sống động, cuốn hút khán giả ngay từ đầu. Tôi đã hoàn toàn bị thu hút vào thế giới phiêu lưu của phim và không thể rời mắt khỏi màn ảnh."
LÊN HƯƠNG,CGV Crescent Mall,28/09/2026,2D Phụ Đề Anh,09:35,"Hôm nay, tôi đã có cơ hội trải nghiệm suất chiếu ""LÊN HƯƠNG"" tại rạp chiếu CGV Crescent Mall. Phim được chiếu với định dạng 2D Phụ Đề Anh và thời gian chiếu là 09:35. Cảm giác hứng thú và sự phấn khích đã tạo ra cho tôi một trải nghiệm phim hấp dẫn và thú vị. Phim đã mang lại cho tôi những khoảnh khắc đáng nhớ và tạo ấn tượng sâu sắc."
LÊN HƯƠNG,CGV Crescent Mall,28/09/2026,2D Phụ Đề Anh,10:20,"Tôi đã có幸 được tham gia suất chiếu đầu tiên của bộ phim ""LÊN HƯƠNG"" tại rạp chiếu CGV Crescent Mall vào ngày 28/09/2026. Tôi đã chọn option 2D Phụ Đề Anh và giờ chiếu là 10:20. Thông qua trải nghiệm xem phim này, tôi đã cảm nhận được sự hấp dẫn và chất lượng của bộ phim, khiến cho trải nghiệm xem phim trở nên sống động và thú vị."
LÊN HƯƠNG,CGV Crescent Mall,28/09/2026,2D Phụ Đề Anh,15:30,"Hôm nay, tôi đã được trải nghiệm một lần tuyệt vời tại suất chiếu phim LÊN HƯƠNG tại CGV Crescent Mall. Phim được chiếu vào ngày 28/09/2026 với định dạng 2D Phụ Đề Anh và giờ chiếu là 15:30. Không chỉ là hình ảnh đẹp, phim đã mang đến cho tôi một trải nghiệm độc đáo và thú vị. Tất cả những chi tiết đã được sắp xếp một cách tinh tế và tỉ mỉ, tạo nên một không gian chiếu phim hoàn hảo."
LÊN HƯƠNG,CGV Crescent Mall,28/09/2026,2D Phụ Đề Anh,20:15,"Hôm nay, tôi đã có cơ hội xem suất chiếu mới nhất của bộ phim LÊN HƯƠNG tại rạp chiếu CGV Crescent Mall. Phim được chiếu với định dạng 2D Phụ Đề Anh và giờ chiếu là 20:15. Tôi đã tận hưởng trải nghiệm tuyệt vời này, cảm nhận được sự hấp dẫn và thú vị của bộ phim. Không khí rạp chiếu ấm áp và khán giả đông đúc đã tạo nên một bầu không khí tuyệt vời cho buổi chiếu."
LÊN HƯƠNG,CGV Crescent Mall,28/09/2026,2D Phụ Đề Anh,22:40,"Tôi đã có dịp trải nghiệm suất chiếu ""LÊN HƯƠNG"" tại rạp chiếu CGV Crescent Mall vào ngày 28/09/2026. Phim được chiếu trong định dạng 2D Phụ Đề Anh với giờ chiếu 22:40. Sự tiện nghi và trang thiết bị hiện đại của rạp chiếu đã tạo nên một trải nghiệm xem phim tuyệt vời."
MARNIE YÊU DẤU,CGV Crescent Mall,28/09/2026,2D Phụ Đề Việt,12:20,"Ngày 28/9/2026, tôi đã có dịp được trải nghiệm suất chiếu ""MARNIE YÊU DẤU"" tại rạp chiếu CGV Crescent Mall. Phim được chiếu theo định dạng 2D Phụ Đề Việt và có giờ chiếu là 12:20. Trong khoảng thời gian đó, tôi đã có thể thưởng thức bộ phim với chất lượng tốt và trải nghiệm tuyệt vời."
MARNIE YÊU DẤU,CGV Crescent Mall,28/09/2026,2D Phụ Đề Việt,16:50,"Tôi đã xem suất chiếu ""MARNIE YÊU DẤU"" tại rạp chiếu CGV Crescent Mall vào ngày 28/09/2026, một buổi tối lãng mạn và đầy cảm xúc. Trong một bầu không khí yên tĩnh, tôi đã có cơ hội trải nghiệm phim này trong khi ngồi ở vị trí 16:50, tạo nên một trải nghiệm đầy đủ và chân thực."
TRẠI BUÔN NGƯỜI,CGV Crescent Mall,28/09/2026,2D Phụ Đề Anh,09:40,"Tôi vừa tham gia vào suất chiếu TRẠI BUÔN NGƯỜI tại rạp CGV Crescent Mall vào ngày 28/09/2026, với thời gian chiếu là 09:40. Sự kiện này được tổ chức theo định dạng 2D Phụ Đề Anh, mang đến trải nghiệm độc đáo cho khán giả."
TRẠI BUÔN NGƯỜI,CGV Crescent Mall,28/09/2026,2D Phụ Đề Anh | Rạp Cine & Living Room,10:50,"Trong tối 28/9, tôi đã có cơ hội được trải nghiệm suất chiếu ""TRẠI BUÔN NGƯỜI"" tại rạp chiếu CGV Crescent Mall. Phim được chiếu với định dạng 2D Phụ Đề Anh, mang đến một trải nghiệm xem phim độc đáo. Giờ chiếu 10:50 buổi tối tạo cảm giác ấm áp, giúp tôi có thể tận hưởng từng khoảnh khắc trong phim một cách thoải mái."
TRẠI BUÔN NGƯỜI,CGV Crescent Mall,28/09/2026,2D Phụ Đề Anh,11:30,"Tôi vừa có dịp xem suất chiếu TRẠI BUÔN NGƯỜI tại rạp chiếu CGV Crescent Mall vào ngày 28/09/2026, và tôi có thể nói rằng trải nghiệm này thật sự tuyệt vời. Phim được chiếu với định dạng 2D Phụ Đề Anh, giúp tôi dễ dàng theo dõi và hiểu rõ hơn về câu chuyện. Hãy đến và trải nghiệm suất chiếu này để khám phá thế giới của phim!"
TRẠI BUÔN NGƯỜI,CGV Crescent Mall,28/09/2026,2D Phụ Đề Anh,12:00,"Tôi vừa có dịp xem suất chiếu ""TRẠI BUÔN NGƯỜI"" tại rạp CGV Crescent Mall vào ngày 28/09/2026. Phim được chiếu theo định dạng 2D Phụ Đề Anh với giờ chiếu là 12:00. Không khí rạp đầy đủ và hàn gắn, tôi cảm thấy thoải mái và sẵn sàng để trải nghiệm. Mặc dù đây là một trải nghiệm mô phỏng, nhưng tôi đã tận hưởng không khí hào hứng và sự quan tâm của khán giả."
TRẠI BUÔN NGƯỜI,CGV Crescent Mall,28/09/2026,2D Phụ Đề Anh,12:30,"Tôi đã có dịp xem suất chiếu TRẠI BUÔN NGƯỜI tại rạp CGV Crescent Mall vào ngày 28/09/2026. Phim được chiếu với định dạng 2D Phụ Đề Anh và thời gian chiếu là 12:30. Trong khoảng thời gian này, tôi đã có trải nghiệm đầy thú vị và hấp dẫn, được tận hưởng khâu hoạt động thú vị và đầy tính giải trí của bộ phim."
TRẠI BUÔN NGƯỜI,CGV Crescent Mall,28/09/2026,2D Phụ Đề Anh | Rạp Cine & Living Room,13:40,"Ngày 28/9/2026, tôi đã có cơ hội trải nghiệm suất chiếu ""TRẠI BUÔN NGƯỜI"" tại rạp chiếu CGV Crescent Mall. Thông tin cho tôi là định dạng là 2D Phụ Đề Anh, điều này khiến tôi cảm thấy thú vị và sẵn sàng để theo dõi bộ phim. Sự kiện chiếu rạp diễn ra vào lúc 13:40, một thời điểm lý tưởng để giải trí sau một ngày làm việc. Tôi rất mong chờ để tận hưởng từng khoảnh khắc trên màn ảnh."
TRẠI BUÔN NGƯỜI,CGV Crescent Mall,28/09/2026,2D Phụ Đề Anh,14:20,"Tôi đã có cơ hội được trải nghiệm suất chiếu TRẠI BUÔN NGƯỜI tại rạp CGV Crescent Mall vào ngày 28/09/2026. Khi bước vào rạp, không khí đã rất sôi động và đầy năng lượng. Sân chiếu phim được thiết kế tinh tế, mang đến trải nghiệm độc đáo cho khán giả. Với định dạng 2D Phụ Đề Anh và giờ chiếu 14:20, suất chiếu này hứa hẹn sẽ là một trải nghiệm tuyệt vời cho những người yêu thích phim."
TRẠI BUÔN NGƯỜI,CGV Crescent Mall,28/09/2026,2D Phụ Đề Anh,15:10,"Tôi vừa có cơ hội xem một suất chiếu phim TRẠI BUÔN NGƯỜI tại rạp CGV Crescent Mall vào ngày 28/09/2026. Trong trải nghiệm này, tôi được xem một phiên chiếu 2D với phụ đề Anh. Thời điểm xuất hiện của bộ phim là vào lúc 15:10, tạo nên một không gian tuyệt vời để trải nghiệm phim."
TRẠI BUÔN NGƯỜI,CGV Crescent Mall,28/09/2026,2D Phụ Đề Anh | Rạp Cine & Living Room,16:30,"Tôi vừa trải nghiệm suất chiếu TRẠI BUÔN NGƯỜI tại rạp chiếu CGV Crescent Mall vào ngày 28/09/2026. Thông qua màn ảnh 2D, tôi đã cảm nhận được sự hấp dẫn và sống động của bộ phim. Phim được trình chiếu vào giờ 16:30 tại rạp, tạo nên không khí yên tĩnh và tập trung. Mặc dù chỉ là một đêm chiếu rạp, nhưng tôi đã có thể cảm nhận được sự thú vị và cảm xúc của bộ phim, cho dù tôi không thể chiêm ngưỡng trực tiếp trên màn ảnh."
TRẠI BUÔN NGƯỜI,CGV Crescent Mall,28/09/2026,2D Phụ Đề Anh,17:00,"Tôi đã trải nghiệm sự thú vị khi xem suất chiếu TRẠI BUÔN NGƯỜI tại rạp CGV Crescent Mall vào ngày 28/09/2026. Phim được chiếu trong định dạng 2D Phụ Đề Anh và có giờ chiếu là 17:00. Mặc dù không biết nội dung cụ thể của phim, nhưng trải nghiệm xem phim trong một rạp chiếu hiện đại như CGV đã mang lại cho tôi cảm giác thư giãn và vui vẻ."
TRẠI BUÔN NGƯỜI,CGV Crescent Mall,28/09/2026,2D Phụ Đề Anh,17:50,"Hôm nay, tôi đã có dịp tận hưởng suất chiếu TRẠI BUÔN NGƯỜI tại CGV Crescent Mall. Phim được chiếu với định dạng 2D Phụ Đề Anh vào ngày 28/09/2026 và giờ chiếu là 17:50. Tôi đã có cơ hội trải nghiệm trực tiếp và cảm nhận được sự sống động của nhân vật trên màn hình, tạo nên một không gian giải trí thú vị và hấp dẫn cho khán giả."
TRẠI BUÔN NGƯỜI,CGV Crescent Mall,28/09/2026,2D Phụ Đề Anh | Rạp Cine & Living Room,19:10,"Tôi vừa có dịp xem suất chiếu ""TRẠI BUÔN NGƯỜI"" tại rạp chiếu CGV Crescent Mall vào ngày 28/09/2026. Phim được chiếu dưới định dạng 2D Phụ Đề Anh và có giờ chiếu là 19:10. Tôi đã tận hưởng không khí phim ảnh tại rạp chiếu, trải nghiệm một đêm giải trí thú vị."
TRẠI BUÔN NGƯỜI,CGV Crescent Mall,28/09/2026,2D Phụ Đề Anh,19:50,"Hôm nay, tôi đã có cơ hội được trải nghiệm suất chiếu ""TRẠI BUÔN NGƯỜI"" tại rạp chiếu CGV Crescent Mall. Phim được chiếu với định dạng 2D Phụ Đề Anh vào thời điểm 19:50 và tạo ấn tượng sâu sắc với khán giả. Ngoài ra, rạp chiếu cũng cung cấp không gian thoải mái và tiện nghi cho khán giả trong suốt thời gian chiếu."
TRẠI BUÔN NGƯỜI,CGV Crescent Mall,28/09/2026,2D Phụ Đề Anh,20:30,"Hôm nay, tôi đã được trải nghiệm suất chiếu ""TRẠI BUÔN NGƯỜI"" tại CGV Crescent Mall. Phim được chiếu với định dạng 2D Phụ Đề Anh và giờ chiếu là 20:30. Sự kiện này đã mang đến cho tôi một không gian điện ảnh độc đáo và thú vị, giúp tôi có thể tận hưởng trải nghiệm chiếu phim một cách tuyệt vời."
TRẠI BUÔN NGƯỜI,CGV Crescent Mall,28/09/2026,2D Phụ Đề Anh | Rạp Cine & Living Room,21:50,"Tôi vừa có cơ hội xem suất chiếu phim ""Trái bum người"" tại rạp chiếu CGV Crescent Mall và thật là một trải nghiệm tuyệt vời. Phim được chiếu với định dạng 2D Phụ Đề Anh, tạo nên một không gian riêng tư và thoải mái cho khán giả. Với giờ chiếu 21:50, tôi đã có một đêm xem phim đầy sự thư giãn và giải trí. Mặc dù chỉ là một đêm xem phim, nhưng tôi đã cảm nhận được sự ấm áp và thân thiện của không gian rạp chiếu CGV Crescent Mall."
TRẠI BUÔN NGƯỜI,CGV Crescent Mall,28/09/2026,2D Phụ Đề Anh,22:30,"Tôi đã có cơ hội xem suất chiếu ""TRẠI BUÔN NGƯỜI"" tại rạp chiếu CGV Crescent Mall vào ngày 28/09/2026. Phim được chiếu với định dạng 2D Phụ Đề Anh và bắt đầu từ 22:30. Tôi cảm thấy trải nghiệm chiếu phim tuyệt vời, với hình ảnh và âm thanh đều được tối ưu hóa để mang đến cho khán giả trải nghiệm điện ảnh đầy đủ."
VÙNG ĐẤT QUỶ DỮ,CGV Crescent Mall,28/09/2026,2D Phụ Đề Việt,09:30,"Tôi vừa có cơ hội xem suất chiếu ""VÙNG ĐẤT QUỶ DỮ"" tại rạp chiếu CGV Crescent Mall và trải nghiệm thật tuyệt vời. Phim được chiếu với định dạng 2D Phụ Đề Việt và giờ chiếu là 09:30, tạo không khí yên tĩnh và tập trung cho khán giả. Mặc dù chỉ là một suất chiếu, nhưng tôi đã cảm nhận được sự sôi động và hứng thú từ khán giả xung quanh, tạo nên một bầu không khí thú vị và chờ đợi đến khi phim bắt đầu."
VÙNG ĐẤT QUỶ DỮ,CGV Crescent Mall,28/09/2026,2D Phụ Đề Việt | Rạp Lamour,19:30,"Tôi đã trải nghiệm suất chiếu ""VÙNG ĐẤT QUỶ DỮ"" tại rạp CGV Crescent Mall vào ngày 28/09/2026. Phim được chiếu trong định dạng 2D Phụ Đề Việt | Rạp Lamour và bắt đầu từ giờ 19:30. Không gian rạp chiếu sang trọng và ánh sáng nhẹ nhàng tạo không gian thoải mái cho khán giả. Phim đã mang đến cho tôi những khoảnh khắc tuyệt vời và những cảm xúc sâu sắc, khiến tôi không thể rời mắt khỏi màn hình."
VÙNG ĐẤT QUỶ DỮ,CGV Crescent Mall,28/09/2026,2D Phụ Đề Việt,23:10,"Tôi đã có cơ hội trải nghiệm suất chiếu ""VÙNG ĐẤT QUỶ DỮ"" tại CGV Crescent Mall vào ngày 28/09/2026. Khi bước vào rạp, tôi đã cảm thấy sự phấn khích và hứng thú từ những hiệu ứng đặc biệt và âm thanh sống động. Phim đã mang đến cho tôi một cảm giác như đang được đưa vào thế giới quỷ dữ, khiến tôi không thể rời mắt khỏi màn hình. Giờ chiếu 23:10 đã mang đến cho tôi một trải nghiệm tuyệt vời, khiến tôi trở nên thây ma."
ÚT LAN 2,CGV Crescent Mall,28/09/2026,2D Phụ Đề Anh,10:00,"Tôi vừa có cơ hội trải nghiệm suất chiếu ÚT LAN 2 tại rạp chiếu CGV Crescent Mall vào ngày 28/09/2026. Khi bước vào rạp, không khí trở nên sôi động và hào hứng vì sự ra mắt của bộ phim hot. Sau khi chọn ghế và chuẩn bị tinh thần, phim bắt đầu phát hành và tôi đã được mang đến một thế giới đầy màu sắc và hấp dẫn. Mặc dù chỉ là một bộ phim 2D Phụ Đề Anh, nhưng nó đã mang lại cho tôi một trải nghiệm thú vị và đáng nhớ."
ÚT LAN 2,CGV Crescent Mall,28/09/2026,2D Phụ Đề Anh,14:30,"Tôi vừa có cơ hội trải nghiệm suất chiếu ""ÚT LAN 2"" tại CGV Crescent Mall và thật tuyệt vời! Phim được chiếu với định dạng 2D Phụ Đề Anh vào ngày 28/09/2026 với giờ chiếu 14:30. Không khí rạp chiếu sôi động và thân thiện, tạo cảm giác thoải mái cho khán giả. Tôi đã được tận hưởng bộ phim này và cảm thấy thật sự ấn tượng với chất lượng hình ảnh và âm thanh."
ÚT LAN 2,CGV Crescent Mall,28/09/2026,2D Phụ Đề Anh,19:00,"Tôi vừa có cơ hội được trải nghiệm suất chiếu ""ÚT LAN 2"" tại CGV Crescent Mall vào ngày 28/09/2026. Khi bước vào rạp chiếu, không khí dần trở nên ấm áp và hào hứng trước sự ra đời của bộ phim này. Với định dạng 2D Phụ Đề Anh, trải nghiệm của tôi đã được nâng lên đến một mức độ mới, mang đến cảm giác gần gũi và sâu sắc hơn. Việc chiếu phim vào lúc 19:00 cũng giúp tôi tận hưởng khoảnh khắc yên bình trước màn ảnh, tạo nên một trải nghiệm đáng nhớ."
ÚT LAN 2,CGV Crescent Mall,28/09/2026,2D Phụ Đề Anh,22:00,"Hôm nay, tôi đã được tận hưởng bộ phim ÚT LAN 2 tại rạp chiếu CGV Crescent Mall. Phim được chiếu vào ngày 28/09/2026 với giờ chiếu 22:00. Với định dạng 2D Phụ Đề Anh, trải nghiệm xem phim đã trở nên sống động và hấp dẫn. Tôi đã có cơ hội tận hưởng bộ phim với chất lượng cao nhất tại rạp chiếu này."
AVENGERS: HỒI KẾT - PHIÊN BẢN ĐẶC BIỆT (CHIẾU LẠI),CGV Crescent Mall,29/09/2026,2D Phụ Đề Việt | Rạp Lamour,10:30,"Tôi vừa có cơ hội được xem suất chiếu AVENGERS: HỒI KẾT - PHIÊN BẢN ĐẶC BIỆT tại rạp chiếu CGV Crescent Mall và đó là một trải nghiệm tuyệt vời! Khi bước vào rạp, không khí được thiết kế tinh tế và ánh sáng màu hồng ấm áp tạo nên bầu không khí lãng mạn. Sau khi chọn ghế, tôi đã có một trải nghiệm tuyệt vời với phim AVENGERS: HỒI KẾT - PHIÊN BẢN ĐẶC BIỆT."
AVENGERS: HỒI KẾT - PHIÊN BẢN ĐẶC BIỆT (CHIẾU LẠI),CGV Crescent Mall,29/09/2026,2D Phụ Đề Việt | Rạp Lamour,16:00,"Tôi vừa có dịp xem suất chiếu ""AVENGERS: HỒI KẾT - PHIÊN BẢN ĐẶC BIỆT"" tại CGV Crescent Mall và trải nghiệm thật tuyệt vời! Phim được chiếu tại rạp Lamour với định dạng 2D Phụ Đề Việt và diễn ra vào ngày 29/09/2026. Thời gian chiếu là 16:00, tạo cảm giác hào hứng cho tôi. Mọi chi tiết đều được sắp xếp một cách lịch sự và chuyên nghiệp, tạo nên một trải nghiệm phim tuyệt vời."
AVENGERS: HỒI KẾT - PHIÊN BẢN ĐẶC BIỆT (CHIẾU LẠI),CGV Crescent Mall,29/09/2026,2D Phụ Đề Việt | Rạp Lamour,21:30,"Ngày 29/09/2026, rạp CGV Crescent Mall trở thành địa điểm quan trọng khi công chiếu phiên bản đặc biệt nhất của bộ phim AVENGERS: HỒI KẾT. Với định dạng 2D Phụ Đề Việt và Rạp Lamour, trải nghiệm xem phim sẽ trở nên gần gũi và ấm áp hơn. Khán giả có thể tận hưởng bộ phim tại giờ chiếu 21:30, tạo nên một không gian riêng tư và thoải mái. Đây là cơ hội để mọi người cùng nhau khám phá thế giới phiêu lưu và hành động trong bộ phim hot nhất hiện nay."
CHIIKAWA: BÍ MẬT ĐẢO NGƯỜI CÁ,CGV Crescent Mall,29/09/2026,2D Phụ Đề Anh & Việt,18:00,"Hôm nay, tôi đã có cơ hội được trải nghiệm suất chiếu ""CHIIKAWA: BÍ MẬT ĐẢO NGƯỜI CÁ"" tại rạp chiếu CGV Crescent Mall. Khi bước vào rạp, tôi đã được phục vụ một trải nghiệm tuyệt vời với định dạng 2D Phụ Đề Anh & Việt. Phim đã được chiếu tại giờ 18:00 và tôi đã tận hưởng từng phút cuối của bộ phim. Với chất lượng hình ảnh và âm thanh tuyệt vời, tôi đã được đưa vào thế giới của phim và không thể rời mắt. Đây là một trải nghiệm đáng nhớ cho tôi và tôi definitely sẽ trở lại xem lại bộ phim này trong tương lai."
HÒN ĐẢO QUÊN LÃNG,CGV Crescent Mall,29/09/2026,2D Lồng Tiếng Việt,19:40,"Hôm nay, tôi đã được tận hưởng một trải nghiệm phim chiếu rạp tuyệt vời tại CGV Crescent Mall với bộ phim HÒN ĐẢO QUÊN LÃNG. Phim được định dạng 2D lồng tiếng Việt và chiếu vào lúc 19:40, mang đến một trải nghiệm thú vị và dễ hiểu. Tôi đã có thể tận hưởng toàn bộ nội dung phim trong rạp chiếu, không cần phải lo lắng về việc dịch tiếng. Tất cả các thông tin đều được cung cấp rõ ràng, giúp cho việc xem phim trở nên dễ dàng và thú vị hơn."
LAPUTA: LÂU ĐÀI TRÊN KHÔNG,CGV Crescent Mall,29/09/2026,2D Lồng Tiếng Việt,12:50,"Tôi vừa đến rạp chiếu CGV Crescent Mall để xem suất chiếu LAPUTA: LÂU ĐÀI TRÊN KHÔNG vào ngày 29/09/2026. Với định dạng 2D lồng tiếng Việt và giờ chiếu 12:50, tôi đã có trải nghiệm thú vị và hấp dẫn tại suất chiếu này. Không khí rạp đầy đặn và tiếng cười rộn rã đã tạo nên một không khí vui vẻ và thú vị cho bản xem của tôi."
LAPUTA: LÂU ĐÀI TRÊN KHÔNG,CGV Crescent Mall,29/09/2026,2D Phụ Đề Việt,14:40,"Hôm nay, tôi đã có cơ hội được trải nghiệm suất chiếu LAPUTA: LÂU ĐÀI TRÊN KHÔNG tại rạp chiếu CGV Crescent Mall. Với định dạng 2D Phụ Đề Việt và giờ chiếu 14:40, tôi đã có một trải nghiệm thú vị và hấp dẫn ngay từ đầu. Không khí rạp đã được tạo nên bởi sự hào hứng của khán giả, tạo nên một bầu không khí đầy năng lượng và sôi động."
LAPUTA: LÂU ĐÀI TRÊN KHÔNG,CGV Crescent Mall,29/09/2026,2D Lồng Tiếng Việt,17:10,"Tôi vừa có cơ hội xem suất chiếu LAPUTA: LÂU ĐÀI TRÊN KHÔNG tại rạp chiếu CGV Crescent Mall vào ngày 29/09/2026. Phim được chiếu với định dạng 2D lồng tiếng Việt và giờ chiếu là 17:10. Cảm giác trong phòng rạp rất ấm cúng và thú vị, tôi đã có một trải nghiệm tuyệt vời khi xem phim này."
LÊN HƯƠNG,CGV Crescent Mall,29/09/2026,2D Phụ Đề Anh,09:35,"Tôi vừa có cơ hội xem suất chiếu LÊN HƯƠNG tại rạp chiếu CGV Crescent Mall vào ngày 29/09/2026. Với định dạng 2D Phụ Đề Anh, trải nghiệm của tôi được nâng lên bởi các hình ảnh và âm thanh sống động. Phim được chiếu vào giờ 09:35, tạo nên một không gian yên tĩnh và tập trung cho khán giả. Đây là một trải nghiệm tuyệt vời cho những người yêu thích bộ phim này."
LÊN HƯƠNG,CGV Crescent Mall,29/09/2026,2D Phụ Đề Anh,10:20,"Tôi vừa có cơ hội xem suất chiếu đầu tiên của bộ phim ""LÊN HƯƠNG"" tại rạp chiếu CGV Crescent Mall và thật tuyệt vời! Phim được chiếu với định dạng 2D Phụ Đề Anh, tạo nên trải nghiệm xem phim độc đáo và hấp dẫn. Tôi đã được xem phim vào giờ 10:20 và cảm thấy rằng nó là một trải nghiệm tuyệt vời, với hình ảnh và âm thanh được thiết kế để tạo nên một cảm giác đặc biệt cho khán giả."
LÊN HƯƠNG,CGV Crescent Mall,29/09/2026,2D Phụ Đề Anh,15:30,"Tôi vừa có cơ hội xem suất chiếu LÊN HƯƠNG tại rạp chiếu CGV Crescent Mall và đó là một trải nghiệm tuyệt vời! Phim được chiếu vào ngày 29/09/2026 với định dạng 2D Phụ Đề Anh và giờ chiếu là 15:30. Không khí tại rạp đã được tạo ra bởi sự sôi động và nhiệt tình của khán giả, chúng tôi đã được hòa nhập vào không gian phim ảnh và được trải nghiệm toàn diện của bộ phim."
LÊN HƯƠNG,CGV Crescent Mall,29/09/2026,2D Phụ Đề Anh,20:15,"Hôm nay, tôi đã có cơ hội xem suất chiếu ""LÊN HƯƠNG"" tại rạp chiếu CGV Crescent Mall. Vào buổi tối 20:15, tôi đã có trải nghiệm tuyệt vời với bộ phim được chiếu trong định dạng 2D Phụ Đề Anh. Không khí trong rạp chiếu đã trở nên sôi động và hào hứng, tất cả khán giả đều sẵn sàng để tận hưởng bộ phim này."
LÊN HƯƠNG,CGV Crescent Mall,29/09/2026,2D Phụ Đề Anh,22:40,"Tôi vừa có cơ hội xem suất chiếu ""LÊN HƯƠNG"" tại rạp chiếu CGV Crescent Mall và đó là một trải nghiệm tuyệt vời! Phim được chiếu với định dạng 2D Phụ Đề Anh và bắt đầu vào lúc 22:40. Mặc dù không có thông tin chi tiết về nội dung phim, nhưng atmosphere tại rạp chiếu đã tạo ra một không gian thú vị cho khán giả. Tôi đã có một đêm chiếu phim thú vị và đáng nhớ."
MARNIE YÊU DẤU,CGV Crescent Mall,29/09/2026,2D Phụ Đề Việt,12:20,"Hôm nay, tôi đã có cơ hội được xem suất chiếu phim ""MARNIE YÊU DẤU"" tại rạp chiếu CGV Crescent Mall. Phim được định dạng là 2D Phụ Đề Việt và được chiếu vào ngày 29/09/2026. Tôi đã đến rạp vào thời điểm 12:20 và cảm nhận được sự sôi động và hứng thú từ khán giả. Không gian rạp chiếu thoải mái và nhân viên thân thiện, tạo nên một trải nghiệm đáng nhớ cho tôi."
MARNIE YÊU DẤU,CGV Crescent Mall,29/09/2026,2D Phụ Đề Việt,16:50,"Vào ngày 29/09/2026, rạp chiếu CGV Crescent Mall chính thức đưa ""MARNIE YÊU DẤU"" đến khán giả tại Crescent Mall. Đây là một sự kiện chiếu phim quan trọng với định dạng 2D Phụ Đề Việt và giờ chiếu là 16:50. Nếu bạn đang tìm kiếm một trải nghiệm xem phim tại rạp với chất lượng ảnh và âm thanh tốt, ""MARNIE YÊU DẤU"" có thể là lựa chọn phù hợp cho bạn. Hãy đến rạp và trải nghiệm!"
TRẠI BUÔN NGƯỜI,CGV Crescent Mall,29/09/2026,2D Phụ Đề Anh,09:40,"Hôm nay, tôi có cơ hội xem lại suất chiếu ""TRẠI BUÔN NGƯỜI"" tại rạp chiếu CGV Crescent Mall, một trải nghiệm tuyệt vời trong đêm 29/09/2026. Phim được chiếu với định dạng 2D Phụ Đề Anh và thời gian chiếu là 09:40, tạo không khí hứng thú cho khán giả. Tôi đã tận hưởng khoảnh khắc đầu tiên của phim này trong không gian rạp chiếu hiện đại, cảm nhận được sự năng động và hứng thú từ khán giả xung quanh."
TRẠI BUÔN NGƯỜI,CGV Crescent Mall,29/09/2026,2D Phụ Đề Anh | Rạp Cine & Living Room,10:50,"Tôi đã có cơ hội được tận hưởng suất chiếu TRẠI BUÔN NGƯỜI tại rạp chiếu CGV Crescent Mall vào ngày 29/09/2026. Trong không gian rạp chiếu ấm cúng, tôi đã được trải nghiệm một trải nghiệm điện ảnh đầy cảm giác và sống động với định dạng 2D Phụ Đề Anh. Thời gian chiếu là 10:50, tạo nên một bầu không khí yên tĩnh và tập trung cho mọi người trong khi chờ đợi phim."
TRẠI BUÔN NGƯỜI,CGV Crescent Mall,29/09/2026,2D Phụ Đề Anh,11:30,"Tôi đã có dịp tận hưởng suất chiếu ""TRẠI BUÔN NGƯỜI"" tại rạp chiếu CGV Crescent Mall vào ngày 29/09/2026. Phim được chiếu với định dạng 2D Phụ Đề Anh và thời gian chiếu là 11:30. Mặc dù chỉ là một lần xem, nhưng tôi cảm nhận được sự hấp dẫn của bộ phim này đã để lại ấn tượng lâu dài."
TRẠI BUÔN NGƯỜI,CGV Crescent Mall,29/09/2026,2D Phụ Đề Anh,12:00,"Trong ngày 29/09/2026, CGV Crescent Mall được chào đón một buổi chiếu của bộ phim TRẠI BUÔN NGƯỜI. Với định dạng 2D Phụ Đề Anh và giờ chiếu là 12:00, khán giả đã có cơ hội trải nghiệm bộ phim này trong một không gian riêng tư và tiện nghi. Bộ phim được chiếu với chất lượng hình ảnh tốt và âm thanh rõ ràng, tạo nên một trải nghiệm xem phim đáng nhớ cho khán giả."
TRẠI BUÔN NGƯỜI,CGV Crescent Mall,29/09/2026,2D Phụ Đề Anh,12:30,"Tôi vừa có cơ hội tham gia vào suất chiếu đầu tiên của bộ phim TRẠI BUÔN NGƯỜI tại rạp chiếu CGV Crescent Mall vào ngày 29/09/2026. Tôi đã chọn thời điểm 12:30 để thưởng thức bộ phim 2D Phụ Đề Anh này. Mặc dù không có nhiều thông tin về nội dung phim, nhưng tôi vẫn rất hào hứng khi cùng nhau trải nghiệm từng khoảnh khắc."
TRẠI BUÔN NGƯỜI,CGV Crescent Mall,29/09/2026,2D Phụ Đề Anh | Rạp Cine & Living Room,13:40,Tôi đã có cơ hội xem suất chiếu TRẠI BUÔN NGƯỜI tại rạp chiếu CGV Crescent Mall vào ngày 29/09/2026. Phim được chiếu với định dạng 2D Phụ Đề Anh và có hai lựa chọn xem: Rạp Cine hay Living Room. Tôi chọn thời gian xem là 13:40 và trải nghiệm là tuyệt vời.
TRẠI BUÔN NGƯỜI,CGV Crescent Mall,29/09/2026,2D Phụ Đề Anh,14:20,"Tôi vừa có cơ hội xem suất chiếu ""TRẠI BUÔN NGƯỜI"" tại rạp chiếu CGV Crescent Mall. Phim được chiếu với định dạng 2D Phụ Đề Anh và giờ chiếu là 14:20. Trải nghiệm xem phim rất thú vị và hấp dẫn, tôi đã tận hưởng từng khoảnh khắc trên màn hình."
TRẠI BUÔN NGƯỜI,CGV Crescent Mall,29/09/2026,2D Phụ Đề Anh,15:10,"Hôm nay, tôi đã được trải nghiệm sự tuyệt vời của suất chiếu TRẠI BUÔN NGƯỜI tại CGV Crescent Mall. Phim được chiếu trong định dạng 2D Phụ Đề Anh và đã bắt đầu từ 15:10. Đó là một trải nghiệm tuyệt vời, với hình ảnh và âm thanh sắc nét, mang đến một cuộc phiêu lưu đầy thú vị và đầy màu sắc. Tôi đã cảm thấy mình đang được kéo vào thế giới phim, với những cảnh quay và nhân vật sống động."
TRẠI BUÔN NGƯỜI,CGV Crescent Mall,29/09/2026,2D Phụ Đề Anh | Rạp Cine & Living Room,16:30,"Ngày 29/09/2026, bạn đã có cơ hội trải nghiệm suất chiếu phim TRẠI BUÔN NGƯỜI tại rạp chiếu CGV Crescent Mall. Phim được chiếu định dạng 2D Phụ Đề Anh, tạo nên một không gian thư giãn và thú vị. Thời gian chiếu là 16:30, hứa hẹn sẽ là một trải nghiệm thú vị cho khán giả."
TRẠI BUÔN NGƯỜI,CGV Crescent Mall,29/09/2026,2D Phụ Đề Anh,17:00,"Hôm nay, tôi đã có dịp được tận hưởng suất chiếu ""TRẠI BUÔN NGƯỜI"" tại rạp CGV Crescent Mall. Phim được chiếu với định dạng 2D Phụ Đề Anh và giờ chiếu là 17:00. Không gian rạp đã được trang bị đầy đủ mọi thứ cần thiết để tạo trải nghiệm tuyệt vời cho khán giả. Khi bước vào rạp, tôi đã cảm thấy sự thoải mái và sẵn sàng để tham gia vào hành trình điện ảnh này."
TRẠI BUÔN NGƯỜI,CGV Crescent Mall,29/09/2026,2D Phụ Đề Anh,17:50,"Ngày 29/09/2026, tôi đã có cơ hội được trải nghiệm suất chiếu ""TRẠI BUÔN NGƯỜI"" tại rạp CGV Crescent Mall. Phim được chiếu với định dạng 2D Phụ Đề Anh và giờ chiếu là 17:50. Tôi đã tận hưởng khoảnh khắc chiếu sáng của màn ảnh, cảm nhận được sự sống động và hấp dẫn của hình ảnh trên màn hình. Đó là một trải nghiệm tuyệt vời!"
TRẠI BUÔN NGƯỜI,CGV Crescent Mall,29/09/2026,2D Phụ Đề Anh | Rạp Cine & Living Room,19:10,"Tôi đã tham gia xem suất chiếu TRẠI BUÔN NGƯỜI tại rạp chiếu CGV Crescent Mall vào ngày 29/09/2026. Đây là một trải nghiệm thú vị với định dạng 2D Phụ Đề Anh và thời gian chiếu tại 19:10. Trong khi đó, tôi được tận hưởng không gian sống ảo ấm áp của rạp chiếu, tạo cảm giác như mình đang ở ngay trong thế giới của phim."
TRẠI BUÔN NGƯỜI,CGV Crescent Mall,29/09/2026,2D Phụ Đề Anh,19:50,"Hôm nay, tôi đã có cơ hội được trải nghiệm suất chiếu TRẠI BUÔN NGƯỜI tại rạp chiếu CGV Crescent Mall. Phim được chiếu với định dạng 2D Phụ Đề Anh và giờ chiếu là 19:50. Tôi đã có trải nghiệm thú vị và được chiêm ngưỡng màn hình lớn cùng với hàng nghìn khán giả khác. Mỗi giây phim đều mang đến những khoảnh khắc hấp dẫn và cuốn hút. Tôi cảm thấy mình đã được đưa vào thế giới phim và trải nghiệm cảm xúc sâu sắc cùng với các nhân vật."
TRẠI BUÔN NGƯỜI,CGV Crescent Mall,29/09/2026,2D Phụ Đề Anh,20:30,"Hôm nay, tôi đã có cơ hội trải nghiệm xem một suất chiếu phim tại rạp CGV Crescent Mall. Phim ""TRẠI BUÔN NGƯỜI"" đã gây ấn tượng với tôi với định dạng 2D Phụ Đề Anh và giờ chiếu 20:30. Atmosphere rạp được trang bị đầy đủ để tạo không gian thoải mái cho khán giả, đồng thời cung cấp một trải nghiệm xem phim tuyệt vời."
TRẠI BUÔN NGƯỜI,CGV Crescent Mall,29/09/2026,2D Phụ Đề Anh | Rạp Cine & Living Room,21:50,"Tôi vừa có cơ hội trải nghiệm suất chiếu TRẠI BUÔN NGƯỜI tại CGV Crescent Mall vào ngày 29/09/2026. Phim được chiếu với định dạng 2D Phụ Đề Anh và được phát sóng tại rạp Cine & Living Room. Khi đến xem, tôi đã có một trải nghiệm thú vị với thời gian chiếu là 21:50."
TRẠI BUÔN NGƯỜI,CGV Crescent Mall,29/09/2026,2D Phụ Đề Anh,22:30,"Tôi đã được fortunate đến rạp chiếu CGV Crescent Mall để xem suất chiếu TRẠI BUÔN NGƯỜI vào ngày 29/09/2026. Phim được chiếu theo định dạng 2D Phụ Đề Anh với giờ chiếu là 22:30, tạo nên một trải nghiệm độc đáo và gần gũi với khán giả."
VÙNG ĐẤT QUỶ DỮ,CGV Crescent Mall,29/09/2026,2D Phụ Đề Việt,09:30,"Ngày 29/9/2026, tôi đã có trải nghiệm tuyệt vời tại rạp chiếu CGV Crescent Mall khi xem phim VÙNG ĐẤT QUỶ DỮ. Phim được chiếu trong định dạng 2D Phụ Đề Việt và có giờ chiếu là 09:30. Môi trường rạp chiếu rất ấm áp và sẵn sàng chào đón khán giả. Tôi đã tận hưởng không gian rạp chiếu và chất lượng màn ảnh, cảm thấy như mình đã ở trong thế giới phim."
VÙNG ĐẤT QUỶ DỮ,CGV Crescent Mall,29/09/2026,2D Phụ Đề Việt | Rạp Lamour,14:00,"Tôi đã có cơ hội xem suất chiếu ""VÙNG ĐẤT QUỶ DỮ"" tại rạp CGV Crescent Mall vào ngày 29/09/2026. Đây là một trải nghiệm độc đáo với phụ đề Việt và định dạng 2D Phụ Đề. Tôi đã chọn buổi chiếu vào giờ 14:00 và cảm thấy thoải mái trong không gian rạp chiếu. Trong khi chờ đợi, tôi đã có thời gian để xem phim với chất lượng tốt và chất âm thanh đầy đủ."
VÙNG ĐẤT QUỶ DỮ,CGV Crescent Mall,29/09/2026,2D Phụ Đề Việt | Rạp Lamour,19:30,"Tôi vừa có cơ hội trải nghiệm suất chiếu ""VÙNG ĐẤT QUỶ DỮ"" tại rạp chiếu CGV Crescent Mall vào ngày 29/09/2026. Đây là một trải nghiệm tuyệt vời với hình ảnh 2D Phụ Đề Việt và Rạp Lamour. Phim được chiếu vào lúc 19:30, tạo không gian yên tĩnh và phù hợp cho cả những người yêu thích phim hoạt hình. Tôi đã cảm nhận được sự lãng mạn và hạnh phúc trong mỗi khung hình, tạo nên một trải nghiệm không thể quên."
VÙNG ĐẤT QUỶ DỮ,CGV Crescent Mall,29/09/2026,2D Phụ Đề Việt,23:10,"Tôi vừa có cơ hội được xem suất chiếu VÙNG ĐẤT QUỶ DỮ tại rạp chiếu CGV Crescent Mall vào ngày 29/09/2026. Trong trải nghiệm ngắn ngủi nhưng đầy cảm xúc, phim đã mang đến cho tôi một không gian huyền bí và sâu sắc, được chiếu ở định dạng 2D Phụ Đề Việt và giờ 23:10."
ÚT LAN 2,CGV Crescent Mall,29/09/2026,2D Phụ Đề Anh,10:00,"Tôi đã có cơ hội được trải nghiệm suất chiếu ÚT LAN 2 tại rạp chiếu CGV Crescent Mall vào ngày 29/09/2026. Phim được chiếu dưới định dạng 2D Phụ Đề Anh với giờ chiếu là 10:00. Không chỉ có nội dung hấp dẫn, màn chiếu cũng được thiết kế tinh tế và ấn tượng. Tôi cảm thấy như mình đã được thả vào thế giới mới mẻ và thú vị."
ÚT LAN 2,CGV Crescent Mall,29/09/2026,2D Phụ Đề Anh,14:30,"Tôi đã có cơ hội được xem chiếu ""ÚT LAN 2"" tại rạp chiếu CGV Crescent Mall vào ngày 29/09/2026. Phim được trình chiếu theo định dạng 2D Phụ Đề Anh và có giờ chiếu là 14:30. Mặc dù không có nhiều thông tin về nội dung phim, nhưng trải nghiệm xem phim này đã giúp tôi cảm nhận được sự sôi động và đầy tham vọng của bộ phim. Tôi tin rằng ""ÚT LAN 2"" sẽ là một lựa chọn tuyệt vời cho những người yêu thích thể loại phim hành động."
ÚT LAN 2,CGV Crescent Mall,29/09/2026,2D Phụ Đề Anh,19:00,"Ngày 29/09/2026, tôi đã có cơ hội trải nghiệm suất chiếu ""ÚT LAN 2"" tại rạp chiếu CGV Crescent Mall. Sự kiện phim được tổ chức vào lúc 19:00 trong định dạng 2D Phụ Đề Anh, mang đến trải nghiệm xem phim đầy đủ và hấp dẫn."
ÚT LAN 2,CGV Crescent Mall,29/09/2026,2D Phụ Đề Anh,22:00,"Hôm nay, tôi đã có cơ hội xem suất chiếu ""ÚT LAN 2"" tại rạp chiếu CGV Crescent Mall. Phim được định dạng 2D Phụ Đề Anh và chiếu vào lúc 22:00, tạo nên một không khí hứng thú và hấp dẫn. Tôi đã tận hưởng trải nghiệm xem phim này và cảm thấy được thu hút bởi các hiệu ứng và thiết kế độc đáo."
AVENGERS: HỒI KẾT - PHIÊN BẢN ĐẶC BIỆT (CHIẾU LẠI),CGV Crescent Mall,30/09/2026,2D Phụ Đề Việt | Rạp Lamour,10:30,"Hôm nay, tôi đã có cơ hội được trải nghiệm suất chiếu ""AVENGERS: HỒI KẾT - PHIÊN BẢN ĐẶC BIỆT"" tại rạp chiếu CGV Crescent Mall. Phim được chiếu với định dạng 2D Phụ Đề Việt và Rạp Lamour, tạo nên một không gian riêng biệt và thú vị cho khán giả. Tôi đã xem suất chiếu vào lúc 10:30 chiều, và cảm thấy mình đã không bỏ lỡ bất cứ điều gì quan trọng."
AVENGERS: HỒI KẾT - PHIÊN BẢN ĐẶC BIỆT (CHIẾU LẠI),CGV Crescent Mall,30/09/2026,2D Phụ Đề Việt | Rạp Lamour,16:00,"Tôi đã có cơ hội tham gia xem suất chiếu AVENGERS: HỒI KẾT - PHIÊN BẢN ĐẶC BIỆT tại rạp chiếu CGV Crescent Mall vào ngày 30/09/2026. Sự kiện này đã mang đến trải nghiệm thú vị và ấn tượng cho tôi, với giờ chiếu 16:00. Tôi đã được tận hưởng trải nghiệm xem phim trong không gian rạp chiếu rộng rãi và hiện đại, cùng với đó là sự thú vị của bộ phim."
AVENGERS: HỒI KẾT - PHIÊN BẢN ĐẶC BIỆT (CHIẾU LẠI),CGV Crescent Mall,30/09/2026,2D Phụ Đề Việt | Rạp Lamour,21:30,"Tôi đã có cơ hội xem suất chiếu AVENGERS: HỒI KẾT - PHIÊN BẢN ĐẶC BIỆT tại rạp chiếu CGV Crescent Mall vào ngày 30/09/2026. Sân chiếu này mang đến trải nghiệm tuyệt vời với màn ảnh rộng 2D Phụ Đề Việt và rạp Lamour, tạo không gian riêng tư cho khán giả. Phim chiếu sáng vào giờ 21:30, tôi đã có một trải nghiệm đáng nhớ với những khoảnh khắc tuyệt vời trong bộ phim."
CHIIKAWA: BÍ MẬT ĐẢO NGƯỜI CÁ,CGV Crescent Mall,30/09/2026,2D Phụ Đề Anh & Việt,18:00,"Tôi vừa có trải nghiệm tuyệt vời khi xem suất chiếu ""CHIIKAWA: BÍ MẬT ĐẢO NGƯỜI CÁ"" tại rạp CGV Crescent Mall. Phim được chiếu với định dạng 2D Phụ Đề Anh & Việt và bắt đầu từ 18:00. Mọi thứ được chuẩn bị kỹ lưỡng, tạo nên không khí sôi động và hào hứng cho khán giả. Tôi đã có một buổi xem tuyệt vời, trải nghiệm phim với chất lượng cao và chất lượng phụ đề đa ngôn ngữ."
HÒN ĐẢO QUÊN LÃNG,CGV Crescent Mall,30/09/2026,2D Lồng Tiếng Việt,19:40,"Tôi đã có dịp được trải nghiệm suất chiếu ""HÒN ĐẢO QUÊN LÃNG"" tại rạp CGV Crescent Mall vào ngày 30/09/2026. Với định dạng 2D lồng tiếng Việt và giờ chiếu 19:40, không khí rạp trở nên ấm áp và thân thiện. Thông qua trải nghiệm này, tôi đã có cơ hội để thưởng thức phim với âm thanh và hình ảnh sắc nét, tạo nên một trải nghiệm thú vị và đáng nhớ."
LAPUTA: LÂU ĐÀI TRÊN KHÔNG,CGV Crescent Mall,30/09/2026,2D Lồng Tiếng Việt,12:50,"Hôm nay, tôi đã có cơ hội được tận hưởng suất chiếu ""LAPUTA: LÂU ĐÀI TRÊN KHÔNG"" tại rạp chiếu CGV Crescent Mall. Phim được chiếu dưới định dạng 2D và lồng tiếng Việt, cho thấy sự đầu tư lớn vào chất lượng trình diễn. Tôi đã xem phim vào thời điểm 12:50 và trải nghiệm nó từ đầu đến cuối, cảm nhận được sự hấp dẫn và thú vị của nội dung phim."
LAPUTA: LÂU ĐÀI TRÊN KHÔNG,CGV Crescent Mall,30/09/2026,2D Phụ Đề Việt,14:40,"Hôm nay, tôi có cơ hội được trải nghiệm suất chiếu phim LAPUTA: LÂU ĐÀI TRÊN KHÔNG tại rạp chiếu CGV Crescent Mall. Phim được chiếu với định dạng 2D Phụ Đề Việt và thời gian chiếu là 14:40. Khi bước vào rạp, không khí trở nên sôi động và hứng khởi, sẵn sàng để đón nhận khán giả. Tôi đã có trải nghiệm tuyệt vời, tận hưởng những khoảnh khắc đầy cảm xúc và thú vị của bộ phim."
LAPUTA: LÂU ĐÀI TRÊN KHÔNG,CGV Crescent Mall,30/09/2026,2D Lồng Tiếng Việt,17:10,"Tôi vừa xem suất chiếu LAPUTA: LÂU ĐÀI TRÊN KHÔNG tại rạp chiếu CGV Crescent Mall vào ngày 30/09/2026. Đây là một trải nghiệm tuyệt vời với định dạng 2D lồng tiếng Việt và giờ chiếu 17:10 tạo sự thoải mái cho khán giả. Mỗi giây trong phim đều mang đến một cảm giác sôi động và thú vị, giúp tôi cảm nhận được sự kiện hấp dẫn này trên màn ảnh."
LÊN HƯƠNG,CGV Crescent Mall,30/09/2026,2D Phụ Đề Anh,09:35,"Tôi vừa có cơ hội được tham gia vào một trải nghiệm đáng nhớ tại suất chiếu phim ""LÊN HƯƠNG"" tại rạp chiếu CGV Crescent Mall. Phim được chiếu với định dạng 2D Phụ Đề Anh và bắt đầu chiếu vào lúc 09:35. Mọi thứ đã được chuẩn bị kĩ lưỡng, tạo ra một không gian tuyệt vời để tận hưởng bộ phim."
LÊN HƯƠNG,CGV Crescent Mall,30/09/2026,2D Phụ Đề Anh,10:20,"Hôm nay, tôi có cơ hội được trải nghiệm suất chiếu ""LÊN HƯƠNG"" tại rạp chiếu CGV Crescent Mall. Phim được chiếu với định dạng 2D Phụ Đề Anh và bắt đầu từ 10:20. Khác với những suất chiếu khác, không khí tại rạp đang rất sôi động và đầy thú vị, chờ đợi cho chúng ta những khoảnh khắc tuyệt vời."
LÊN HƯƠNG,CGV Crescent Mall,30/09/2026,2D Phụ Đề Anh,15:30,"Tôi vừa xem được suất chiếu LÊN HƯƠNG tại rạp CGV Crescent Mall vào ngày 30/09/2026. Phim được chiếu với định dạng 2D Phụ Đề Anh và bắt đầu tại giờ 15:30. Không khí rạp đầy người, mọi người đều đang chờ đợi sự ra đời của bộ phim này. Tôi cảm thấy hào hứng khi được trải nghiệm những khoảnh khắc phim được chiếu trên màn hình lớn."
LÊN HƯƠNG,CGV Crescent Mall,30/09/2026,2D Phụ Đề Anh,20:15,"Hôm nay, tôi đã được cơ hội trải nghiệm suất chiếu LÊN HƯƠNG tại rạp CGV Crescent Mall. Phim được chiếu vào ngày 30/09/2026 với định dạng 2D Phụ Đề Anh và giờ chiếu là 20:15. Đây là một trải nghiệm thú vị, giúp tôi có thể cảm nhận được sự sống động và hấp dẫn của bộ phim này."
LÊN HƯƠNG,CGV Crescent Mall,30/09/2026,2D Phụ Đề Anh,22:40,"Tôi đã có幸 được trải nghiệm suất chiếu ""LÊN HƯƠNG"" tại rạp CGV Crescent Mall vào ngày 30/09/2026. Phim được chiếu với định dạng 2D Phụ Đề Anh và bắt đầu từ 22:40. Không khí rạp đã được chuẩn bị hoàn hảo, tạo không gian thoải mái cho khán giả. Khi phim bắt đầu, tôi đã được đưa vào thế giới phô đại và đầy màu sắc, khiến cho trải nghiệm xem phim trở nên sống động và hấp dẫn."
MARNIE YÊU DẤU,CGV Crescent Mall,30/09/2026,2D Phụ Đề Việt,12:20,"Tôi vừa đặt vé xem phim MARNIE YÊU DẤU tại rạp chiếu CGV Crescent Mall và giờ chiếu 12:20 là thời điểm hoàn hảo để thưởng thức bộ phim này. Bộ phim được định dạng 2D Phụ Đề Việt và chiếu trên màn hình lớn, tạo nên trải nghiệm tuyệt vời cho khán giả. Tôi cảm thấy hào hứng khi bước vào rạp chiếu và chờ đợi bộ phim mới của mình."
MARNIE YÊU DẤU,CGV Crescent Mall,30/09/2026,2D Phụ Đề Việt,16:50,"Tôi đã tham gia xem suất chiếu ""MARNIE YÊU DẤU"" tại rạp CGV Crescent Mall vào ngày 30/09/2026 và trải nghiệm thật tuyệt vời. Phim được chiếu với định dạng 2D Phụ Đề Việt và giờ chiếu là 16:50, tạo nên một không khí ấm áp và thân mật. Tôi đã được tận hưởng một bộ phim hay và hấp dẫn, với hình ảnh và âm thanh sắc nét, giúp tôi cảm thấy như mình đang được cuốn vào câu chuyện."
TRẠI BUÔN NGƯỜI,CGV Crescent Mall,30/09/2026,2D Phụ Đề Anh,09:40,"Hôm 30/09/2026, tôi đã có cơ hội được trải nghiệm suất chiếu phim TRẠI BUÔN NGƯỜI tại rạp chiếu CGV Crescent Mall. Phim được chiếu với định dạng 2D Phụ Đề Anh và giờ chiếu là 09:40. Trong vài phút xem phim, tôi đã cảm nhận được sự hấp dẫn và thú vị của bộ phim này. Mặc dù chỉ xem một đoạn ngắn, nhưng tôi đã có thể cảm nhận được chất lượng hình ảnh và âm thanh chất lượng cao. Tôi sẽ tiếp tục theo dõi và đánh giá bộ phim này trong tương lai."
TRẠI BUÔN NGƯỜI,CGV Crescent Mall,30/09/2026,2D Phụ Đề Anh | Rạp Cine & Living Room,10:50,"Ngày 30/09/2026, CGV Crescent Mall mang đến trải nghiệm khán giả với suất chiếu phim TRẠI BUÔN NGƯỜI. Phim được chiếu dưới định dạng 2D Phụ Đề Anh, tạo không gian riêng tư và thoải mái cho khán giả tại rạp Cine & Living Room. Sau khi chọn giờ chiếu 10:50, khán giả có cơ hội tận hưởng bộ phim tại rạp với không gian ấm áp và chuyên nghiệp."
TRẠI BUÔN NGƯỜI,CGV Crescent Mall,30/09/2026,2D Phụ Đề Anh,11:30,"Trong đêm 30/09/2026, rạp CGV Crescent Mall chào đón khán giả đến xem siêu phẩm mới TRẠI BUÔN NGƯỜI với định dạng 2D Phụ Đề Anh và giờ chiếu 11:30. Đây là một trải nghiệm tuyệt vời để thưởng thức phim với chất lượng cao và âm thanh sống động."
TRẠI BUÔN NGƯỜI,CGV Crescent Mall,30/09/2026,2D Phụ Đề Anh,12:00,"Trong sự sôi động của ngày 30/09/2026, CGV Crescent Mall chứng kiến sự ra đời của ""TRẠI BUÔN NGƯỜI"" với một trải nghiệm phim ảnh không thể quên. Sự kết hợp hoàn hảo giữa hình ảnh 2D Phụ Đề Anh và khung giờ 12:00 đã mang đến cho khán giả một trải nghiệm đầy thú vị. Đây là cơ hội tuyệt vời để khám phá một thế giới mới trong sự giải trí của bạn."
TRẠI BUÔN NGƯỜI,CGV Crescent Mall,30/09/2026,2D Phụ Đề Anh,12:30,"Hôm nay, tôi đã có cơ hội xem suất chiếu TRẠI BUÔN NGƯỜI tại CGV Crescent Mall. Phim được chiếu dưới định dạng 2D Phụ Đề Anh và bắt đầu từ giờ 12:30. Mặc dù chỉ là một sự kiện ngắn, nhưng tôi đã tận hưởng trải nghiệm xem phim này. Không gian rạp chiếu thoải mái và đội ngũ phục vụ thân thiện. Tôi hy vọng sẽ có nhiều cơ hội khác như vậy để trải nghiệm thêm."
TRẠI BUÔN NGƯỜI,CGV Crescent Mall,30/09/2026,2D Phụ Đề Anh | Rạp Cine & Living Room,13:40,"Tôi đã có cơ hội được đến rạp chiếu ""TRẠI BUÔN NGƯỜI"" tại CGV Crescent Mall vào ngày 30/09/2026. Phim được chiếu với định dạng 2D Phụ Đề Anh | Rạp Cine & Living Room và bắt đầu vào giờ 13:40. Ngoài ra, tôi cũng có thể trải nghiệm phim tại nhà với định dạng Rạp Cine & Living Room. Sự đa dạng của phương thức chiếu phim cho phép tôi tận hưởng trải nghiệm xem phim một cách linh hoạt."
TRẠI BUÔN NGƯỜI,CGV Crescent Mall,30/09/2026,2D Phụ Đề Anh,14:20,"Tôi đã có cơ hội xem suất chiếu ""TRẠI BUÔN NGƯỜI"" tại rạp CGV Crescent Mall vào ngày 30/09/2026. Khi bước vào rạp, tôi được trải nghiệm một không gian hiện đại và sang trọng. Sau đó, tôi đã có cơ hội tận hưởng bộ phim ""TRẠI BUÔN NGƯỜI"" với định dạng 2D Phụ Đề Anh và giờ chiếu 14:20, tạo nên một trải nghiệm thú vị và đầy kích thích."
TRẠI BUÔN NGƯỜI,CGV Crescent Mall,30/09/2026,2D Phụ Đề Anh,15:10,"Ngày 30/09/2026, tôi đã có cơ hội trải nghiệm suất chiếu phim TRẠI BUÔN NGƯỜI tại rạp chiếu CGV Crescent Mall. Thông qua thiết kế 2D Phụ Đề Anh, tôi đã được tận hưởng một hành trình thú vị. Giờ chiếu 15:10 đã cho tôi một trải nghiệm đầy thú vị, giúp tôi có thể thích nghi với những tình huống mới mẻ. Sắp xếp của phim đã mang đến cho tôi một khoảng thời gian giải trí tuyệt vời."
TRẠI BUÔN NGƯỜI,CGV Crescent Mall,30/09/2026,2D Phụ Đề Anh | Rạp Cine & Living Room,16:30,"Tôi đã đến rạp CGV Crescent Mall để xem suất chiếu TRẠI BUÔN NGƯỜI vào ngày 30/09/2026. Mọi thứ đã được chuẩn bị đầy đủ, từ ghế ngồi thoải mái đến hệ thống ánh sáng và âm thanh hiện đại. Phim được chiếu với định dạng 2D Phụ Đề Anh, tạo nên một trải nghiệm xem phim mượt mà và đầy đủ. Tôi đã chọn giờ chiếu 16:30 và có một trải nghiệm tuyệt vời khi xem suất chiếu này."
TRẠI BUÔN NGƯỜI,CGV Crescent Mall,30/09/2026,2D Phụ Đề Anh,17:00,"Tôi đã có cơ hội được trải nghiệm suất chiếu ""TRẠI BUÔN NGƯỜI"" tại rạp chiếu CGV Crescent Mall vào ngày 30/09/2026. Khi bước vào rạp, tôi đã cảm thấy sự thú vị và bất ngờ khi bắt đầu xem phim. Thời gian 2 giờ của bộ phim đã khiến tôi mất đi thời gian thực tế và trở nên một phần của thế giới hư cấu. Cảm giác hứng khởi và căng thẳng đã được trải nghiệm trong suốt quá trình xem phim."
TRẠI BUÔN NGƯỜI,CGV Crescent Mall,30/09/2026,2D Phụ Đề Anh,17:50,"Hôm nay, tôi đã có cơ hội tham gia xem suất chiếu phim TRẠI BUÔN NGƯỜI tại rạp CGV Crescent Mall. Phim được chiếu vào ngày 30/09/2026 với định dạng 2D Phụ Đề Anh và thời gian 17:50. Mặc dù chỉ được biết một chút về nội dung phim, tôi đã cảm thấy hứng thú khi chứng kiến sự kiện này. Mặc dù đã biết trước thời gian chiếu, tôi vẫn cảm thấy bình tĩnh và sẵn sàng để thưởng thức phim."
TRẠI BUÔN NGƯỜI,CGV Crescent Mall,30/09/2026,2D Phụ Đề Anh | Rạp Cine & Living Room,19:10,"Vào ngày 30/09/2026, rạp CGV Crescent Mall sẽ mang đến cho bạn trải nghiệm chiếu suất chiếu TRẠI BUÔN NGƯỜI. Đây là một định dạng 2D Phụ Đề Anh, mang đến trải nghiệm độc đáo cho khán giả. Bạn sẽ có cơ hội tận hưởng phim trong không gian rạp chiếu hiện đại và tiện nghi, cùng với thời gian chiếu vào 19:10, hứa hẹn một đêm giải trí tuyệt vời."
TRẠI BUÔN NGƯỜI,CGV Crescent Mall,30/09/2026,2D Phụ Đề Anh,19:50,"Tôi vừa trải qua một trải nghiệm tuyệt vời tại rạp chiếu CGV Crescent Mall khi xem suất chiếu TRẠI BUÔN NGƯỜI vào ngày 30/09/2026. Phim được chiếu ở định dạng 2D Phụ Đề Anh với giờ chiếu 19:50, tạo nên một không khí hứng thú cho khán giả. Đây là một trải nghiệm thú vị và hấp dẫn, không thể bỏ lỡ!"
TRẠI BUÔN NGƯỜI,CGV Crescent Mall,30/09/2026,2D Phụ Đề Anh,20:30,"Hôm nay, tôi đã có cơ hội xem suất chiếu ""TRẠI BUÔN NGƯỜI"" tại rạp chiếu CGV Crescent Mall. Phim được chiếu với định dạng 2D Phụ Đề Anh và đã bắt đầu từ 20:30. Mặc dù chỉ có thông tin cơ bản về lịch chiếu, nhưng tôi cảm thấy hào hứng khi được trải nghiệm một bộ phim mới tại rạp."
TRẠI BUÔN NGƯỜI,CGV Crescent Mall,30/09/2026,2D Phụ Đề Anh | Rạp Cine & Living Room,21:50,"Tôi đã có cơ hội xem suất chiếu TRẠI BUÔN NGƯỜI tại rạp CGV Crescent Mall vào ngày 30/09/2026. Trong khoảng thời gian 50 phút, tôi đã được trải nghiệm một bản phụ đề Anh và được tận hưởng không gian sống thực tế của câu chuyện. Thông qua trải nghiệm này, tôi đã cảm nhận được sự chân thực và sâu sắc của bộ phim, khiến cho cảm xúc của tôi được kích thích và hòa nhập."
TRẠI BUÔN NGƯỜI,CGV Crescent Mall,30/09/2026,2D Phụ Đề Anh,22:30,"Hôm nay, tôi đã có cơ hội xem suất chiếu ""TRẠI BUÔN NGƯỜI"" tại rạp CGV Crescent Mall. Phim được chiếu với định dạng 2D Phụ Đề Anh và giờ chiếu là 22:30. Mặc dù không biết nội dung chính của phim, nhưng bầu không khí trong rạp vẫn đầy hấp dẫn và thú vị. Khán giả cũng đã có trải nghiệm đáng nhớ khi xem suất chiếu này."
VÙNG ĐẤT QUỶ DỮ,CGV Crescent Mall,30/09/2026,2D Phụ Đề Việt,09:30,"Ngày 30/09/2026, rạp chiếu CGV Crescent Mall đã chính thức mở cửa cho bộ phim VÙNG ĐẤT QUỶ DỮ, mang đến cho khán giả trải nghiệm đầy hấp dẫn. Với định dạng 2D Phụ Đề Việt và giờ chiếu 09:30, sự kiện này hứa hẹn sẽ mang đến cho khán giả những khoảnh khắc đáng nhớ."
VÙNG ĐẤT QUỶ DỮ,CGV Crescent Mall,30/09/2026,2D Phụ Đề Việt | Rạp Lamour,14:00,"Ngày 30/09/2026, rạp chiếu CGV Crescent Mall chào đón khán giả đến trải nghiệm suất chiếu mới của phim ""VÙNG ĐẤT QUỶ DỮ"". Với định dạng 2D Phụ Đề Việt | Rạp Lamour, khán giả sẽ đượcimmerse trong một trải nghiệm chiếu phim thú vị. Giờ chiếu 14:00 promise mang đến một không gian thoải mái và hứng thú cho khán giả. Đây là cơ hội tuyệt vời để thưởng thức bộ phim mới nhất tại rạp chiếu CGV Crescent Mall."
VÙNG ĐẤT QUỶ DỮ,CGV Crescent Mall,30/09/2026,2D Phụ Đề Việt | Rạp Lamour,19:30,"Khi đến rạp chiếu CGV Crescent Mall vào ngày 30/09/2026, tôi đã được tận hưởng một trải nghiệm đáng nhớ với bộ phim VÙNG ĐẤT QUỶ DỮ. Tại buổi chiếu 19:30, không gian rạp đã được trang bị một bầu không khí ấm cúng và thân thiện, tạo ra cảm giác thoải mái cho khán giả. Việc thiết kế 2D Phụ Đề Việt | Rạp Lamour cũng đã góp phần làm tăng sự hấp dẫn của màn ảnh, giúp tôi hoàn toàn bị đắm chìm trong thế giới trên màn hình."
VÙNG ĐẤT QUỶ DỮ,CGV Crescent Mall,30/09/2026,2D Phụ Đề Việt,23:10,"Tôi vừa có cơ hội xem suất chiếu ""VÙNG ĐẤT QUỶ DỮ"" tại rạp chiếu CGV Crescent Mall vào ngày 30/09/2026 và tôi phải nói rằng trải nghiệm đó thật tuyệt vời. Với định dạng 2D Phụ Đề Việt, phim được chiếu với chất lượng hình ảnh rất sắc nét. Giờ chiếu 23:10 cũng phù hợp với tâm trạng thư giãn của khán giả."
ÚT LAN 2,CGV Crescent Mall,30/09/2026,2D Phụ Đề Anh,10:00,"Hôm nay, tôi đã được tận hưởng một trải nghiệm tuyệt vời tại rạp chiếu CGV Crescent Mall khi ""ÚT LAN 2"" lên chiếu. Tôi đã chọn buổi chiếu vào lúc 10:00 và đã được trải nghiệm một cách tuyệt vời với định dạng 2D Phụ Đề Anh. phim đã mang đến cho tôi một trải nghiệm độc đáo và thú vị, giúp tôi hiểu rõ hơn về thế giới của phim."
ÚT LAN 2,CGV Crescent Mall,30/09/2026,2D Phụ Đề Anh,14:30,"Tôi vừa có cơ hội xem suất chiếu ÚT LAN 2 tại rạp CGV Crescent Mall vào ngày 30/09/2026. Sau khi chờ đợi, tôi đã được trải nghiệm hành trình phiêu lưu đầy thú vị này. Phim được chiếu với định dạng 2D Phụ Đề Anh và giờ chiếu là 14:30. Kết quả là một trải nghiệm tuyệt vời, tôi đã được hấp dẫn vào thế giới phim ảnh với nhiều khoảnh khắc đầy cảm động."
ÚT LAN 2,CGV Crescent Mall,30/09/2026,2D Phụ Đề Anh,19:00,"Hôm nay, tôi đã có cơ hội trải nghiệm và thưởng thức bộ phim ÚT LAN 2 tại rạp chiếu CGV Crescent Mall. Phim được chiếu theo định dạng 2D Phụ Đề Anh với giờ chiếu 19:00. Với không gian rộng rãi và màn hình lớn, trải nghiệm xem phim trở nên sống động và thú vị. Tôi đã có thể tận hưởng từng khoảnh khắc của bộ phim, cảm nhận được âm nhạc và diễn xuất trong không gian phòng chiếu chuyên nghiệp."
ÚT LAN 2,CGV Crescent Mall,30/09/2026,2D Phụ Đề Anh,22:00,"Tôi đã có cơ hội đến rạp chiếu ÚT LAN 2 tại CGV Crescent Mall vào ngày 30/09/2026 và trải nghiệm một đêm chiếu phim tuyệt vời. Phim được chiếu với định dạng 2D Phụ Đề Anh và bắt đầu vào giờ 22:00. Mọi thứ được sắp xếp tinh tế, tạo nên một không gian thư giãn và thoải mái cho khán giả. Tôi đã tận hưởng không gian rạp chiếu hiện đại và âm thanh sống động, hoàn hảo cho trải nghiệm xem phim."
AVENGERS: HỒI KẾT - PHIÊN BẢN ĐẶC BIỆT (CHIẾU LẠI),CGV Hùng Vương Plaza,01/10/2026,SCREENX-2D Phụ Đề Việt | Rạp SCREENX																 & Infinity Vision,09:00,"Tôi vừa bước vào rạp CGV Hùng Vương Plaza để xem AVENGERS: HỒI KẾT - PHIÊN BẢN ĐẶC BIỆT và tôi không thể chờ đợi nữa. Giờ chiếu 09:00 đã bắt đầu, tôi đã chọn trải nghiệm SCREENX-2D Phụ Đề Việt | Rạp SCREENX và Infinity Vision. Sự kết hợp hoàn hảo giữa hình ảnh lớn và âm thanh thumping đã tạo ra một trải nghiệm phim tuyệt vời."
AVENGERS: HỒI KẾT - PHIÊN BẢN ĐẶC BIỆT (CHIẾU LẠI),CGV Hùng Vương Plaza,01/10/2026,4DX2D Phụ Đề Việt | Rạp 4DX																 & Infinity Vision,11:30,"Tôi vừa có cơ hội trải nghiệm suất chiếu Avengers: Họ Kết - Phiên Bản Đặc Biệt (Chiếu Lại) tại CGV Hùng Vương Plaza và đó là một trải nghiệm không thể quên. Ngày chiếu là 01/10/2026, tôi đã chọn thời điểm 11:30 và được trải nghiệm định dạng 4DX2D Phụ Đề Việt cùng Infinity Vision. Mọi thứ đã được thiết kế để mang đến trải nghiệm độc đáo vàimmersin, khiến cho trải nghiệm xem phim trở nên gần gũi và hấp dẫn hơn."
AVENGERS: HỒI KẾT - PHIÊN BẢN ĐẶC BIỆT (CHIẾU LẠI),CGV Hùng Vương Plaza,01/10/2026,SCREENX-2D Phụ Đề Việt | Rạp SCREENX																 & Infinity Vision,14:50,"Thật tuyệt vời khi có dịp xem lại siêu nhân Avengers trong màn chiếu đặc biệt tại CGV Hùng Vương Plaza! Vào ngày 01/10/2026, tôi đã có cơ hội tận hưởng trải nghiệm xem AVENGERS: HỒI KẾT - PHIÊN BẢN ĐẶC BIỆT trong màn chiếu SCREENX-2D Phụ Đề Việt | Rạp SCREENX & Infinity Vision tại rạp chiếu này. Màn chiếu bắt đầu vào lúc 14:50 và đã mang đến cho tôi cảm giác siêu nhiên và phiêu lưu khi theo dõi hành trình của các siêu nhân."
AVENGERS: HỒI KẾT - PHIÊN BẢN ĐẶC BIỆT (CHIẾU LẠI),CGV Hùng Vương Plaza,01/10/2026,SCREENX-2D Phụ Đề Việt | Rạp SCREENX																 & Infinity Vision,18:40,"Khi bước vào CGV Hùng Vương Plaza vào chiều 1/10/2026, tôi có cơ hội tận hưởng màn chiếu tuyệt vời của AVENGERS: HỒI KẾT - PHIÊN BẢN ĐẶC BIỆT. Với định dạng SCREENX-2D Phụ Đề Việt | Rạp SCREENX & Infinity Vision, trải nghiệm này mang đến những khoảnh khắc đặc biệt với khán giả. Tôi đã tham gia vào một buổi chiếu hấp dẫn vào lúc 18:40 và trải nghiệm một sự kết hợp độc đáo giữa hình ảnh và âm thanh."
AVENGERS: HỒI KẾT - PHIÊN BẢN ĐẶC BIỆT (CHIẾU LẠI),CGV Hùng Vương Plaza,01/10/2026,4DX2D Phụ Đề Việt | Rạp 4DX																 & Infinity Vision,20:40,"Tôi đã được mời đến xem suất chiếu ""AVENGERS: HỒI KẾT - PHIÊN BẢN ĐẶC BIỆT"" tại rạp chiếu CGV Hùng Vương Plaza vào ngày 01/10/2026. Tại đây, tôi trải nghiệm không gian 4DX2D Phụ Đề Việt | Rạp 4DX cùng Infinity Vision. Thời gian chiếu là 20:40, tạo nên một trải nghiệm phim sinh động và đầy cảm xúc."
HÒN ĐẢO QUÊN LÃNG,CGV Hùng Vương Plaza,01/10/2026,4DX2D Lồng Tiếng Việt | Rạp 4DX,09:20,"Hôm nay, tôi đã có cơ hội trải nghiệm suất chiếu ""HÒN ĐẢO QUÊN LÃNG"" tại rạp CGV Hùng Vương Plaza. Phim được chiếu vào ngày 01/10/2026 với định dạng 4DX2D Lồng Tiếng Việt và được chiếu vào giờ 09:20. Môi trường chiếu phim đa chiều và kỹ thuật lồng tiếng Việt đã tạo ra một trải nghiệm thú vị và hấp dẫn."
HÒN ĐẢO QUÊN LÃNG,CGV Hùng Vương Plaza,01/10/2026,SCREENX-2D Phụ Đề Việt | Rạp SCREENX,12:30,"Tôi vừa có cơ hội xem phim ""HÒN ĐẢO QUÊN LÃNG"" tại rạp CGV Hùng Vương Plaza và trải nghiệm thật tuyệt vời. Phim được chiếu trong định dạng SCREENX-2D Phụ Đề Việt với thời gian chiếu 12:30. Mở đầu một chiều dài phim tuyệt vời, ""HÒN ĐẢO QUÊN LÃNG"" đã khiến tôi cảm thấy được giải thoát và thư giãn."
LAPUTA: LÂU ĐÀI TRÊN KHÔNG,CGV Hùng Vương Plaza,01/10/2026,2D Phụ Đề Việt,13:10,"Hôm nay, tôi đã có cơ hội tham gia vào suất chiếu đặc biệt của bộ phim LAPUTA: LÂU ĐÀI TRÊN KHÔNG tại rạp chiếu CGV Hùng Vương Plaza. Phim được chiếu với định dạng 2D Phụ Đề Việt và thời gian chiếu là 13:10. Qua trải nghiệm, tôi cảm thấy được immersive vào thế giới phiêu lưu và khám phá. Sự kết hợp giữa hình ảnh và âm thanh đã tạo ra một trải nghiệm độc đáo và hấp dẫn."
LAPUTA: LÂU ĐÀI TRÊN KHÔNG,CGV Hùng Vương Plaza,01/10/2026,2D Phụ Đề Việt,15:50,"Hôm nay, tôi đã được trải nghiệm suất chiếu phim LAPUTA: LÂU ĐÀI TRÊN KHÔNG tại rạp CGV Hùng Vương Plaza. Phim được chiếu theo định dạng 2D Phụ Đề Việt vào đúng giờ 15:50. Không khí rạp phim sôi động và khán giả đầy mong chờ. Tôi đã tận hưởng trải nghiệm chiếu phim tuyệt vời với chất lượng hình ảnh và âm thanh ấn tượng."
LAPUTA: LÂU ĐÀI TRÊN KHÔNG,CGV Hùng Vương Plaza,01/10/2026,2D Phụ Đề Việt,18:20,"Hôm nay, tôi đã có cơ hội được trải nghiệm suất chiếu LAPUTA: LÂU ĐÀI TRÊN KHÔNG tại CGV Hùng Vương Plaza. Thông tin chiếu phim cho tôi biết rằng đây là một suất chiếu 2D Phụ Đề Việt vào ngày 01/10/2026 với giờ chiếu là 18:20. Tôi đã được tận hưởng không gian rạp chiếu và trải nghiệm thú vị khi xem phim này."
LÊN HƯƠNG,CGV Hùng Vương Plaza,01/10/2026,2D Phụ Đề Anh,10:10,Tôi đã có cơ hội xem suất chiếu LÊN HƯƠNG tại rạp chiếu CGV Hùng Vương Plaza vào ngày 01/10/2026. Phim được chiếu trong định dạng 2D Phụ Đề Anh và bắt đầu vào lúc 10:10. Đó là một trải nghiệm thú vị và thú vị khi xem một bộ phim mới tại rạp chiếu.
LÊN HƯƠNG,CGV Hùng Vương Plaza,01/10/2026,2D Phụ Đề Anh,15:10,"Hôm nay, tôi đã được trải nghiệm suất chiếu ""LÊN HƯƠNG"" tại rạp chiếu CGV Hùng Vương Plaza. Phim được chiếu trong định dạng 2D Phụ Đề Anh và khởi chiếu vào ngày 01/10/2026. Tôi đã có cơ hội xem phim tại giờ 15:10 và cảm thấy trải nghiệm tuyệt vời."
MARNIE YÊU DẤU,CGV Hùng Vương Plaza,01/10/2026,2D Phụ Đề Việt,11:00,"Hôm nay, tôi đã có dịp được trải nghiệm suất chiếu mới của bộ phim ""MARNIE YÊU DẤU"" tại rạp CGV Hùng Vương Plaza. Phim được chiếu với định dạng 2D Phụ Đề Việt và có giờ chiếu chính là 11:00. Trong không gian rạp chiếu ấm cúng, tôi đã có thể tận hưởng từng khoảnh khắc của bộ phim, cảm nhận rõ ràng sự thuyết phục của các nhân vật và câu chuyện độc đáo. Đó là một trải nghiệm thú vị và đáng nhớ."
MARNIE YÊU DẤU,CGV Hùng Vương Plaza,01/10/2026,2D Phụ Đề Việt,15:00,"Hôm nay, tôi đã có cơ hội được trải nghiệm suất chiếu ""MARNIE YÊU DẤU"" tại rạp chiếu CGV Hùng Vương Plaza. Phim được chiếu vào ngày 01/10/2026 với thời gian chiếu là 15:00, định dạng 2D Phụ Đề Việt. Không khí trong rạp tràn ngập niềm vui và sự phấn khích, khiến tôi cảm thấy thoải mái và sẵn sàng để tận hưởng trải nghiệm chiếu phim."
TRẠI BUÔN NGƯỜI,CGV Hùng Vương Plaza,01/10/2026,2D Phụ Đề Anh,09:10,"Hôm nay, tôi đã được trải nghiệm suất chiếu ""TRẠI BUÔN NGƯỜI"" tại rạp chiếu CGV Hùng Vương Plaza. Phim được chiếu với định dạng 2D Phụ Đề Anh và giờ chiếu là 09:10. Khi bước vào rạp, tôi đã cảm nhận được không khí sôi động và hứng thú từ khán giả xung quanh. Phim đã mang đến cho tôi một trải nghiệm thú vị và hấp dẫn, với hình ảnh và âm thanh được thiết kế một cách tinh tế và hiện đại."
TRẠI BUÔN NGƯỜI,CGV Hùng Vương Plaza,01/10/2026,2D Phụ Đề Anh,09:40,"Trong buổi tối thứ Sáu, tôi đã có cơ hội trải nghiệm suất chiếu phim TRẠI BUÔN NGƯỜI tại rạp CGV Hùng Vương Plaza. Phim chiếu rực rỡ trên màn ảnh 2D Phụ Đề Anh với giờ chiếu 09:40 đã khiến tôi ấn tượng sâu sắc. Không gian rạp yên tĩnh và tập trung, tạo nên bầu không khí phù hợp cho trải nghiệm xem phim tuyệt vời này."
TRẠI BUÔN NGƯỜI,CGV Hùng Vương Plaza,01/10/2026,2D Phụ Đề Anh,10:20,"Hôm nay, tôi đã có cơ hội xem suất chiếu ""Trái Bôn Ngưới"" tại rạp chiếu CGV Hùng Vương Plaza. Phim được chiếu trong định dạng 2D Phụ Đề Anh với thời gian chiếu là 10:20. Tôi cảm thấy hào hứng khi được trải nghiệm xem phim này tại địa điểm này."
TRẠI BUÔN NGƯỜI,CGV Hùng Vương Plaza,01/10/2026,2D Phụ Đề Anh,10:50,"Tôi vừa có cơ hội xem suất chiếu đầu tiên của bộ phim TRẠI BUÔN NGƯỜI tại rạp CGV Hùng Vương Plaza. Phim được chiếu với định dạng 2D Phụ Đề Anh và bắt đầu vào lúc 10:50. Tôi cảm thấy ấn tượng với cách chiếu phim này, tạo nên một trải nghiệm độc đáo và thú vị."
TRẠI BUÔN NGƯỜI,CGV Hùng Vương Plaza,01/10/2026,2D Phụ Đề Anh | Rạp GOLD CLASS,11:20,"Tôi vừa có cơ hội xem suất chiếu đầu tiên của bộ phim TRẠI BUÔN NGƯỜI tại rạp CGV Hùng Vương Plaza và trải nghiệm thật tuyệt vời. Phim được chiếu với định dạng 2D Phụ Đề Anh và được xem tại rạp GOLD CLASS. Thời gian chiếu là 11:20, tôi đã có một trải nghiệm thú vị và ấn tượng với bộ phim này."
TRẠI BUÔN NGƯỜI,CGV Hùng Vương Plaza,01/10/2026,2D Phụ Đề Anh,11:50,"Tôi đã có cơ hội được trải nghiệm suất chiếu TRẠI BUÔN NGƯỜI tại rạp chiếu CGV Hùng Vương Plaza vào ngày 01/10/2026. Khi bước vào phòng chiếu, tôi được trải nghiệm với định dạng phim 2D Phụ Đề Anh và giờ chiếu 11:50. Mở đầu là những cảnh quay đầy hoạt động và sinh động, khiến tôi cảm thấy như mình đang đứng trong một thế giới đầy màu sắc và âm thanh sống động. Phim đã mang đến cho tôi một trải nghiệm tuyệt vời và thú vị."
TRẠI BUÔN NGƯỜI,CGV Hùng Vương Plaza,01/10/2026,2D Phụ Đề Anh,12:20,"Tôi vừa bước vào rạp CGV Hùng Vương Plaza và được thông báo rằng phim TRẠI BUÔN NGƯỜI đã bắt đầu chiếu. Với định dạng 2D Phụ Đề Anh, tôi chuẩn bị cho một trải nghiệm phim hấp dẫn. Phim chiếu rạng sáng ngày 01/10/2026, tôi quyết định bắt đầu buổi xem tại thời điểm 12:20. Tôi sẵn sàng để được giải trí và trải nghiệm những khoảnh khắc tuyệt vời trong bộ phim."
TRẠI BUÔN NGƯỜI,CGV Hùng Vương Plaza,01/10/2026,2D Phụ Đề Anh,13:00,"Hôm nay, tôi đã có cơ hội trải nghiệm suất chiếu phim TRẠI BUÔN NGƯỜI tại rạp CGV Hùng Vương Plaza. Phim được chiếu với định dạng 2D Phụ Đề Anh và bắt đầu chiếu vào lúc 13:00. Tôi đã có cơ hội tận hưởng bộ phim này và tôi rất hài lòng với chất lượng chiếu và thời gian chiếu."
TRẠI BUÔN NGƯỜI,CGV Hùng Vương Plaza,01/10/2026,2D Phụ Đề Anh,13:40,"Tôi đã có cơ hội xem suất chiếu ""TRẠI BUÔN NGƯỜI"" tại rạp CGV Hùng Vương Plaza vào ngày 01/10/2026. Khi bước vào rạp, tôi đã được trải nghiệm một trải nghiệm phim 2D Phụ Đề Anh chất lượng cao, giúp tôi cảm nhận được sâu sắc hơn về thế giới phim truyện. Phim đã thu hút khán giả với thời điểm chiếu 13:40, tạo sự hứng khởi cho buổi xem."
TRẠI BUÔN NGƯỜI,CGV Hùng Vương Plaza,01/10/2026,2D Phụ Đề Anh | Rạp GOLD CLASS,14:10,"Tôi vừa có cơ hội xem suất chiếu ""TRẠI BUÔN NGƯỜI"" tại rạp CGV Hùng Vương Plaza và trải nghiệm thật tuyệt vời! Phim được chiếu với định dạng 2D Phụ Đề Anh | Rạp GOLD CLASS vào ngày 01/10/2026, vào lúc 14:10. Không khí rạp được thiết kế sang trọng, tạo cho khán giả cảm giác thoải mái và thư giãn trong khi thưởng thức bộ phim. Mỗi khoảnh khắc đều tràn đầy hấp dẫn và gây ấn tượng với khán giả."
TRẠI BUÔN NGƯỜI,CGV Hùng Vương Plaza,01/10/2026,2D Phụ Đề Anh,14:40,"Tôi đã có dịp tham gia suất chiếu TRẠI BUÔN NGƯỜI tại rạp CGV Hùng Vương Plaza vào ngày 01/10/2026. Phim được chiếu dưới định dạng 2D Phụ Đề Anh và bắt đầu tại giờ 14:40. Tôi được trải nghiệm một không gian rạp chiếu hiện đại và sang trọng, tạo nên một bầu không khí thoải mái cho khán giả. Mặc dù chỉ là một suất chiếu mẫu, trải nghiệm vẫn mang đến sự thú vị và hấp dẫn cho tôi."
TRẠI BUÔN NGƯỜI,CGV Hùng Vương Plaza,01/10/2026,4DX2D Phụ Đề Anh | Rạp 4DX,15:20,"Ngày 01/10/2026, rạp CGV Hùng Vương Plaza chào đón khán giả đến xem suất chiếu TRẠI BUÔN NGƯỜI trong trải nghiệm 4DX2D Phụ Đề Anh | Rạp 4DX. Sự kiện này đã bắt đầu vào lúc 15:20, mang đến cho khán giả một trải nghiệm hấp dẫn và độc đáo."
TRẠI BUÔN NGƯỜI,CGV Hùng Vương Plaza,01/10/2026,2D Phụ Đề Anh,15:40,"Ngày 01/10/2026, rạp CGV Hùng Vương Plaza chào đón khán giả đến xem phim TRẠI BUÔN NGƯỜI với định dạng 2D Phụ Đề Anh. Thời gian chiếu là 15:40, một thời điểm phù hợp cho cả những người yêu thích phim hoạt hình và những ai cần một chút thư giãn sau giờ làm việc. Trong khi đó, rạp phim đang chuẩn bị sẵn sàng để mang đến cho khán giả một trải nghiệm giải trí tuyệt vời."
TRẠI BUÔN NGƯỜI,CGV Hùng Vương Plaza,01/10/2026,2D Phụ Đề Anh,16:20,"Tôi vừa có cơ hội xem siêu chiếu TRẠI BUÔN NGƯỜI tại rạp CGV Hùng Vương Plaza và đó là trải nghiệm tuyệt vời nhất. Phim được chiếu trong định dạng 2D Phụ Đề Anh với giờ chiếu 16:20 vào ngày 01/10/2026. Môi trường rạp chiếu đã được trang bị hoàn hảo cho khán giả, tạo nên một bầu không khí thú vị và hấp dẫn. Tôi đã tận hưởng được những khoảnh khắc tuyệt vời của phim và đó là một trải nghiệm đáng nhớ."
TRẠI BUÔN NGƯỜI,CGV Hùng Vương Plaza,01/10/2026,2D Phụ Đề Anh | Rạp GOLD CLASS,16:50,"Tôi vừa có trải nghiệm tuyệt vời khi xem suất chiếu TRẠI BUÔN NGƯỜI tại rạp CGV Hùng Vương Plaza. Phim được chiếu với định dạng 2D Phụ Đề Anh | Rạp GOLD CLASS vào ngày 01/10/2026 tại thời gian 16:50. Mọi thứ đã được chuẩn bị hoàn hảo, tạo nên một không gian giải trí tuyệt vời cho khán giả."
TRẠI BUÔN NGƯỜI,CGV Hùng Vương Plaza,01/10/2026,2D Phụ Đề Anh,17:20,"Hôm nay, tôi đã trải nghiệm suất chiếu TRẠI BUÔN NGƯỜI tại CGV Hùng Vương Plaza. Phim được chiếu với định dạng 2D Phụ Đề Anh và giờ chiếu là 17:20. Thông tin lịch chiếu được công bố từ ngày 01/10/2026, tạo sự thú vị cho cuộc tham dự của tôi. Khi bước vào rạp, không khí sôi động và chờ mong chờ chờ mọi người chen chúc đến chỗ ngồi. Sau khi phim bắt đầu chiếu, tôi đã được trải nghiệm toàn diện và cảm nhận được sự hấp dẫn của bộ phim."
TRẠI BUÔN NGƯỜI,CGV Hùng Vương Plaza,01/10/2026,2D Phụ Đề Anh,17:40,"Ngày 01/10/2026, rạp chiếu CGV Hùng Vương Plaza mở cửa chào đón khán giả đến xem suất chiếu TRẠI BUÔN NGƯỜI. Với định dạng 2D Phụ Đề Anh và giờ chiếu 17:40, bạn có cơ hội được trải nghiệm màn trình diễn đặc biệt và thú vị của bộ phim này."
TRẠI BUÔN NGƯỜI,CGV Hùng Vương Plaza,01/10/2026,4DX2D Phụ Đề Anh | Rạp 4DX,18:00,"Tôi vừa có cơ hội trải nghiệm suất chiếu ""TRẠI BUÔN NGƯỜI"" tại rạp CGV Hùng Vương Plaza. Trong đêm 01/10/2026, tôi đã được mời đến xem phim này. Điểm độc đáo của suất chiếu này là sự kết hợp giữa 4DX2D và phụ đề Anh. Tôi đã có một trải nghiệm thú vị, được ngắm nhìn những khoảnh khắc tuyệt đẹp trên màn ảnh lớn cùng với cảm giác được trải nghiệm qua các hiệu ứng đặc biệt của 4DX."
TRẠI BUÔN NGƯỜI,CGV Hùng Vương Plaza,01/10/2026,2D Phụ Đề Anh,18:30,"Trong một đêm 01/10/2026, rạp CGV Hùng Vương Plaza đã trở thành nơi xuất hiện của một sự kiện lịch sự - premier chiếu đầu tiên của phim TRẠI BUÔN NGƯỜI. Với định dạng 2D Phụ Đề Anh và giờ chiếu 18:30, khán giả đã được chào đón vào thế giới phim mới, một nơi đầy rẫy các điều thú vị và hấp dẫn."
TRẠI BUÔN NGƯỜI,CGV Hùng Vương Plaza,01/10/2026,2D Phụ Đề Anh,19:00,"Ngày 01/10/2026, rạp CGV Hùng Vương Plaza đã chào đón khán giả đến tận suất chiếu đầu tiên của bộ phim TRẠI BUÔN NGƯỜI. Trong không gian hẹp nhưng đầy cảm xúc, khán giả có thể cảm nhận được sự căng thẳng và sức ép khi trải nghiệm phim 2D Phụ Đề Anh với thời lượng 1 giờ, bắt đầu vào 19:00. Đây là một trải nghiệm đáng nhớ cho mọi người."
TRẠI BUÔN NGƯỜI,CGV Hùng Vương Plaza,01/10/2026,2D Phụ Đề Anh | Rạp GOLD CLASS,19:30,"Trải nghiệm xem suất chiếu ""TRẠI BUÔN NGƯỜI"" tại rạp chiếu CGV Hùng Vương Plaza là một trải nghiệm tuyệt vời. Với định dạng 2D Phụ Đề Anh | Rạp GOLD CLASS, film mang đến cho khán giả một không gian watching mượt mà và hiện đại. Sự kiện chiếu rạp diễn ra vào ngày 01/10/2026 với giờ chiếu 19:30, tạo cơ hội để khán giả có thể tận hưởng bộ phim trong thời gian tối ưu nhất."
TRẠI BUÔN NGƯỜI,CGV Hùng Vương Plaza,01/10/2026,2D Phụ Đề Anh,20:00,"Vào ngày 01/10/2026, rạp CGV Hùng Vương Plaza chào đón khán giả đến với một trải nghiệm chiếu phim đầy hấp dẫn với bộ phim ""TRẠI BUÔN NGƯỜI"" dưới định dạng 2D Phụ Đề Anh. Phim được chiếu vào lúc 20:00, hứa hẹn mang đến những khoảnh khắc tuyệt vời cho tất cả các fan."
TRẠI BUÔN NGƯỜI,CGV Hùng Vương Plaza,01/10/2026,2D Phụ Đề Anh,20:50,Tôi vừa có dịp đến CGV Hùng Vương Plaza để xem suất chiếu phim TRẠI BUÔN NGƯỜI và đó là trải nghiệm tuyệt vời nhất của tôi trong ngày. Phim được chiếu với định dạng 2D Phụ Đề Anh và giờ chiếu rất phù hợp. Tôi đã có thể tận hưởng bộ phim này từ 20:50 và trải nghiệm thật tuyệt vời!
TRẠI BUÔN NGƯỜI,CGV Hùng Vương Plaza,01/10/2026,2D Phụ Đề Anh,21:10,"Hôm nay, tôi đã có cơ hội xem suất chiếu TRẠI BUÔN NGƯỜI tại rạp chiếu CGV Hùng Vương Plaza. Phim chiếu rạp với định dạng 2D Phụ Đề Anh đã bắt đầu vào ngày 01/10/2026. Tôi đã chọn buổi chiếu vào lúc 21:10, tạo không gian yên tĩnh cho bản thân. Mặc dù chỉ xem một lần, nhưng trải nghiệm đã mang đến cho tôi cảm giác đầy đủ và hấp dẫn từ câu chuyện xuất sắc của phim."
TRẠI BUÔN NGƯỜI,CGV Hùng Vương Plaza,01/10/2026,2D Phụ Đề Anh,21:40,"Tôi vừa có cơ hội xem suất chiếu ""Trái Buồn Nước"" tại rạp chiếu CGV Hùng Vương Plaza vào ngày 01/10/2026. Đây là một trải nghiệm tuyệt vời, với sự bắt mắt của hình ảnh 2D phụ đề Anh trên màn ảnh. Phim được chiếu vào lúc 21:40 và đã thu hút sự chú ý của khán giả ngay từ đầu. Tôi cảm thấy mình đã được đưa vào một thế giới mới và thú vị."
TRẠI BUÔN NGƯỜI,CGV Hùng Vương Plaza,01/10/2026,2D Phụ Đề Anh | Rạp GOLD CLASS,22:10,Tôi vừa có cơ hội xem suất chiếu đặc biệt tại rạp CGV Hùng Vương Plaza với bộ phim TRIÂN BUÔN NGƯỜI. Phim được chiếu với định dạng 2D Phụ Đề Anh và được chiếu tại rạp GOLD CLASS vào ngày 01/10/2026 với giờ chiếu 22:10. Sự kiện này đã mang lại một trải nghiệm thú vị và ấn tượng cho tôi.
TRẠI BUÔN NGƯỜI,CGV Hùng Vương Plaza,01/10/2026,2D Phụ Đề Anh,22:40,"Ngày 01/10/2026, rạp CGV Hùng Vương Plaza trở thành nơi có trải nghiệm chiếu phim đáng nhớ khi tổ chức suất chiếu TRẠI BUÔN NGƯỜI. Trong đêm này, khán giả sẽ được ngồi vào ghế nóng để trải nghiệm những khoảnh khắc thú vị và đầy cảm xúc trong phim. Với định dạng 2D Phụ Đề Anh và giờ chiếu 22:40, bạn không thể bỏ lỡ khoảng thời gian này để cùng nhau khám phá thế giới mới mẻ và hấp dẫn của TRẠI BUÔN NGƯỜI."
VÙNG ĐẤT QUỶ DỮ,CGV Hùng Vương Plaza,01/10/2026,2D Phụ Đề Việt,09:00,"Hôm nay, tôi đã có cơ hội trải nghiệm suất chiếu ""VÙNG ĐẤT QUỶ DỮ"" tại rạp chiếu CGV Hùng Vương Plaza. Phim được chiếu trong định dạng 2D Phụ Đề Việt và giờ chiếu là 09:00. Với phong cách tự nhiên và không gian rạp chiếu thoải mái, trải nghiệm xem phim của tôi đã trở nên tuyệt vời hơn bao giờ hết."
VÙNG ĐẤT QUỶ DỮ,CGV Hùng Vương Plaza,01/10/2026,SCREENX-2D Phụ Đề Việt | Rạp SCREENX,22:20,"Tôi vừa có dịp xem suất chiếu VÙNG ĐẤT QUỶ DỮ tại rạp CGV Hùng Vương Plaza vào đêm 01/10/2026. Khán giả được trải nghiệm không gian lớn với định dạng SCREENX-2D Phụ Đề Việt, tạo nên một trải nghiệm độc đáo và phong cách. Giờ chiếu 22:20 đã mang đến cho tôi một trải nghiệm tuyệt vời, giúp tôi cảm nhận sâu sắc hơn về phim."
ÚT LAN 2,CGV Hùng Vương Plaza,01/10/2026,2D Phụ Đề Anh,12:40,"Tôi vừa có trải nghiệm tuyệt vời khi xem phim ÚT LAN 2 tại rạp chiếu CGV Hùng Vương Plaza. Phim được chiếu vào ngày 01/10/2026 với giờ chiếu 12:40. Tôi đã chọn định dạng 2D Phụ Đề Anh, tạo nên một không gian chiếu phim ấn tượng và thân thiện. Mọi thứ đã được chuẩn bị kỹ lưỡng để mang đến trải nghiệm tuyệt vời cho khán giả."
TRÁI TIM QUÁI THÚ,CGV Hùng Vương Plaza,02/10/2026,2D Phụ Đề Việt,10:50,"Hôm nay, tôi đã có cơ hội tận hưởng suất chiếu TRÁI TIM QUÁ THÚ tại rạp chiếu CGV Hùng Vương Plaza. Phim đã được chiếu với định dạng 2D Phụ Đề Việt và được phát hành vào ngày 02/10/2026. Tôi đã mua vé cho mình và có một trải nghiệm tuyệt vời tại rạp. Phim được chiếu vào lúc 10:50 và tôi đã có thể tận hưởng khán rung và cảm xúc của bộ phim."
ÁN MẠNG KARAOKE,CGV Hùng Vương Plaza,02/10/2026,2D Phụ Đề Anh,08:50,"Hôm nay, tôi đã được trải nghiệm một suất chiếu phim ÁN MẠNG KARAOKE tại CGV Hùng Vương Plaza. Phim được chiếu với định dạng 2D Phụ Đề Anh và thời gian chiếu là 08:50. Mọi thứ đã được chuẩn bị sẵn sàng để tạo ra một trải nghiệm thú vị và giải trí cho khán giả."
ÁN MẠNG KARAOKE,CGV Hùng Vương Plaza,02/10/2026,2D Phụ Đề Anh,13:00,"Tôi đã đến rạp CGV Hùng Vương Plaza để trải nghiệm suất chiếu ÁN MẠNG KARAOKE vào ngày 02/10/2026. Thông tin cho tôi cho biết là đây là một phiên chiếu 2D Phụ Đề Anh, và tôi có thể tận hưởng bộ phim này vào giờ 13:00. Khi bước vào rạp, không khí đã được tạo nên một bầu không khí sôi động và chờ mong, khiến tôi thêm mong chờ cho trải nghiệm trong phim."
ÁN MẠNG KARAOKE,CGV Hùng Vương Plaza,02/10/2026,2D Phụ Đề Anh,15:00,"Hôm nay, tôi đã có cơ hội xem suất chiếu ""ÁN MẠNG KARAOKE"" tại rạp chiếu CGV Hùng Vương Plaza. Phim đã được chiếu với định dạng 2D Phụ Đề Anh và thời gian chiếu là 15:00. Môi trường rạp chiếu ấm cúng và thoải mái, tôi đã có trải nghiệm tuyệt vời khi xem phim này."
TRÁI TIM QUÁI THÚ,CGV Hùng Vương Plaza,03/10/2026,2D Phụ Đề Việt,16:20,"Tôi vừa có cơ hội được xem suất chiếu ""TRÁI TIM QUÁ THÚ"" tại CGV Hùng Vương Plaza vào ngày 03/10/2026. Phim được chiếu theo định dạng 2D Phụ Đề Việt và bắt đầu tại 16:20. trải nghiệm xem phim này rất hấp dẫn, tôi đã được thưởng thức nội dung phim theo cách mới mẻ và thú vị."
ÁN MẠNG KARAOKE,CGV Hùng Vương Plaza,03/10/2026,2D Phụ Đề Anh,09:50,"Tôi vừa có dịp đến rạp chiếu ""ÁN MẠNG KARAOKE"" tại CGV Hùng Vương Plaza và trải nghiệm không khí sôi động của buổi chiếu. Phim được chiếu vào ngày 03/10/2026, với định dạng 2D Phụ Đề Anh và giờ chiếu là 09:50. Không khí rạp đã được tạo ra bởi âm thanh và ánh sáng đặc trưng, tạo nên một trải nghiệm thú vị cho khán giả."
ÁN MẠNG KARAOKE,CGV Hùng Vương Plaza,03/10/2026,2D Phụ Đề Anh,12:00,"Tôi vừa có cơ hội xem suất chiếu ""ÁN MẠNG KARAOKE"" tại rạp chiếu CGV Hùng Vương Plaza vào ngày 03/10/2026 và đó là một trải nghiệm tuyệt vời! Phim được chiếu với định dạng 2D Phụ Đề Anh và tôi đã được tận hưởng một buổi chiếu tuyệt vời tại một trong những rạp chiếu lớn nhất thành phố."
ÁN MẠNG KARAOKE,CGV Hùng Vương Plaza,03/10/2026,2D Phụ Đề Anh,14:10,"Hôm nay, tôi đã có cơ hội được trải nghiệm suất chiếu ""ÁN MẠNG KARAOKE"" tại rạp chiếu CGV Hùng Vương Plaza. Phim được chiếu với định dạng 2D Phụ Đề Anh và giờ chiếu là 14:10. Đó là một trải nghiệm thú vị, giúp tôi có thể chiêm ngưỡng bộ phim với chất lượng tốt nhất."
TRÁI TIM QUÁI THÚ,CGV Hùng Vương Plaza,04/10/2026,2D Phụ Đề Việt,16:20,"Hôm nay, tôi đã có dịp tham gia vào một trải nghiệm tuyệt vời khi xem phim TRÁI TIM QUÁ THÚ tại rạp chiếu CGV Hùng Vương Plaza. Phim được chiếu vào ngày 04/10/2026 với giờ chiếu 16:20 và định dạng 2D Phụ Đề Việt. Tôi có thể cảm nhận được sự hứng thú và tập trung của khán giả xung quanh màn hình khi phim bắt đầu chiếu. Không khí trong rạp trở nên sôi động và thân mật, tạo nên một trải nghiệm xem phim đáng nhớ."
ÁN MẠNG KARAOKE,CGV Hùng Vương Plaza,04/10/2026,2D Phụ Đề Anh,09:50,"Hôm nay, tôi đã có dịp trải nghiệm suất chiếu ""ÁN MẠNG KARAOKE"" tại CGV Hùng Vương Plaza. Phim được chiếu với định dạng 2D Phụ Đề Anh và có thời gian chiếu bắt đầu từ 09:50. Không biết phim này sẽ mang lại cho khán giả những khoảnh khắc giải trí hay không, nhưng tôi mong chờ để tìm hiểu."
ÁN MẠNG KARAOKE,CGV Hùng Vương Plaza,04/10/2026,2D Phụ Đề Anh,12:00,"Hôm nay, tôi đã có cơ hội xem suất chiếu ""ÁN MẠNG KARAOKE"" tại rạp chiếu CGV Hùng Vương Plaza. Phim được chiếu với định dạng 2D Phụ Đề Anh vào lúc 12:00. Không khí tại rạp được tạo nên bởi sự sôi động của khán giả và âm nhạc hấp dẫn. Tôi đã tận hưởng trải nghiệm này và cảm thấy thật thú vị khi được khám phá thế giới karaoke trong phim."
ÁN MẠNG KARAOKE,CGV Hùng Vương Plaza,04/10/2026,2D Phụ Đề Anh,14:10,"Hôm nay, tôi đã có cơ hội tận hưởng suất chiếu phim ÁN MẠNG KARAOKE tại rạp chiếu CGV Hùng Vương Plaza. Khi đến rạp, tôi đã chọn ngày 04/10/2026 là ngày chiếu. Sân rạp tràn đầy khán giả hứng thú, trong khi tôi đã chọn ghế 14:10 để có trải nghiệm hoàn hảo. Thông tin này cho thấy rằng suất chiếu này được định dạng 2D Phụ Đề Anh, hứa hẹn cho một trải nghiệm xem phim ấn tượng."
AVENGERS: HỒI KẾT - PHIÊN BẢN ĐẶC BIỆT (CHIẾU LẠI),CGV Hùng Vương Plaza,25/09/2026,4DX2D Phụ Đề Việt | Rạp 4DX																 & Infinity Vision,20:40,"Tôi đã có cơ hội trải nghiệm suất chiếu AVENGERS: HỒI KẾT - PHIÊN BẢN ĐẶC BIỆT tại CGV Hùng Vương Plaza. Đây là một trải nghiệm tuyệt vời với định dạng 4DX2D Phụ Đề Việt | Rạp 4DX & Infinity Vision. Ngày chiếu là 25/09/2026, với giờ chiếu là 20:40. Mọi thứ đã được thiết kế để tạo ra một trải nghiệm đầy thở sống và hấp dẫn, giúp tôi được chiêm ngưỡng màn hình lớn với chất lượng tuyệt vời."
AVENGERS: HỒI KẾT - PHIÊN BẢN ĐẶC BIỆT (CHIẾU LẠI),CGV Hùng Vương Plaza,25/09/2026,SCREENX-2D Phụ Đề Việt | Rạp SCREENX																 & Infinity Vision,21:50,"Tôi vừa có trải nghiệm đáng nhớ khi xem AVENGERS: HỒI KẾT - PHIÊN BẢN ĐẶC BIỆT tại rạp chiếu CGV Hùng Vương Plaza. Ngày chiếu là 25/09/2026 và tôi đã có cơ hội tận hưởng màn hình SCREENX-2D Phụ Đề Việt | Rạp SCREENX cùng Infinity Vision. Thời gian chiếu là 21:50, tôi đã dành thời gian để tận hưởng bộ phim này và cảm nhận được không khí sôi động trong phòng chiếu."
LÊN HƯƠNG,CGV Hùng Vương Plaza,25/09/2026,2D Phụ Đề Anh,22:40,"Hôm nay, tôi đã có cơ hội trải nghiệm suất chiếu ""LEN HƯƠNG"" tại rạp chiếu CGV Hùng Vương Plaza. Phim được chiếu với định dạng 2D Phụ Đề Anh và giờ chiếu là 22:40. Thông tin lịch chiếu cho thấy đây là một suất chiếu đặc biệt và tôi không muốn bỏ lỡ cơ hội này. Tôi đã ngồi ở rạp và chờ đợi dự án điện ảnh này bắt đầu chiếu."
TRẠI BUÔN NGƯỜI,CGV Hùng Vương Plaza,25/09/2026,2D Phụ Đề Anh,21:10,"Vào đêm 25/9/2026, rạp CGV Hùng Vương Plaza trở thành nơi mà khán giả có cơ hội trải nghiệm suất chiếu độc đáo của bộ phim TRẠI BUÔN NGƯỜI. Với định dạng 2D Phụ Đề Anh và giờ chiếu 21:10, sự kiện này hứa hẹn sẽ mang đến cho khán giả một trải nghiệm giải trí độc đáo và ấn tượng."
TRẠI BUÔN NGƯỜI,CGV Hùng Vương Plaza,25/09/2026,2D Phụ Đề Anh,21:40,"Hôm nay, tôi đã có cơ hội xem suất chiếu ""Trái Buôn Người"" tại rạp chiếu CGV Hùng Vương Plaza vào lúc 21:40. Với định dạng 2D Phụ Đề Anh, bộ phim đã mang đến cho tôi một trải nghiệm độc đáo và hấp dẫn. Sự lựa chọn của tôi là rạp chiếu CGV Hùng Vương Plaza đã tạo ra một không gian thoải mái và hiện đại, giúp tôi có thể tận hưởng bộ phim một cách tốt nhất."
TRẠI BUÔN NGƯỜI,CGV Hùng Vương Plaza,25/09/2026,2D Phụ Đề Anh | Rạp GOLD CLASS,22:10,"Tôi đã có cơ hội xem suất chiếu ""TRẠI BUÔN NGƯỜI"" tại rạp CGV Hùng Vương Plaza vào ngày 25/09/2026. Qua trải nghiệm này, tôi cảm thấy được immers vào thế giới đầy cảm xúc và khủng khiếp của bộ phim. Phụ đề tiếng Anh tạo nên không khí nặng nề và hấp dẫn, trong khi thời điểm 22:10 tạo nên sự chú ý và tập trung. Overall, tôi rất thích trải nghiệm xem phim này và sẽ nhớ mãi."
TRẠI BUÔN NGƯỜI,CGV Hùng Vương Plaza,25/09/2026,2D Phụ Đề Anh,22:25,"Ngày 25/9/2026, tại CGV Hùng Vương Plaza, tôi đã có dịp trải nghiệm suất chiếu phim ""TRẠI BUÔN NGƯỜI"" với định dạng 2D Phụ Đề Anh. Giờ chiếu là 22:25, tạo không gian yên tĩnh và tập trung cho khán giả. Trong lúc đó, phim đang chiếu trên màn hình lớn, mang đến một trải nghiệm giải trí tuyệt vời cho khán giả."
TRẠI BUÔN NGƯỜI,CGV Hùng Vương Plaza,25/09/2026,2D Phụ Đề Anh,22:40,"Tôi đã xem suất chiếu TRẠI BUÔN NGƯỜI tại rạp chiếu CGV Hùng Vương Plaza vào ngày 25/09/2026. Phim được chiếu với định dạng 2D Phụ Đề Anh và bắt đầu tại 22:40. Tôi đã trải nghiệm một chiều sâu âm thanh sống động và hình ảnh sắc nét. Phim đã tạo ra một bầu không khí hứng thú và hấp dẫn, khiến tôi không thể rời mắt khỏi màn hình."
VÙNG ĐẤT QUỶ DỮ,CGV Hùng Vương Plaza,25/09/2026,2D Phụ Đề Việt,20:50,"Tôi vừa có cơ hội xem suất chiếu ""VÙNG ĐẤT QUỢ DỮ"" tại rạp chiếu CGV Hùng Vương Plaza và đó là trải nghiệm tuyệt vời nhất. Phim được chiếu với định dạng 2D Phụ Đề Việt và được chiếu vào ngày 25/09/2026 với giờ chiếu là 20:50. Tôi đã được tận hưởng không khí hấp dẫn và âm thanh sống động trong suốt thời gian xem. Với trải nghiệm tuyệt vời này, tôi chắc chắn sẽ trở lại xem lại phim này trong tương lai."
ÚT LAN 2,CGV Hùng Vương Plaza,25/09/2026,2D Phụ Đề Anh,22:50,"Tôi vừa có dịp xem suất chiếu ""ÚT LAN 2"" tại rạp CGV Hùng Vương Plaza và trải nghiệm là tuyệt vời! Phim được chiếu với định dạng 2D Phụ Đề Anh, tạo ra một bầu không khí đầy màu sắc và hấp dẫn. Thời gian chiếu bắt đầu vào lúc 22:50, và tôi đã tận hưởng từng khoảnh khắc của bộ phim này. Hãy đến và khám phá thế giới của ""ÚT LAN 2"" ngay hôm nay!"
AVENGERS: HỒI KẾT - PHIÊN BẢN ĐẶC BIỆT (CHIẾU LẠI),CGV Hùng Vương Plaza,26/09/2026,SCREENX-2D Phụ Đề Việt | Rạp SCREENX																 & Infinity Vision,09:00,"Khi bước vào CGV Hùng Vương Plaza vào ngày 26/09/2026, khán giả đã được chào đón bởi sự sôi động và hứng khởi của tất cả người hâm mộ. Phim AVENGERS: HỒI KẾT - PHIÊN BẢN ĐẶC BIỆT đã chính thức ra mắt màn ảnh, mang đến trải nghiệm đầy hứa hẹn và phấn khích. Với định dạng SCREENX-2D Phụ Đề Việt | Rạp SCREENX & Infinity Vision, khán giả được tận hưởng một cách mới mẻ và đặc biệt. Và tại rạp chiếu này, giờ chiếu 09:00 đã được ấn định, chuẩn bị sẵn sàng cho đợt chiếu sáng màn hình."
AVENGERS: HỒI KẾT - PHIÊN BẢN ĐẶC BIỆT (CHIẾU LẠI),CGV Hùng Vương Plaza,26/09/2026,4DX2D Phụ Đề Việt | Rạp 4DX																 & Infinity Vision,11:30,"Tôi vừa có cơ hội trải nghiệm suất chiếu ""AVENGERS: HỒI KẾT - PHIÊN BẢN ĐẶC BIỆT"" tại rạp chiếu CGV Hùng Vương Plaza và đó là một trải nghiệm thật sự đáng nhớ. Với định dạng 4DX2D và phụ đề Việt, mỗi giây tôi đều cảm thấy mình như đang đứng trong thế giới hành động của Avengers. Giờ 11:30 sáng, không khí trong rạp chỉ vừa bắt đầu sôi động, nhưng tôi đã sẵn sàng để chia sẻ một đêm không thể quên cùng với hàng nghìn đồng bạn bè. Mỗi cảnh quay đều khiến tôi cảm thấy như mình đang trở thành một phần của bộ truyện, từ những chi tiết nhỏ nhất đến những khoảnh khắc đầy sức ép. Đó là một trải nghiệm tuyệt vời mà tôi sẽ không bao giờ quên."
AVENGERS: HỒI KẾT - PHIÊN BẢN ĐẶC BIỆT (CHIẾU LẠI),CGV Hùng Vương Plaza,26/09/2026,SCREENX-2D Phụ Đề Việt | Rạp SCREENX																 & Infinity Vision,14:50,"Thời điểm 26/09/2026, rạp CGV Hùng Vương Plaza là điểm đến hấp dẫn để trải nghiệm AVENGERS: HỒI KẾT - PHIÊN BẢN ĐẶC BIỆT với định dạng SCREENX-2D Phụ Đề Việt | Rạp SCREENX & Infinity Vision. Cả gia đình và những fan hâm mộ đã có cơ hội thưởng thức bộ phim này tại rạp, được trải nghiệm không gian rộng rãi và chất lượng hình ảnh ấn tượng."
AVENGERS: HỒI KẾT - PHIÊN BẢN ĐẶC BIỆT (CHIẾU LẠI),CGV Hùng Vương Plaza,26/09/2026,SCREENX-2D Phụ Đề Việt | Rạp SCREENX																 & Infinity Vision,18:20,"Vào ngày 26/09/2026, rạp chiếu CGV Hùng Vương Plaza sẽ trình chiếu AVENGERS: HỒI KẾT - PHIÊN BẢN ĐẶC BIỆT theo định dạng SCREENX-2D Phụ Đề Việt | Rạp SCREENX & Infinity Vision. Khán giả sẽ được tận hưởng trải nghiệm chiếu phim độc đáo và ấn tượng với các hiệu ứng hình ảnh vượt trội. Giờ chiếu bắt đầu từ 18:20, hãy đến sớm để tận hưởng màn chiếu đầu tiên của bộ phim này tại CGV Hùng Vương Plaza."
AVENGERS: HỒI KẾT - PHIÊN BẢN ĐẶC BIỆT (CHIẾU LẠI),CGV Hùng Vương Plaza,26/09/2026,4DX2D Phụ Đề Việt | Rạp 4DX																 & Infinity Vision,20:40,"Khi bước vào rạp chiếu CGV Hùng Vương Plaza vào tối 26/09/2026, tôi đã được trải nghiệm một suất chiếu AVENGERS: HỒI KẾT - PHIÊN BẢN ĐẶC BIỆT 4DX2D Phụ Đề Việt với sự kết hợp của công nghệ 4DX và Infinity Vision. Thời gian 20:40 đã mang đến cho tôi một trải nghiệm mượt mà và rõ ràng, như như được đặt trong một thế giới khác. Không chỉ vậy, sự kết hợp của công nghệ 4DX và Infinity Vision đã tạo nên một trải nghiệm thú vị và đầy kích thích, giúp tôi cảm nhận sâu sắc hơn trong từng khoảnh khắc của bộ phim."
BÓNG MA NHÀ HÁT,CGV Hùng Vương Plaza,26/09/2026,2D Phụ Đề Anh,08:40,"Tôi vừa có trải nghiệm tuyệt vời khi xem suất chiếu phim BÓNG MA NHÀ HÁT tại CGV Hùng Vương Plaza. Vào ngày 26/09/2026, tôi đã có cơ hội được trải nghiệm bộ phim này với định dạng 2D Phụ Đề Anh và giờ chiếu 08:40. Không khí trong rạp rất sôi động và tôi đã cảm nhận được sự phấn khích từ khán giả xung quanh."
HÒN ĐẢO QUÊN LÃNG,CGV Hùng Vương Plaza,26/09/2026,4DX2D Lồng Tiếng Việt | Rạp 4DX,09:20,"Tôi vừa có cơ hội trải nghiệm suất chiếu ""HÒN ĐẢO QUÊN LÃNG"" tại rạp CGV Hùng Vương Plaza và thật sự là một trải nghiệm tuyệt vời! Khi bước vào rạp, tôi đã được chào đón bởi không gian 4DX2D hiện đại và ấm cúng. Sau khi chọn ghế và đặt mua vé, tôi đã chuẩn bị sẵn sàng để bắt đầu hành trình phiêu lưu trong ""HÒN ĐẢO QUÊN LÃNG"". Khi giờ chiếu đến, tôi đã sẵn sàng để immers trong thế giới điện ảnh và được trải nghiệm một cách độc đáo và thú vị."
HÒN ĐẢO QUÊN LÃNG,CGV Hùng Vương Plaza,26/09/2026,SCREENX-2D Phụ Đề Việt | Rạp SCREENX,12:30,"Tôi vừa có cơ hội xem suất chiếu ""HÒN ĐẢO QUÊN LÃNG"" tại rạp CGV Hùng Vương Plaza và trải nghiệm thật tuyệt vời! Phim được chiếu trên màn ảnh SCREENX-2D Phụ Đề Việt với chất lượng hình ảnh ấn tượng. Đến giờ chiếu 12:30, rạp đã trở nên nhộn nhịp và khán giả đều rất hào hứng. Tôi đã tận hưởng trải nghiệm chiếu phim này và mong chờ lần xem tiếp."
HÒN ĐẢO QUÊN LÃNG,CGV Hùng Vương Plaza,26/09/2026,2D Lồng Tiếng Việt,14:00,"Tôi vừa trải qua một trải nghiệm tuyệt vời tại rạp chiếu CGV Hùng Vương Plaza khi xem phim ""HÒN ĐẢO QUÊN LÃNG"" vào ngày 26/09/2026. Phim được định dạng 2D với lồng tiếng Việt, giúp tôi cảm nhận sâu sắc hơn vào câu chuyện. Khi bước vào rạp, tôi đã được ngồi vào ghế thoải mái và tận hưởng màn hình lớn. Thời gian 14:00 đã phù hợp để xem phim, không quá nóng hay quá lạnh. Tất cả đều tạo nên một trải nghiệm phim mượt mà và hấp dẫn."
LAPUTA: LÂU ĐÀI TRÊN KHÔNG,CGV Hùng Vương Plaza,26/09/2026,2D Phụ Đề Việt,12:20,"Hôm nay, tôi đã có cơ hội được trải nghiệm suất chiếu LAPUTA: LÂU ĐÀI TRÊN KHÔNG tại CGV Hùng Vương Plaza. Phim được chiếu với định dạng 2D Phụ Đề Việt và giờ chiếu là 12:20. Tôi cảm thấy rất hào hứng khi xem phim này tại rạp chiếu, nơi có không gian rộng rãi và âm thanh rõ ràng. Sau một khoảng thời gian chờ đợi, tôi đã có thể bắt đầu xem phim và trải nghiệm những khoảnh khắc thú vị."
LAPUTA: LÂU ĐÀI TRÊN KHÔNG,CGV Hùng Vương Plaza,26/09/2026,2D Phụ Đề Việt,14:50,"Tôi vừa có cơ hội được trải nghiệm suất chiếu của bộ phim LAPUTA: LÂU ĐÀI TRÊN KHÔNG tại rạp chiếu CGV Hùng Vương Plaza. Với định dạng 2D Phụ Đề Việt và giờ chiếu 14:50, tôi đã có một trải nghiệm thú vị và đầy cảm xúc. Tôi được ngắm nhìn những cảnh phim sôi động và đầy màu sắc trên màn hình lớn, tạo nên một không khí hứng khởi trong rạp chiếu."
LAPUTA: LÂU ĐÀI TRÊN KHÔNG,CGV Hùng Vương Plaza,26/09/2026,2D Phụ Đề Việt,17:20,"Tôi đã có cơ hội xem suất chiếu LAPUTA: LÂU ĐÀI TRÊN KHÔNG tại rạp chiếu CGV Hùng Vương Plaza vào ngày 26/09/2026. Phim được chiếu trong định dạng 2D Phụ Đề Việt và bắt đầu vào giờ 17:20. Mặc dù không có nhiều thông tin về nội dung phim, nhưng tôi đã có một trải nghiệm thú vị và hấp dẫn. Phim đã mang đến cho tôi một cảm giác phiêu lưu và phiêu lưu trên không, khiến tôi không thể rời mắt khỏi màn hình."
LAPUTA: LÂU ĐÀI TRÊN KHÔNG,CGV Hùng Vương Plaza,26/09/2026,2D Phụ Đề Việt,19:50,"Tôi vừa có cơ hội xem suất chiếu ""LAPUTA: LÂU ĐÀI TRÊN KHÔNG"" tại rạp chiếu CGV Hùng Vương Plaza và đó là một trải nghiệm tuyệt vời. Phim được chiếu với định dạng 2D Phụ Đề Việt, giúp cho cuộc giải phiêu lưu của Laputa trở nên sống động và hấp dẫn. Tôi được chiếu phim vào lúc 19:50 và đã được trải nghiệm một màn chiếu tuyệt vời, không thấy lỗi hay lỗi kỹ thuật nào."
LÊN HƯƠNG,CGV Hùng Vương Plaza,26/09/2026,2D Phụ Đề Anh,09:10,"Hôm nay, tôi đã được trải nghiệm suất chiếu ""LÊN HƯƠNG"" tại rạp chiếu CGV Hùng Vương Plaza. Phim đã được chiếu với định dạng 2D Phụ Đề Anh và giờ chiếu là 09:10. Mặc dù chỉ là một suất chiếu mẫu, nhưng tôi đã có thể cảm nhận được sự thú vị và hấp dẫn của bộ phim. Tôi đã được tận hưởng một trải nghiệm chiếu phim tuyệt vời với hình ảnh và âm thanh rõ ràng."
LÊN HƯƠNG,CGV Hùng Vương Plaza,26/09/2026,2D Phụ Đề Anh,22:50,"Ngày 26/09/2026, rạp CGV Hùng Vương Plaza chính thức chào đón màn chiếu đầu tiên của bộ phim LÊN HƯƠNG. Trải nghiệm suất chiếu này mang đến một không gian giải trí đầy thú vị với định dạng 2D Phụ Đề Anh và giờ chiếu là 22:50. Với sự ấm áp của khán giả, bộ phim đã mang đến một không gian hứng thú và hấp dẫn, tạo ra một trải nghiệm đáng nhớ cho mỗi khán giả."
MARNIE YÊU DẤU,CGV Hùng Vương Plaza,26/09/2026,2D Phụ Đề Việt,10:00,"Hôm nay, tôi đã có cơ hội xem suất chiếu ""MARNIE YÊU DẤU"" tại rạp chiếu CGV Hùng Vương Plaza. Với định dạng 2D Phụ Đề Việt và giờ chiếu 10:00, trải nghiệm xem phim của tôi đã trở nên đặc biệt hơn. Thông tin lịch chiếu đã được cung cấp một cách rõ ràng, giúp tôi có thể lên kế hoạch xem phim một cách hiệu quả. Tôi đã có một trải nghiệm thú vị và đáng nhớ tại suất chiếu này."
MARNIE YÊU DẤU,CGV Hùng Vương Plaza,26/09/2026,2D Phụ Đề Việt,16:30,"Ngày 26/09/2026, rạp chiếu CGV Hùng Vương Plaza chào đón khán giả đến trải nghiệm bộ phim 2D Phụ Đề Việt đầu tiên tại đây - MARNIE YÊU DẤU. Với giờ chiếu sớm 16:30, khán giả có cơ hội tận hưởng màn ảnh nóng bỏng và cảm nhận sự say đắm với phong cách phim độc đáo. Hãy đến và khám phá thế giới mới mẻ cùng MARNIE YÊU DẤU tại rạp chiếu CGV Hùng Vương Plaza!"
TRẠI BUÔN NGƯỜI,CGV Hùng Vương Plaza,26/09/2026,2D Phụ Đề Anh | Rạp GOLD CLASS,08:40,"Tôi vừa có cơ hội xem suất chiếu ""TRẠI BUÔN NGƯỜI"" tại rạp CGV Hùng Vương Plaza vào ngày 26/09/2026. Khi bước vào rạp, không khí đã được tạo nên bởi sự hào hứng của khán giả. Tôi đã được ngồi vào ghế Gold Class, với màn hình lớn và âm thanh sống động. Thời gian 08:40 đã đến, và tôi đã sẵn sàng để bắt đầu hành trình thú vị cùng với bộ phim ""TRẠI BUÔN NGƯỜI""."
TRẠI BUÔN NGƯỜI,CGV Hùng Vương Plaza,26/09/2026,2D Phụ Đề Anh,09:10,"Hôm nay, tôi đã có cơ hội được trải nghiệm suất chiếu ""TRẠI BUÔN NGƯỜI"" tại rạp chiếu CGV Hùng Vương Plaza. Phim được chiếu với định dạng 2D Phụ Đề Anh và giờ chiếu là 09:10. Tôi đã có một trải nghiệm thú vị và hấp dẫn, với hình ảnh và âm thanh được trình diễn một cách độc đáo và ấn tượng. Phim đã thu hút sự chú ý của tôi ngay từ đầu, với những cảnh quay ấn tượng và cốt truyện hấp dẫn."
TRẠI BUÔN NGƯỜI,CGV Hùng Vương Plaza,26/09/2026,2D Phụ Đề Anh,09:40,"Ngày 26/09/2026, rạp CGV Hùng Vương Plaza trở thành nơi để khán giả cùng nhau trải nghiệm sự thú vị của TRẠI BUÔN NGƯỜI. Trong đêm chiếu sớm, bộ phim 2D Phụ Đề Anh được chiếu với giờ 09:40, mang đến cho khán giả một trải nghiệm độc đáo và hấp dẫn."
TRẠI BUÔN NGƯỜI,CGV Hùng Vương Plaza,26/09/2026,2D Phụ Đề Anh,10:20,"Hôm nay, tôi đã có cơ hội xem suất chiếu ""TRẠI BUÔN NGƯỜI"" tại rạp chiếu CGV Hùng Vương Plaza. Phim được chiếu dưới định dạng 2D Phụ Đề Anh và bắt đầu từ 10:20. Mặc dù chỉ xem một đoạn ngắn, tôi đã cảm nhận được sự hấp dẫn và hấp dẫn của bộ phim này. Thông tin về ngày chiếu và giờ chiếu đã giúp tôi sắp xếp lịch xem sớm, và tôi mong chờ được trải nghiệm nhiều hơn trong tương lai."
TRẠI BUÔN NGƯỜI,CGV Hùng Vương Plaza,26/09/2026,2D Phụ Đề Anh,10:50,"Tôi vừa có cơ hội xem suất chiếu ""TRẠI BUÔN NGƯỜI"" tại rạp CGV Hùng Vương Plaza vào ngày 26/09/2026, và đó là một trải nghiệm tuyệt vời! Tôi đã được xem phim trong định dạng 2D Phụ Đề Anh với giờ chiếu 10:50. Mở đầu một ngày cuối tuần tuyệt vời, trải nghiệm xem phim tại rạp đã mang lại cho tôi những khoảnh khắc giải trí và thư giãn."
TRẠI BUÔN NGƯỜI,CGV Hùng Vương Plaza,26/09/2026,2D Phụ Đề Anh | Rạp GOLD CLASS,11:20,"Ngày 26/9/2026, tôi đã có cơ hội tham gia suất chiếu của bộ phim TRẠI BUÔN NGƯỜI tại CGV Hùng Vương Plaza. Đây là một trải nghiệm thú vị khi được thưởng thức phim trong một không gian riêng tư và được phục vụ chất lượng cao. Phim được chiếu tại rạp GOLD CLASS với định dạng 2D Phụ Đề Anh, tạo nên một không gian giải trí độc đáo. Tôi đã chọn buổi chiếu vào lúc 11:20 và có thể nói rằng đó là một thời điểm tuyệt vời để được tận hưởng bộ phim này."
TRẠI BUÔN NGƯỜI,CGV Hùng Vương Plaza,26/09/2026,2D Phụ Đề Anh,11:50,"Tôi vừa có cơ hội xem suất chiếu ""TRẠI BUÔN NGƯỜI"" tại rạp chiếu CGV Hùng Vương Plaza vào ngày 26/09/2026. Tôi được ngồi vào ghế 11:50 và trải nghiệm 2D Phụ Đề Anh. Khán giả có thể cảm nhận được không khí hấp dẫn và âm thanh sống động từ những bản phụ đề tiếng Anh, làm cho bộ phim trở nên sống động hơn."
TRẠI BUÔN NGƯỜI,CGV Hùng Vương Plaza,26/09/2026,2D Phụ Đề Anh,12:20,"Hôm nay, tôi đã được trải nghiệm suất chiếu phim TRẠI BUÔN NGƯỜI tại rạp chiếu CGV Hùng Vương Plaza. Phim được chiếu với định dạng 2D Phụ Đề Anh và giờ chiếu là 12:20. Tôi đã có cơ hội tận hưởng bộ phim này và được mang đến một trải nghiệm thú vị. Phim đã mang đến cho tôi những khoảnh khắc hấp dẫn và thú vị, khiến tôi không thể rời mắt khỏi màn ảnh."
TRẠI BUÔN NGƯỜI,CGV Hùng Vương Plaza,26/09/2026,2D Phụ Đề Anh,13:10,"Vào chiều 26/9/2026, tại CGV Hùng Vương Plaza, TRẠI BUÔN NGƯỜI đã mang đến cho khán giả một trải nghiệm tuyệt vời. Với định dạng 2D Phụ Đề Anh và giờ chiếu 13:10, mọi người có thể tận hưởng bộ phim này trong một không gian thoải mái và tiện nghi. Mọi người có thể trải nghiệm bộ phim này cùng những người thân yêu của mình."
TRẠI BUÔN NGƯỜI,CGV Hùng Vương Plaza,26/09/2026,2D Phụ Đề Anh,13:40,"Tôi đã có cơ hội tận hưởng bộ phim TRẠI BUÔN NGƯỜI tại rạp chiếu CGV Hùng Vương Plaza vào ngày 26/09/2026. Khi bước vào phòng chiếu, tôi được trải nghiệm một trải nghiệm tuyệt vời với hình ảnh 2D Phụ Đề Anh. Phim bắt đầu vào giờ 13:40 và tôi đã bị cuốn hút bởi thế giới phim ảnh ấn tượng. Mỗi khung hình đều mang đến cho tôi những cảm xúc mới mẻ và thú vị. Tôi hoàn toàn hài lòng với trải nghiệm xem phim này."
TRẠI BUÔN NGƯỜI,CGV Hùng Vương Plaza,26/09/2026,2D Phụ Đề Anh | Rạp GOLD CLASS,14:10,"Tôi vừa có dịp xem suất chiếu phim TRIA BUÔN NGƯỜI tại rạp CGV Hùng Vương Plaza. Đây là một trải nghiệm tuyệt vời, mang đến cho tôi một cảm giác chân thực và sống động. Phim được chiếu trong định dạng 2D Phụ Đề Anh, tạo ra một không gian riêng biệt và thu hút. Thời gian chiếu là 14:10, một thời điểm vừa phải, giúp tôi có thể tận hưởng toàn bộ nội dung phim mà không bị vội vàng. Mặc dù chỉ là một sự kiện mô phỏng, nhưng tôi cảm thấy như đã được đưa vào thế giới huyền thoại của bộ phim."
TRẠI BUÔN NGƯỜI,CGV Hùng Vương Plaza,26/09/2026,2D Phụ Đề Anh,14:40,"Hôm nay, tôi đã có cơ hội xem suất chiếu ""TRẠI BUÔN NGƯỜI"" tại rạp chiếu CGV Hùng Vương Plaza. Phim được chiếu theo định dạng 2D Phụ Đề Anh với thời gian chiếu là 14:40. Với phong cách chiếu phim chuyên nghiệp, tôi đã cảm nhận được trải nghiệm đầy thú vị và hấp dẫn trong bộ phim này."
TRẠI BUÔN NGƯỜI,CGV Hùng Vương Plaza,26/09/2026,4DX2D Phụ Đề Anh | Rạp 4DX,15:20,"Tôi vừa có trải nghiệm xem suất chiếu ""TRẠI BUÔN NGƯỜI"" tại CGV Hùng Vương Plaza vào ngày 26/09/2026. Phim được chiếu trong định dạng 4DX2D Phụ Đề Anh | Rạp 4DX và bắt đầu ở giờ 15:20. Môi trường chiếu phim rất hiện đại và đa dạng, mang đến cảm giác được trải nghiệm độc đáo và gần gũi hơn khi xem phim."
TRẠI BUÔN NGƯỜI,CGV Hùng Vương Plaza,26/09/2026,2D Phụ Đề Anh,15:50,"Hôm nay, tôi đã có cơ hội xem suất chiếu TRẠI BUÔN NGƯỜI tại CGV Hùng Vương Plaza. Sự kiện được tổ chức vào ngày 26/09/2026 với giờ chiếu 15:50, và đó là một định dạng 2D Phụ Đề Anh thú vị. Tôi đã có thể tận hưởng trải nghiệm chiếu phim với chất lượng visuals và âm thanh hấp dẫn."
TRẠI BUÔN NGƯỜI,CGV Hùng Vương Plaza,26/09/2026,2D Phụ Đề Anh,16:20,"Tôi vừa có cơ hội xem suất chiếu ""TRẠI BUÔN NGƯỜI"" tại rạp chiếu CGV Hùng Vương Plaza vào ngày 26/09/2026. Trong hành trình đầy thử thách và thử nghiệm, bộ phim này đã để lại ấn tượng sâu sắc trên tôi. Màn chiếu 2D Phụ Đề Anh được thiết kế tinh tế và độc đáo, tạo ra một trải nghiệm độc đáo cho khán giả."
TRẠI BUÔN NGƯỜI,CGV Hùng Vương Plaza,26/09/2026,2D Phụ Đề Anh | Rạp GOLD CLASS,16:50,"Tôi vừa có cơ hội xem suất chiếu TRẠI BUÔN NGƯỜI tại rạp CGV Hùng Vương Plaza. Phim được chiếu với định dạng 2D Phụ Đề Anh và được lựa chọn chiếu trong rạp GOLD CLASS. Thời gian chiếu là 16:50, tạo cảm giác sôi động và thú vị. Sự kiện chiếu rạp này đã mang đến cho tôi một trải nghiệm độc đáo và thú vị, giúp tôi có thể chiêm ngưỡng phim trong không gian phim chiếu độc quyền."
TRẠI BUÔN NGƯỜI,CGV Hùng Vương Plaza,26/09/2026,2D Phụ Đề Anh,17:20,"Hôm nay, tôi đã được trải nghiệm suất chiếu phim ""TRẠI BUÔN NGƯỜI"" tại rạp chiếu CGV Hùng Vương Plaza. Với định dạng 2D Phụ Đề Anh, suất chiếu này đã mang đến cho tôi một trải nghiệm thú vị và hấp dẫn. Phim được chiếu vào ngày 26/09/2026 với giờ chiếu 17:20, tạo nên một không gian thoải mái và yên tĩnh cho khán giả. Tôi đã tận hưởng từng khoảnh khắc của phim và cảm thấy như mình đã được thả lỏng trong quá trình xem."
TRẠI BUÔN NGƯỜI,CGV Hùng Vương Plaza,26/09/2026,2D Phụ Đề Anh,17:40,"Hôm nay, tôi đã có dịp được trải nghiệm suất chiếu TRẠI BUÔN NGƯỜI tại rạp CGV Hùng Vương Plaza. Phim được chiếu với định dạng 2D Phụ Đề Anh vào lúc 17:40, mang đến một trải nghiệm thú vị cho khán giả. Không khí rạp chiếu sôi động và những ánh đèn 2D phụ đề Anh đã tạo ra một không gian riêng biệt. Tôi đã có một trải nghiệm tuyệt vời tại suất chiếu này, cảm thấy mình đã được hòa nhập vào thế giới phim."
TRẠI BUÔN NGƯỜI,CGV Hùng Vương Plaza,26/09/2026,4DX2D Phụ Đề Anh | Rạp 4DX,18:00,"Ngày 26/9/2026, khán giả được tận hưởng trải nghiệm tuyệt vời tại rạp chiếu CGV Hùng Vương Plaza khi phim TRẠI BUÔN NGƯỜI ra mắt. Với định dạng 4DX2D và phụ đề Anh, màn ảnh chuyển hứng để khán giả được trải nghiệm hình ảnh 3D sống động. Khi vào buổi chiếu lúc 18h, không khí rạp trở nên sôi động và thân mật, tạo nên một không gian riêng tư cho từng khán giả."
TRẠI BUÔN NGƯỜI,CGV Hùng Vương Plaza,26/09/2026,2D Phụ Đề Anh,18:30,"Hôm nay, tôi đã có cơ hội trải nghiệm suất chiếu ""TRẠI BUÔN NGƯỜI"" tại rạp chiếu CGV Hùng Vương Plaza. Phim chiếu rọi vào ngày 26/09/2026 với thời gian chiếu là 18:30, thuộc định dạng 2D Phụ Đề Anh. Tôi đã tận hưởng một chiều phim với khung giờ này, cảm thấy thoải mái và không quá bận rộn. Mỗi viên popcorn đều được chăm chút để mang đến trải nghiệm tuyệt vời nhất cho khán giả."
TRẠI BUÔN NGƯỜI,CGV Hùng Vương Plaza,26/09/2026,2D Phụ Đề Anh,19:00,Tôi vừa có cơ hội xem một suất chiếu đặc biệt của bộ phim TRẠI BUÔN NGƯỜI tại rạp chiếu CGV Hùng Vương Plaza. Phim được chiếu với định dạng 2D Phụ Đề Anh và giờ chiếu là 19:00. Mình cảm thấy ấn tượng với chất lượng chiếu và không gian rạp chiếu khá rộng rãi. Phim đã mang đến cho mình một trải nghiệm giải trí đáng nhớ với những khoảnh khắc hấp dẫn và những tình tiết thú vị.
TRẠI BUÔN NGƯỜI,CGV Hùng Vương Plaza,26/09/2026,2D Phụ Đề Anh | Rạp GOLD CLASS,19:30,"Ngày 26/9/2026, tôi đã có cơ hội tham gia vào một trải nghiệm giải trí tuyệt vời tại rạp CGV Hùng Vương Plaza khi phim TRẠI BUÔN NGƯỜI được chiếu. Phim được chiếu tại rạp GOLD CLASS với định dạng 2D Phụ Đề Anh, tạo ra một không gian giải trí độc đáo. Tôi đã chọn thời điểm 19:30 để xem phim và trải nghiệm sự hấp dẫn của bộ phim này."
TRẠI BUÔN NGƯỜI,CGV Hùng Vương Plaza,26/09/2026,2D Phụ Đề Anh,20:00,"Tôi vừa đến rạp CGV Hùng Vương Plaza và chuẩn bị cho trải nghiệm xem suất chiếu phim TRẠI BUÔN NGƯỜI. Thông tin trên màn hình chỉ ra rằng đây là một chiếu phim 2D với phụ đề Anh, và tôi sẽ có cơ hội tận hưởng bộ phim này vào lúc 20:00 hôm nay. Mọi thứ đang chuẩn bị sẵn sàng, tôi sẵn sàng để được chinh phục bởi thế giới phim."
TRẠI BUÔN NGƯỜI,CGV Hùng Vương Plaza,26/09/2026,2D Phụ Đề Anh,20:30,"Hôm nay, tôi đã được tận hưởng một trải nghiệm tuyệt vời tại rạp chiếu CGV Hùng Vương Plaza khi xem suất chiếu TRẠI BUÔN NGƯỜI. Phim được chiếu ở định dạng 2D Phụ Đề Anh và giờ chiếu là 20:30. Mặc dù là một buổi chiếu tối, nhưng không khí rạp vẫn rất sôi động và đầy năng lượng. Tôi đã được trải nghiệm một màn chiếu phim ấn tượng, với những hiệu ứng hình ảnh và âm thanh tràn ngập. Đó là một buổi xem tuyệt vời!"
TRẠI BUÔN NGƯỜI,CGV Hùng Vương Plaza,26/09/2026,2D Phụ Đề Anh,21:10,"Ngày 26/9/2026, rạp CGV Hùng Vương Plaza chào đón khán giả đến trải nghiệm suất chiếu ""TRẠI BUÔN NGƯỜI"" - bộ phim 2D Phụ Đề Anh với giờ chiếu 21:10. Đây là một cơ hội để tận hưởng phim mới nhất tại rạp, mang đến trải nghiệm giải trí tuyệt vời cho mọi người."
TRẠI BUÔN NGƯỜI,CGV Hùng Vương Plaza,26/09/2026,2D Phụ Đề Anh,21:40,"Hôm nay, tôi đã có cơ hội chứng kiến suất chiếu đầu tiên của bộ phim TRẠI BUÔN NGƯỜI tại CGV Hùng Vương Plaza. Tôi đã đến rạp chiếu vào lúc 21:40 và trải nghiệm thú vị khi được xem phim trên màn hình 2D Phụ Đề Anh. Mở đầu với thời gian chiếu sớm, sự ấm áp của phòng chiếu và âm thanh sống động, tôi đã cảm nhận được không khí chờ đợi và hứng thú khi chờ phim."
TRẠI BUÔN NGƯỜI,CGV Hùng Vương Plaza,26/09/2026,2D Phụ Đề Anh | Rạp GOLD CLASS,22:10,"Tôi đã có cơ hội tận hưởng suất chiếu ""TRẠI BUÔN NGƯỜI"" tại rạp CGV Hùng Vương Plaza và đó là một trải nghiệm tuyệt vời. Phim được chiếu vào ngày 26/09/2026, dưới định dạng 2D Phụ Đề Anh, được phát hành trong một không gian rạp GOLD CLASS ấm cúng. Với giờ chiếu 22:10, tôi đã có một buổi xem phim đáng nhớ, được thiết kế hoàn hảo cho sự phấn khích và cảm xúc sâu sắc."
TRẠI BUÔN NGƯỜI,CGV Hùng Vương Plaza,26/09/2026,2D Phụ Đề Anh,22:40,"Tôi vừa có cơ hội xem suất chiếu ""TRẠI BUÔN NGƯỜI"" tại rạp chiếu CGV Hùng Vương Plaza vào tối 26/09/2026. Khi bước vào rạp, không khí trở nên sôi động và hứng thú. Phim được chiếu với định dạng 2D Phụ Đề Anh và giờ chiếu 22:40, tạo sự phù hợp cho khán giả muốn trải nghiệm một màn chiếu tối. Không gian rạp được trang bị tiện nghi, giúp khán giả có một trải nghiệm xem phim thoải mái và tuyệt vời."
VÙNG ĐẤT QUỶ DỮ,CGV Hùng Vương Plaza,26/09/2026,2D Phụ Đề Việt,20:50,"Hôm nay, tôi đã có dịp xem suất chiếu VÙNG ĐẤT QUỶ DỮ tại rạp CGV Hùng Vương Plaza vào buổi tối. Sự kiện này đã mang đến cho tôi trải nghiệm đầy thú vị và hấp dẫn, với hình ảnh sống động và phong cách thiết kế độc đáo. Phim được chiếu trong định dạng 2D Phụ Đề Việt và bắt đầu vào giờ 20:50, tạo nên không gian hứng thú và hấp dẫn cho khán giả."
VÙNG ĐẤT QUỶ DỮ,CGV Hùng Vương Plaza,26/09/2026,SCREENX-2D Phụ Đề Việt | Rạp SCREENX,21:50,"Hôm nay, tôi đã trải nghiệm suất chiếu ""VÙNG ĐẤT QUỶ DỮ"" tại rạp chiếu CGV Hùng Vương Plaza. Khi bước vào rạp, không khí trở nên sôi động và thú vị. Sau một thời gian chờ đợi, rạp đã bắt đầu chiếu phim và tôi đã được tận hưởng toàn bộ trải nghiệm của suất chiếu này. Tôi rất ấn tượng với cách trình chiếu màn hình lớn và âm thanh rõ ràng. Việc xem phim tại rạp chiếu là một trải nghiệm tuyệt vời, không thể thay thế bằng cách xem phim tại nhà."
VÙNG ĐẤT QUỶ DỮ,CGV Hùng Vương Plaza,26/09/2026,2D Phụ Đề Việt,22:20,"Tôi vừa xem suất chiếu ""VÙNG ĐẤT QUỶ DỮ"" tại rạp chiếu CGV Hùng Vương Plaza vào ngày 26/09/2026 và nó thực sự là một trải nghiệm tuyệt vời. Phim được chiếu với định dạng 2D Phụ Đề Việt và giờ chiếu là 22:20, tạo nên một không khí riêng biệt. Tôi đã tận hưởng từng giây phút trên màn hình và cảm thấy được giải trí tuyệt vời."
ÚT LAN 2,CGV Hùng Vương Plaza,26/09/2026,2D Phụ Đề Anh,11:40,"Hôm nay, tôi có cơ hội được xem suất chiếu ""ÚT LAN 2"" tại rạp chiếu CGV Hùng Vương Plaza và nó thực sự là một trải nghiệm tuyệt vời. Phim được chiếu với định dạng 2D Phụ Đề Anh và giờ chiếu là 11:40. Tôi đã có thời gian để thưởng thức hành trình của nhân vật và cảm nhận được sự thú vị của bộ phim. Trong một không gian rạp chiếu yên tĩnh và ấm cúng, tôi đã được lướt qua thế giới của ""ÚT LAN 2"", tạo cho tôi một cảm giác thoải mái và hứng thú."
ÚT LAN 2,CGV Hùng Vương Plaza,26/09/2026,2D Phụ Đề Anh,18:40,"Hôm nay, tôi đã có cơ hội trải nghiệm suất chiếu phim ÚT LAN 2 tại rạp chiếu CGV Hùng Vương Plaza. Ngày chiếu là 26/09/2026, và tôi đã chọn thời điểm 18:40 để xem phim. Với định dạng 2D Phụ Đề Anh, tôi đã được trải nghiệm một trải nghiệm giải trí thú vị. Phim đã tạo ra không khí hấp dẫn và tôi đã tận hưởng từng phút giây của nó."
AVENGERS: HỒI KẾT - PHIÊN BẢN ĐẶC BIỆT (CHIẾU LẠI),CGV Hùng Vương Plaza,27/09/2026,SCREENX-2D Phụ Đề Việt | Rạp SCREENX																 & Infinity Vision,09:00,"Tôi vừa có cơ hội được trải nghiệm suất chiếu ""AVENGERS: HỒI KẾT - PHIÊN BẢN ĐẶC BIỆT"" tại CGV Hùng Vương Plaza và đó là một trải nghiệm không thể quên. Phim được chiếu trong hai định dạng khác nhau: SCREENX-2D Phụ Đề Việt và Infinity Vision. Thời gian chiếu bắt đầu vào 09:00 và tôi đã có cơ hội tận hưởng màn hình rộng lớn của Infinity Vision, tạo cảm giác tuyệt vời cho trải nghiệm xem phim."
AVENGERS: HỒI KẾT - PHIÊN BẢN ĐẶC BIỆT (CHIẾU LẠI),CGV Hùng Vương Plaza,27/09/2026,4DX2D Phụ Đề Việt | Rạp 4DX																 & Infinity Vision,11:30,"Tôi vừa đặt vé xem AVENGERS: HỒI KẾT - PHIÊN BẢN ĐẶC BIỆT tại CGV Hùng Vương Plaza và hôm nay là ngày 27/09/2026. Thông tin cho tôi là chiếu tại rạp 4DX2D với phụ đề tiếng Việt và Infinity Vision. Câu hẹn của tôi là 11:30, tôi sẽ trải nghiệm một không gian chiếu phim đặc biệt với những hiệu ứng đặc biệt và hình ảnh sống động."
AVENGERS: HỒI KẾT - PHIÊN BẢN ĐẶC BIỆT (CHIẾU LẠI),CGV Hùng Vương Plaza,27/09/2026,SCREENX-2D Phụ Đề Việt | Rạp SCREENX																 & Infinity Vision,14:50,"Tôi đã được fortunate khi được trải nghiệm suất chiếu AVENGERS: HỒI KẾT - PHIÊN BẢN ĐẶC BIỆT tại rạp chiếu CGV Hùng Vương Plaza vào ngày 27/09/2026. Thông qua việc xem phim trong format SCREENX-2D Phụ Đề Việt | Rạp SCREENX & Infinity Vision, tôi đã có một trải nghiệm đa chiều và đầy cảm xúc. Thời gian 14:50 đã mang đến cho tôi một không gian riêng tư để tận hưởng bộ phim."
AVENGERS: HỒI KẾT - PHIÊN BẢN ĐẶC BIỆT (CHIẾU LẠI),CGV Hùng Vương Plaza,27/09/2026,SCREENX-2D Phụ Đề Việt | Rạp SCREENX																 & Infinity Vision,18:20,"Tôi vừa có cơ hội trải nghiệm suất chiếu AVENGERS: HỒI KẾT - PHIÊN BẢN ĐẶC BIỆT tại rạp CGV Hùng Vương Plaza. Khi bước vào rạp, không khí trở nên sôi động và hào hứng vì sự ra mắt của bộ phim này. Tôi đã chọn giều suấtSCREENX-2D Phụ Đề Việt | Rạp SCREENX, tạo nên một trải nghiệm độc đáo và ấn tượng. Sau một hồi chờ đợi, thời gian đã đến và tôi đã có thể tận hưởng bộ phim này trên màn ảnh to lớn."
AVENGERS: HỒI KẾT - PHIÊN BẢN ĐẶC BIỆT (CHIẾU LẠI),CGV Hùng Vương Plaza,27/09/2026,4DX2D Phụ Đề Việt | Rạp 4DX																 & Infinity Vision,20:40,"Hôm nay, bạn có cơ hội được trải nghiệm sự phiêu lưu tuyệt vời khi xem AVENGERS: HỒI KẾT - PHIÊN BẢN ĐẶC BIỆT trên màn hình lớn tại CGV Hùng Vương Plaza. Thông qua format 4DX2D Phụ Đề Việt | Rạp 4DX, Infinity Vision, bạn sẽ được chinh phục không gian và cảm nhận sự hồi hộp khi theo dõi câu chuyện của siêu anh hùng. Chào đón sự kiện chiếu rạp này vào ngày 27/09/2026, giờ chiếu 20:40, để cùng nhau khám phá thế giới phiêu lưu đầy mạo hiểm và hành động!"
HÒN ĐẢO QUÊN LÃNG,CGV Hùng Vương Plaza,27/09/2026,4DX2D Lồng Tiếng Việt | Rạp 4DX,09:20,"Tôi đã có cơ hội trải nghiệm suất chiếu ""HÒN ĐẢO QUÊN LÃNG"" tại rạp CGV Hùng Vương Plaza vào ngày 27/09/2026. Với định dạng 4DX2D và lồng tiếng Việt, tôi đã được trải nghiệm một cách 3D thực sự và sống động. Phim được chiếu đúng giờ 09:20, tạo nên một trải nghiệm tuyệt vời và không thể quên. Mọi thứ đều được thiết kế để mang đến trải nghiệm phim một cách độc đáo và hấp dẫn, khiến tôi cảm thấy như mình đang ở trong thế giới phim."
HÒN ĐẢO QUÊN LÃNG,CGV Hùng Vương Plaza,27/09/2026,SCREENX-2D Phụ Đề Việt | Rạp SCREENX,12:30,"Tôi vừa có cơ hội xem suất chiếu ""HÒN ĐẢO QUÊN LÃNG"" tại rạp CGV Hùng Vương Plaza và trải nghiệm thật tuyệt vời. Phim được chiếu trong màn hình SCREENX-2D Phụ Đề Việt, tạo ra một không gian phim ảnh sinh động và sống động. Mỗi chi tiết trong phim đều được thể hiện rõ ràng và chi tiết, mang đến một cảm giác gần gũi và kết nối với nhân vật. Thật là một trải nghiệm tuyệt vời và đáng nhớ."
LAPUTA: LÂU ĐÀI TRÊN KHÔNG,CGV Hùng Vương Plaza,27/09/2026,2D Phụ Đề Việt,12:20,"Hôm nay, tôi có cơ hội tận hưởng suất chiếu phim LAPUTA: LÂU ĐÀI TRÊN KHÔNG tại CGV Hùng Vương Plaza. Thời điểm tôi đến, rạp đang sôi động với nhiều khán giả khác nhau. Phim được chiếu với định dạng 2D Phụ Đề Việt và giờ chiếu là 12:20. Qua trải nghiệm, tôi cảm thấy phấn khích khi được tận hưởng những khoảnh khắc phim."
LAPUTA: LÂU ĐÀI TRÊN KHÔNG,CGV Hùng Vương Plaza,27/09/2026,2D Phụ Đề Việt,15:00,"Hôm nay, bạn có cơ hội trải nghiệm sự phấn khích khi chiếu phim LAPUTA: LÂU ĐÀI TRÊN KHÔNG tại rạp CGV Hùng Vương Plaza. Ngày chiếu là 27/09/2026, với giờ chiếu là 15:00. Bạn sẽ được tận hưởng trải nghiệm 2D Phụ Đề Việt, tạo nên một không gian giải trí đầy sự thú vị và hấp dẫn."
LAPUTA: LÂU ĐÀI TRÊN KHÔNG,CGV Hùng Vương Plaza,27/09/2026,2D Phụ Đề Việt,16:10,"Hôm nay, tôi đã có cơ hội trải nghiệm suất chiếu LAPUTA: LÂU ĐÀI TRÊN KHÔNG tại rạp CGV Hùng Vương Plaza. Đến với suất chiếu này, tôi được tận hưởng trải nghiệm phim với định dạng 2D Phụ Đề Việt và giờ chiếu 16:10. Đó là một khoảng thời gian tuyệt vời để tôi được chiêm ngưỡng tác phẩm của đạo diễn với chất lượng hình ảnh và âm thanh sống động."
LAPUTA: LÂU ĐÀI TRÊN KHÔNG,CGV Hùng Vương Plaza,27/09/2026,2D Phụ Đề Việt,19:50,"Hôm nay, bạn có cơ hội tận hưởng bộ phim LAPUTA: LÂU ĐÀI TRÊN KHÔNG tại rạp CGV Hùng Vương Plaza. Phim sẽ được chiếu với định dạng 2D Phụ Đề Việt và thời gian chiếu là 19:50 vào ngày 27/09/2026. Đây là dịp để bạn được trải nghiệm một không gian phim ảnh tuyệt vời cùng với những khoảnh khắc tuyệt vời trên màn hình."
LÊN HƯƠNG,CGV Hùng Vương Plaza,27/09/2026,2D Phụ Đề Anh,11:10,"Hôm nay, tôi đã có cơ hội được trải nghiệm suất chiếu đầu tiên của bộ phim LÊN HƯƠNG tại rạp chiếu CGV Hùng Vương Plaza. Theo thông tin lịch chiếu, suất chiếu này sẽ được chiếu dưới định dạng 2D Phụ Đề Anh với giờ chiếu 11:10. Môi trường rạp chiếu khá đông đúc và nhiệt tình, mọi người đều đang chờ đợi để được trải nghiệm bộ phim mới này. Khi bắt đầu chiếu, hình ảnh và âm thanh đều rất đẹp và hấp dẫn, khiến cho trải nghiệm xem phim trở nên thú vị và thú vị."
LÊN HƯƠNG,CGV Hùng Vương Plaza,27/09/2026,2D Phụ Đề Anh,13:45,"Hôm nay, tôi đã có cơ hội được trải nghiệm suất chiếu ""LÊN HƯƠNG"" tại CGV Hùng Vương Plaza. Phim được chiếu vào ngày 27/09/2026 với định dạng 2D Phụ Đề Anh và giờ chiếu là 13:45. Tôi đã có một trải nghiệm thú vị và được thưởng thức phim này trên màn hình lớn."
LÊN HƯƠNG,CGV Hùng Vương Plaza,27/09/2026,2D Phụ Đề Anh,15:10,"Hôm nay, tôi đã được tận hưởng suất chiếu LÊN HƯƠNG tại rạp CGV Hùng Vương Plaza. Khi bước vào rạp, tôi đã được cung cấp thông tin chi tiết về phim, bao gồm định dạng 2D Phụ Đề Anh và giờ chiếu là 15:10. Tôi đã chọn ngồi và chờ đợi cho đến thời điểm chiếu. Khi phim bắt đầu, tôi đã được trải nghiệm một trải nghiệm tuyệt vời với hình ảnh và âm thanh mượt mà. Sau khi xem xong, tôi đã cảm thấy đã được trải nghiệm một bộ phim chất lượng cao."
MARNIE YÊU DẤU,CGV Hùng Vương Plaza,27/09/2026,2D Phụ Đề Việt,10:00,"Hôm nay, tôi đã được trải nghiệm sự thú vị và ấn tượng khi xem suất chiếu phim ""MARNIE YÊU DẤU"" tại CGV Hùng Vương Plaza. Phim được chiếu trong định dạng 2D Phụ Đề Việt và bắt đầu từ 10h ngày 27/9/2026. Sự lựa chọn chiếu phim này đã mang lại cho tôi một trải nghiệm độc đáo và thú vị, với hình ảnh và âm thanh được thiết kế đặc biệt để kết hợp với nền tảng 2D Phụ Đề Việt. Tôi cảm thấy được trải nghiệm một cách mới mẻ và đầy thú vị khi xem phim tại suất chiếu này."
MARNIE YÊU DẤU,CGV Hùng Vương Plaza,27/09/2026,2D Phụ Đề Việt,17:40,"Tôi vừa có cơ hội xem suất chiếu ""MARNIE YÊU DẤU"" tại rạp chiếu CGV Hùng Vương Plaza và trải nghiệm thật tuyệt vời. Ngày 27/09/2026, tôi đã đến rạp chiếu vào lúc 17:40 để xem phim và được trải nghiệm không gian chiếu phim 2D Phụ Đề Việt hiện đại và sang trọng. Phim đã thu hút được sự chú ý của khán giả ngay từ đầu và tạo nên không khí sôi động và hứng khởi trong phòng chiếu."
TRẠI BUÔN NGƯỜI,CGV Hùng Vương Plaza,27/09/2026,2D Phụ Đề Anh | Rạp GOLD CLASS,08:40,"Tôi vừa xem suất chiếu TRẠI BUÔN NGƯỜI tại rạp CGV Hùng Vương Plaza và trải nghiệm thật tuyệt vời! Phim được chiếu ở định dạng 2D Phụ Đề Anh với chất lượng tuyệt vời, phù hợp với màn hình rạp. Khi giờ chiếu 08:40 bắt đầu, tôi đã tận hưởng từng khoảnh khắc của bộ phim. M atmosphere hùng vĩ và các hiệu ứng đặc biệt ấn tượng đã làm tôi cảm thấy như đang ở trong thế giới phim. Đó là một trải nghiệm tuyệt vời và tôi rất hài lòng với sự phục vụ tại rạp."
TRẠI BUÔN NGƯỜI,CGV Hùng Vương Plaza,27/09/2026,2D Phụ Đề Anh,09:10,"Trải nghiệm xem suất chiếu TRẠI BUÔN NGƯỜI tại CGV Hùng Vương Plaza vào ngày 27/09/2026 thật đặc biệt. Với định dạng 2D Phụ Đề Anh và giờ chiếu 09:10, khán giả đã có một trải nghiệm hấp dẫn và hiện đại ngay từ đầu. Mỗi khán giả đều được ngắm nhìn màn hình lớn với chất lượng hình ảnh và âm thanh tuyệt vời, tạo nên một không khí sôi động và hấp dẫn."
TRẠI BUÔN NGƯỜI,CGV Hùng Vương Plaza,27/09/2026,2D Phụ Đề Anh,09:40,"Tôi vừa có cơ hội xem lại suất chiếu TRẠI BUÔN NGƯỜI tại rạp CGV Hùng Vương Plaza vào ngày 27/09/2026. Đến với buổi chiếu này, tôi được trải nghiệm màn ảnh 2D Phụ Đề Anh với thời điểm chiếu sớm 09:40. Màn ảnh lớn và chất lượng hình ảnh tuyệt vời mang đến một trải nghiệm giải trí tuyệt vời cho khán giả."
TRẠI BUÔN NGƯỜI,CGV Hùng Vương Plaza,27/09/2026,2D Phụ Đề Anh,10:20,"Hôm nay, bạn có cơ hội đến CGV Hùng Vương Plaza để trải nghiệm suất chiếu phim TRẠI BUÔN NGƯỜI. Phim được chiếu với định dạng 2D Phụ Đề Anh và giờ chiếu là 10:20. Bạn sẽ được tận hưởng trải nghiệm xem phim trong một không gian thoải mái và hiện đại. Hãy đến và tận hưởng bộ phim mới nhất tại đây!"
TRẠI BUÔN NGƯỜI,CGV Hùng Vương Plaza,27/09/2026,2D Phụ Đề Anh,10:50,"Vào ngày 27/09/2026, rạp chiếu CGV Hùng Vương Plaza đã chính thức chào đón bộ phim TRẠI BUÔN NGƯỜI đến với khán giả. Với định dạng 2D Phụ Đề Anh và giờ chiếu 10:50, khán giả sẽ có cơ hội trải nghiệm một khoảng thời gian tuyệt vời để tìm hiểu về chủ đề hấp dẫn của bộ phim."
TRẠI BUÔN NGƯỜI,CGV Hùng Vương Plaza,27/09/2026,2D Phụ Đề Anh | Rạp GOLD CLASS,11:20,"Trong đêm 27/09/2026, rạp CGV Hùng Vương Plaza đã trở thành điểm đến lý tưởng cho những người yêu thích bộ phim TRẠI BUÔN NGƯỜI. Phim đã được chiếu vào giờ 11:20 và không ai đã bỏ lỡ cơ hội trải nghiệm những khoảnh khắc tuyệt vời. Phụ đề 2D và định dạng Rạp GOLD CLASS đã mang đến trải nghiệm giải trí chất lượng cao cho khán giả."
TRẠI BUÔN NGƯỜI,CGV Hùng Vương Plaza,27/09/2026,2D Phụ Đề Anh,11:50,"Tôi đã có cơ hội xem suất chiếu ""TRẠI BUÔN NGƯỜI"" tại rạp chiếu CGV Hùng Vương Plaza vào ngày 27/09/2026. Phim được chiếu với định dạng 2D Phụ Đề Anh và thời gian chiếu là 11:50. trải nghiệm xem phim này thật tuyệt vời, tôi đã được tận hưởng một bản trình chiếu chất lượng cao và một không gian chiếu phim rộng rãi tại rạp CGV."
TRẠI BUÔN NGƯỜI,CGV Hùng Vương Plaza,27/09/2026,2D Phụ Đề Anh,12:20,"Ngày 27/9/2026, tôi đã có cơ hội trải nghiệm suất chiếu ""TRẠI BUÔN NGƯỜI"" tại rạp CGV Hùng Vương Plaza. Trong buổi chiếu, phim được trình chiếu trong định dạng 2D Phụ Đề Anh với giờ chiếu 12:20. Mặc dù chỉ có khoảng thời gian ngắn, nhưng tôi đã cảm nhận được sự hấp dẫn và thú vị của bộ phim, sẵn sàng tiếp tục theo dõi nội dung hấp dẫn."
TRẠI BUÔN NGƯỜI,CGV Hùng Vương Plaza,27/09/2026,2D Phụ Đề Anh,13:10,"Hôm nay, tôi đã có cơ hội trải nghiệm suất chiếu phim TRẠI BUÔN NGƯỜI tại rạp chiếu CGV Hùng Vương Plaza. Thật thú vị khi được ngồi vào ghế và chờ đợi cho đến khi phim bắt đầu. Phim được chiếu với định dạng 2D Phụ Đề Anh và thời gian chiếu là 13:10, tạo không khí yên tĩnh và tập trung cho khán giả."
TRẠI BUÔN NGƯỜI,CGV Hùng Vương Plaza,27/09/2026,2D Phụ Đề Anh,13:40,"Hôm nay, tôi đã được trải nghiệm suất chiếu ""TRẠI BUÔN NGƯỜI"" tại rạp chiếu CGV Hùng Vương Plaza. Phim được chiếu vào ngày 27/09/2026, với định dạng 2D Phụ Đề Anh và thời gian chiếu là 13:40. Tôi đã dành thời gian để xem phim và cảm thấy trải nghiệm của mình thật thú vị và hấp dẫn."
TRẠI BUÔN NGƯỜI,CGV Hùng Vương Plaza,27/09/2026,2D Phụ Đề Anh | Rạp GOLD CLASS,14:10,"Hôm nay, tôi đã có cơ hội xem suất chiếu ""TRẠI BUÔN NGƯỜI"" tại rạp chiếu CGV Hùng Vương Plaza. Phim được chiếu với định dạng 2D Phụ Đề Anh và được phân chiếu tại rạp GOLD CLASS vào ngày 27/09/2026. Tôi đã xem phim vào giờ 14:10 và trải nghiệm một buổi chiếu hấp dẫn."
TRẠI BUÔN NGƯỜI,CGV Hùng Vương Plaza,27/09/2026,2D Phụ Đề Anh,14:40,"Hôm nay, tôi có dịp được trải nghiệm suất chiếu ""TRẠI BUÔN NGƯỜI"" tại rạp chiếu CGV Hùng Vương Plaza. Vào lúc 14:40, tôi đã có thể xem suất chiếu này với định dạng 2D Phụ Đề Anh. Sự kiện này đã mang đến cho tôi một trải nghiệm thú vị và hấp dẫn, với những khoảnh khắc quan trọng được trình chiếu một cách rõ ràng và sắc nét."
TRẠI BUÔN NGƯỜI,CGV Hùng Vương Plaza,27/09/2026,4DX2D Phụ Đề Anh | Rạp 4DX,15:20,"Tôi vừa có cơ hội trải nghiệm suất chiếu TRẠI BUÔN NGƯỜI tại rạp CGV Hùng Vương Plaza vào ngày 27/09/2026. Khi bước vào rạp, không khí đã được tạo ra cho khán giả với sự kết hợp của màn ảnh 4DX và phụ đề tiếng Anh. Sau khi tìm chỗ ngồi, tôi đã bắt đầu cuộc phiêu lưu tại thế giới TRẠI BUÔN NGƯỜI với những khoảnh khắc đầy sự phấn khích và hồi hộp."
TRẠI BUÔN NGƯỜI,CGV Hùng Vương Plaza,27/09/2026,2D Phụ Đề Anh,15:50,"Hôm nay, tôi đã có cơ hội xem suất chiếu ""TRẠI BUÔN NGƯỜI"" tại rạp CGV Hùng Vương Plaza. Phim được chiếu với định dạng 2D Phụ Đề Anh và giờ chiếu là 15:50. Tôi cảm thấy thú vị khi trải nghiệm sự phấn khích và action mang đến bởi phim này trong thời gian chỉ còn 1 giờ rạp."
TRẠI BUÔN NGƯỜI,CGV Hùng Vương Plaza,27/09/2026,2D Phụ Đề Anh,16:20,"Tôi vừa đến rạp CGV Hùng Vương Plaza và được thông báo rằng phim TRẠI BUÔN NGƯỜI đang chiếu. Tôi chọn thời điểm 16:20 và được chiếu trong định dạng 2D Phụ Đề Anh. Sau khi chờ đợi một chút, tôi đã có thể thưởng thức bộ phim này tại rạp."
TRẠI BUÔN NGƯỜI,CGV Hùng Vương Plaza,27/09/2026,2D Phụ Đề Anh | Rạp GOLD CLASS,16:50,"Ngày 27/09/2026, rạp CGV Hùng Vương Plaza chào đón khán giả đến xem suất chiếu ""TRẠI BUÔN NGƯỜI"" tại GOLD CLASS. Trong một chiều dài màn ảnh 2D, khán giả được trải nghiệm một câu chuyện đầy phiêu lưu và phiêu lưu khi xem suất chiếu này tại rạp."
TRẠI BUÔN NGƯỜI,CGV Hùng Vương Plaza,27/09/2026,2D Phụ Đề Anh,17:20,"Hôm nay, tôi có cơ hội được trải nghiệm suất chiếu ""TRẠI BUÔN NGƯỜI"" tại rạp CGV Hùng Vương Plaza. Phim được chiếu vào ngày 27/09/2026 với định dạng 2D Phụ Đề Anh và giờ chiếu là 17:20. Tôi cảm thấy hào hứng khi được thưởng thức bộ phim này tại rạp chiếu hiện đại và được tận hưởng không gian thoải mái."
TRẠI BUÔN NGƯỜI,CGV Hùng Vương Plaza,27/09/2026,4DX2D Phụ Đề Anh | Rạp 4DX,18:00,"Tôi vừa có cơ hội xem suất chiếu TRẠI BUÔN NGƯỜI tại rạp CGV Hùng Vương Plaza, và đó là một trải nghiệm tuyệt vời. Phim được chiếu với định dạng 4DX2D, tạo nên một trải nghiệm 3D đặc biệt. Phụ đề được phát trong khi xem phim, giúp khán giả thêm hấp dẫn. Thời gian chiếu là 18:00, và tôi đã được tận hưởng khoảnh khắc cuối cùng của bộ phim trong một không gian yên tĩnh và thoải mái."
TRẠI BUÔN NGƯỜI,CGV Hùng Vương Plaza,27/09/2026,2D Phụ Đề Anh,18:30,"Hôm nay, tôi có dịp tận hưởng suất chiếu TRẠI BUÔN NGƯỜI tại CGV Hùng Vương Plaza. Phim được chiếu với định dạng 2D Phụ Đề Anh và bắt đầu tại 18:30. Tôi đã có cơ hội trải nghiệm một trải nghiệm chiếu phim tuyệt vời, được tận hưởng không gian rộng rãi và chất lượng hình ảnh tốt nhất."
TRẠI BUÔN NGƯỜI,CGV Hùng Vương Plaza,27/09/2026,2D Phụ Đề Anh,19:00,"Hôm nay, tôi đã có dịp được trải nghiệm suất chiếu ""TRẠI BUÔN NGƯỜI"" tại rạp chiếu CGV Hùng Vương Plaza. Khi bước vào rạp, tôi đã cảm nhận được bầu không khí sôi động và hào hứng. Phim được chiếu với định dạng 2D Phụ Đề Anh và giờ chiếu là 19:00, tạo nên một trải nghiệm thú vị và hấp dẫn. Tôi đã dành cả chiều tối để tận hưởng bộ phim này, và tôi phải nói rằng, nó đã mang đến cho tôi một trải nghiệm giải trí tuyệt vời."
TRẠI BUÔN NGƯỜI,CGV Hùng Vương Plaza,27/09/2026,2D Phụ Đề Anh | Rạp GOLD CLASS,19:30,"Trải nghiệm xem suất chiếu TRẠI BUÔN NGƯỜI tại rạp CGV Hùng Vương Plaza vào ngày 27/09/2026 là một trải nghiệm tuyệt vời. Tôi đã có cơ hội tận hưởng bộ phim 2D Phụ Đề Anh | Rạp GOLD CLASS trong giờ chiếu 19:30. Mở đầu là một không khí sôi động và chờ mong, đồng thời tôi đã được trải nghiệm chất lượng hình ảnh và âm thanh tiên tiến của rạp chiếu GOLD CLASS, tạo ra một trải nghiệm giải trí tuyệt vời cho bản thân và những người xung quanh."
TRẠI BUÔN NGƯỜI,CGV Hùng Vương Plaza,27/09/2026,2D Phụ Đề Anh,20:00,"Tôi vừa có cơ hội trải nghiệm suất chiếu ""TRẠI BUÔN NGƯỜI"" tại rạp chiếu CGV Hùng Vương Plaza. Phim chiếu trên màn ảnh với định dạng 2D Phụ Đề Anh, tạo nên một trải nghiệm độc đáo và hấp dẫn. Sau khi xem phim vào lúc 20:00, tôi đã có một trải nghiệm tuyệt vời với bộ phim này."
TRẠI BUÔN NGƯỜI,CGV Hùng Vương Plaza,27/09/2026,2D Phụ Đề Anh,20:30,"Tôi vừa có cơ hội xem suất chiếu ""TRẠI BUÔN NGƯỜI"" tại rạp chiếu CGV Hùng Vương Plaza và trải nghiệm đó thật sự tuyệt vời! Phim được chiếu dưới định dạng 2D Phụ Đề Anh vào ngày 27/09/2026 với giờ chiếu là 20:30, đã mang đến cho khán giả một trải nghiệm màn ảnh chất lượng cao."
TRẠI BUÔN NGƯỜI,CGV Hùng Vương Plaza,27/09/2026,2D Phụ Đề Anh,21:10,"Hôm nay, tôi đã có cơ hội xem suất chiếu TRẠI BUÔN NGƯỜI tại rạp chiếu CGV Hùng Vương Plaza. Phim được chiếu với định dạng 2D Phụ Đề Anh và bắt đầu ở giờ 21:10. Mặc dù chỉ xem một lần, nhưng trải nghiệm xem phim này đã khá thú vị."
TRẠI BUÔN NGƯỜI,CGV Hùng Vương Plaza,27/09/2026,2D Phụ Đề Anh,21:40,"Tôi vừa đặt vé xem phim TRẠI BUÔN NGƯỜI tại rạp chiếu CGV Hùng Vương Plaza và chờ đợi giây phút xuất hiện trên màn hình. Trải nghiệm đêm nay sẽ là một sự giải trí tuyệt vời với định dạng 2D Phụ Đề Anh và giờ chiếu 21:40, hứa hẹn sẽ là một thời điểm tuyệt vời để được giải trí cùng khán giả."
TRẠI BUÔN NGƯỜI,CGV Hùng Vương Plaza,27/09/2026,2D Phụ Đề Anh | Rạp GOLD CLASS,22:10,"Tôi vừa có trải nghiệm tuyệt vời tại rạp chiếu CGV Hùng Vương Plaza khi xem suất chiếu TRẠI BUÔN NGƯỜI vào ngày 27/09/2026. Phim được chiếu dưới định dạng 2D Phụ Đề Anh | Rạp GOLD CLASS, tạo nên một không gian phim ảnh sang trọng. Khi bước vào rạp, tôi đã được chào đón bởi một không gian rạp chiếu hiện đại và sạch sẽ. Sau đó, tôi đã có cơ hội tận hưởng bộ phim TRẠI BUÔN NGƯỜI, được chiếu vào lúc 22:10, tạo nên một không gian hứng hò và tập trung cho bộ phim. Tận hưởng những khoảnh khắc tuyệt vời trên màn ảnh, tôi có cảm giác như đang được đưa vào thế giới của phim."
TRẠI BUÔN NGƯỜI,CGV Hùng Vương Plaza,27/09/2026,2D Phụ Đề Anh,22:40,"Hôm nay, tôi đã có cơ hội xem suất chiếu đầu tiên của bộ phim TRẠI BUÔN NGƯỜI tại rạp CGV Hùng Vương Plaza. Phim được chiếu ở định dạng 2D Phụ Đề Anh và bắt đầu tại giờ 22:40. Màn chiếu đã bắt đầu với một cảm giác sôi động và hấp dẫn, mang đến cho khán giả một trải nghiệm giải trí đầy thú vị."
VÙNG ĐẤT QUỶ DỮ,CGV Hùng Vương Plaza,27/09/2026,2D Phụ Đề Việt,08:50,"Hôm nay, tôi đã có cơ hội được trải nghiệm suất chiếu ""VÙNG ĐẤT QUỶ DỮ"" tại rạp chiếu CGV Hùng Vương Plaza. Phim được chiếu với định dạng 2D Phụ Đề Việt và được phát hành vào ngày 27/09/2026. Tôi đã có buổi xem phim vào giờ 08:50 và trải nghiệm một không khí sôi động và hào hứng."
VÙNG ĐẤT QUỶ DỮ,CGV Hùng Vương Plaza,27/09/2026,2D Phụ Đề Việt,20:50,"Hôm nay, tôi đã có cơ hội tham gia vào một suất chiếu phim đặc biệt tại rạp chiếu CGV Hùng Vương Plaza, nơi tôi được chứng kiến bộ phim ""VÙNG ĐẤT QUỶ DỮ"" được chiếu trong định dạng 2D Phụ Đề Việt. Phim đã được chiếu vào ngày 27/09/2026 và bắt đầu phát hành vào lúc 20:50. Đó là một trải nghiệm thú vị và được đón nhận nồng nhiệt."
VÙNG ĐẤT QUỶ DỮ,CGV Hùng Vương Plaza,27/09/2026,SCREENX-2D Phụ Đề Việt | Rạp SCREENX,21:50,"Tôi đã có cơ hội xem suất chiếu ""VÙNG ĐẤT QUỶ DỮ"" tại rạp CGV Hùng Vương Plaza vào ngày 27/09/2026. Trong một buổi chiếu ấn tượng, tôi đã trải nghiệm màn hình lớn SCREENX-2D với phụ đề Việt, tạo nên một không gian giải trí tuyệt vời. Giờ chiếu 21:50 đã mang lại cho tôi một trải nghiệm phim độc đáo và hấp dẫn. Màn hình rộng rãi và âm thanh đỉnh cao đã khiến tôi cảm thấy như mình đang đứng trong thế giới phim."
ÚT LAN 2,CGV Hùng Vương Plaza,27/09/2026,2D Phụ Đề Anh,08:50,"Hôm nay, tôi đã có cơ hội được trải nghiệm suất chiếu phim ÚT LAN 2 tại rạp chiếu CGV Hùng Vương Plaza. Phim được chiếu với định dạng 2D Phụ Đề Anh và giờ chiếu là 08:50. Tôi đã được tận hưởng trải nghiệm chiếu phim với chất lượng hình ảnh tốt và âm thanh rõ ràng. Đây là một suất chiếu tuyệt vời cho những người yêu thích phim."
ÚT LAN 2,CGV Hùng Vương Plaza,27/09/2026,2D Phụ Đề Anh,18:40,"Tôi đã có cơ hội tham dự suất chiếu phim ""ÚT LAN 2"" tại rạp chiếu CGV Hùng Vương Plaza vào ngày 27/09/2026. Phim được chiếu trong định dạng 2D Phụ Đề Anh và bắt đầu tại 18:40. trải nghiệm xem phim tại suất chiếu này thật tuyệt vời, cho tôi một không khí rộn rã và sôi động."
ÚT LAN 2,CGV Hùng Vương Plaza,27/09/2026,2D Phụ Đề Anh,22:50,"Tôi vừa trải qua một trải nghiệm tuyệt vời tại rạp chiếu CGV Hùng Vương Plaza khi xem phim ÚT LAN 2. Phim đã được chiếu với định dạng 2D Phụ Đề Anh vào ngày 27/09/2026. Thời gian chiếu là 22:50, tạo nên một không khí hưng phấn cho khán giả. Tôi đã tận hưởng khoảnh khắc tuyệt vời cùng với hàng nghìn khán giả khác tại đây."
AVENGERS: HỒI KẾT - PHIÊN BẢN ĐẶC BIỆT (CHIẾU LẠI),CGV Hùng Vương Plaza,28/09/2026,SCREENX-2D Phụ Đề Việt | Rạp SCREENX																 & Infinity Vision,09:00,"Tôi đã có cơ hội tham dự suất chiếu AVENGERS: HỒI KẾT - PHIÊN BẢN ĐẶC BIỆT tại rạp CGV Hùng Vương Plaza vào ngày 28/09/2026. Với định dạng SCREENX-2D Phụ Đề Việt | Rạp SCREENX & Infinity Vision, trải nghiệm này mang đến một cảm giác độc đáo và hấp dẫn. Tôi đã chọn buổi chiếu vào lúc 09:00, tạo nên một không gian riêng tư và yên tĩnh trước khi phim bắt đầu."
AVENGERS: HỒI KẾT - PHIÊN BẢN ĐẶC BIỆT (CHIẾU LẠI),CGV Hùng Vương Plaza,28/09/2026,4DX2D Phụ Đề Việt | Rạp 4DX																 & Infinity Vision,12:00,"Ngày hôm nay, tôi đã có cơ hội tận hưởng trải nghiệm chiếu suất phim AVENGERS: HỒI KẾT - PHIÊN BẢN ĐẶC BIỆT tại rạp CGV Hùng Vương Plaza. Khi bước vào rạp, tôi được chào đón bởi không gian 4DX2D Phụ Đề Việt | Rạp 4DX và Infinity Vision, tạo nên một trải nghiệm độc đáo và được trang bị đầy đủ. Với giờ chiếu 12:00, tôi đã có thể tận hưởng tất cả những khoảnh khắc điện ảnh tuyệt vời mà phim có để mang đến cho khán giả."
AVENGERS: HỒI KẾT - PHIÊN BẢN ĐẶC BIỆT (CHIẾU LẠI),CGV Hùng Vương Plaza,28/09/2026,SCREENX-2D Phụ Đề Việt | Rạp SCREENX																 & Infinity Vision,14:50,"Trong ngày 28/09/2026, tôi đã có cơ hội được trải nghiệm suất chiếu ""AVENGERS: HỒI KẾT - PHIÊN BẢN ĐẶC BIỆT"" tại rạp chiếu CGV Hùng Vương Plaza. Thông qua màn hìnhSCREENX-2D Phụ Đề Việt | Rạp SCREENX & Infinity Vision, tôi đã được chinh phục bởi một thế giới phiêu lưu đầy action và chiến đấu giữa các siêu anh hùng. Giờ chiếu 14:50 đã mang lại cho tôi một trải nghiệm sôi động và đầy cảm xúc, khiến tôi không thể rời mắt khỏi màn hình."
AVENGERS: HỒI KẾT - PHIÊN BẢN ĐẶC BIỆT (CHIẾU LẠI),CGV Hùng Vương Plaza,28/09/2026,SCREENX-2D Phụ Đề Việt | Rạp SCREENX																 & Infinity Vision,18:20,"Hôm nay, tôi đã được trải nghiệm suất chiếu AVENGERS: HỒI KẾT - PHIÊN BẢN ĐẶC BIỆT tại rạp CGV Hùng Vương Plaza. Thông tin chiếu phim cho biết rằng đây là một trải nghiệm đặc biệt với định dạng SCREENX-2D Phụ Đề Việt và Infinity Vision. Phim chiếu bắt đầu vào giờ 18:20 và tôi đã dành cả buổi chiều để tận hưởng nó."
AVENGERS: HỒI KẾT - PHIÊN BẢN ĐẶC BIỆT (CHIẾU LẠI),CGV Hùng Vương Plaza,28/09/2026,4DX2D Phụ Đề Việt | Rạp 4DX																 & Infinity Vision,20:40,"Thời gian đã đến, ngày 28/09/2026, rạp chiếu CGV Hùng Vương Plaza chuẩn bị đón khán giả để trải nghiệm bộ phim AVENGERS: HỒI KẾT - PHIÊN BẢN ĐẶC BIỆT trong sự tuyệt vời của 4DX2D Phụ Đề Việt | Rạp 4DX. Bạn có thể tận hưởng bộ phim với định dạng đặc biệt này tại buổi chiếu lúc 20:40. Đây là một trải nghiệm tuyệt vời không thể bỏ qua!"
HÒN ĐẢO QUÊN LÃNG,CGV Hùng Vương Plaza,28/09/2026,4DX2D Lồng Tiếng Việt | Rạp 4DX,09:40,"Tôi vừa có cơ hội xem suất chiếu ""Hồn Đảo Quê Lăng"" tại rạp chiếu CGV Hùng Vương Plaza và trải nghiệm thật tuyệt vời! Phim được chiếu với định dạng 4DX2D và lồng tiếng Việt, tạo nên một không khí lãng mạn và hấp dẫn. Tôi đã chọn buổi chiều 09:40 và đã được trải nghiệm một cách toàn diện, cảm nhận được sự thăng hoa của nghệ thuật và kịch tính trên màn ảnh."
HÒN ĐẢO QUÊN LÃNG,CGV Hùng Vương Plaza,28/09/2026,SCREENX-2D Phụ Đề Việt | Rạp SCREENX,12:30,"Thời gian đến khi HÒN ĐẢO QUÊN LÃNG chiếu rạp, khán giả đã chờ đợi không lâu. Vào ngày 28/09/2026, tôi có cơ hội được trải nghiệm suất chiếu này tại CGV Hùng Vương Plaza. Khi bước vào rạp, tôi cảm thấy không khí sôi động, tất cả khán giả đều đang mong chờ màn chiếu của bộ phim này. Sau khi được ngồi và chuẩn bị sẵn sàng, màn chiếu bắt đầu và tôi đã được đưa vào thế giới huyền bí của HÒN ĐẢO QUÊN LÃNG."
LAPUTA: LÂU ĐÀI TRÊN KHÔNG,CGV Hùng Vương Plaza,28/09/2026,2D Phụ Đề Việt,13:10,"Hôm nay, tôi đã được mời đến xem suất chiếu phim LAPUTA: LÂU ĐÀI TRÊN KHÔNG tại rạp CGV Hùng Vương Plaza. Phim đã được chiếu vào ngày 28/09/2026 và giờ chiếu là 13:10. Tôi cảm thấy rất thú vị khi được trải nghiệm phiên chiếu đầu tiên của phim này, với định dạng 2D Phụ Đề Việt. Phim đã mang đến cho tôi một cảm giác không gian và thời gian độc đáo, khiến tôi không thể chờ đợi để biết những điều mới mẻ tiếp theo."
LAPUTA: LÂU ĐÀI TRÊN KHÔNG,CGV Hùng Vương Plaza,28/09/2026,2D Phụ Đề Việt,15:40,"Hôm nay, tôi đã có cơ hội trải nghiệm suất chiếu ""LAPUTA: LÂU ĐÀI TRÊN KHÔNG"" tại rạp chiếu CGV Hùng Vương Plaza. Khi bước vào rạp, tôi đã được chào đón bởi không gian rộng rãi và hiện đại. Sau đó, tôi đã có mặt tại phòng chiếu 15:40 và bắt đầu hành trình phiêu lưu cùng nhân vật Laputa. Thông điệp phụ đề Việt được trình chiếu một cách mượt mà và rõ ràng, giúp tôi không bỏ sót bất kỳ chi tiết nào trong bộ phim."
LAPUTA: LÂU ĐÀI TRÊN KHÔNG,CGV Hùng Vương Plaza,28/09/2026,2D Phụ Đề Việt,18:10,"Hôm nay, tôi đã có cơ hội được trải nghiệm suất chiếu ""LAPUTA: LÂU ĐÀI TRÊN KHÔNG"" tại rạp chiếu CGV Hùng Vương Plaza. Khi bước vào rạp, tôi đã cảm nhận được không khí sôi động và hứng thú của khán giả. Phim đã được chiếu với định dạng 2D Phụ Đề Việt và giờ chiếu là 18:10. Tôi đã được trải nghiệm một màn chiếu tuyệt vời, với hình ảnh sắc nét và âm thanh sống động, mang đến cho tôi một trải nghiệm phim tuyệt vời."
LÊN HƯƠNG,CGV Hùng Vương Plaza,28/09/2026,2D Phụ Đề Anh,10:10,"Tôi vừa xem suất chiếu ""LÊN HƯƠNG"" tại rạp chiếu CGV Hùng Vương Plaza vào ngày 28/09/2026. Phim được định dạng 2D Phụ Đề Anh, mang đến trải nghiệm xem phim chất lượng cao. Tôi đã chọn buổi chiếu lúc 10:10 và cảm thấy hào hứng khi được tận hưởng màn trình diễn ấn tượng của bộ phim này."
LÊN HƯƠNG,CGV Hùng Vương Plaza,28/09/2026,2D Phụ Đề Anh,15:10,"Tôi vừa đến rạp CGV Hùng Vương Plaza và được thông tin rằng ngày hôm nay là ngày chiếu phim ""LÊN HƯƠNG"". Tôi đã chọn thời gian 15:10 để xem phim 2D Phụ Đề Anh. Không cần phải chờ đợi quá lâu, tôi đã có chỗ ngồi và bắt đầu trải nghiệm bộ phim mới. Tôi đang ở trong một không gian phim với ánh sáng thoải mái và màn hình lớn, sẵn sàng để tôi theo dõi hành trình của ""LÊN HƯƠNG""."
MARNIE YÊU DẤU,CGV Hùng Vương Plaza,28/09/2026,2D Phụ Đề Việt,11:00,"Khi bước vào rạp chiếu CGV Hùng Vương Plaza vào ngày 28/09/2026, tôi có thể cảm nhận được không khí sôi động và thú vị khi phim ""MARNIE YÊU DẤU"" chuẩn bị chiếu. Với định dạng 2D Phụ Đề Việt, phim promises mang đến cho khán giả trải nghiệm âm nhạc và hình ảnh hấp dẫn. Tôi đã chọn thời điểm 11:00 và đã tận hưởng toàn bộ nội dung của phim. Đó là một trải nghiệm thú vị và đáng nhớ, khiến tôi cảm thấy hứng thú và bất ngờ."
MARNIE YÊU DẤU,CGV Hùng Vương Plaza,28/09/2026,2D Phụ Đề Việt,15:00,"Tôi vừa có cơ hội xem suất chiếu ""MARNIE YÊU DẤU"" tại rạp chiếu CGV Hùng Vương Plaza vào ngày 28/09/2026. Đây là một trải nghiệm tuyệt vời với định dạng 2D Phụ Đề Việt. Phim được chiếu vào lúc 15:00, giúp tôi có thể thưởng thức bộ phim trong một khung giờ thoải mái. Tất cả đều đã có một trải nghiệm thú vị cùng nhau trong phòng chiếu."
TRẠI BUÔN NGƯỜI,CGV Hùng Vương Plaza,28/09/2026,2D Phụ Đề Anh,09:10,"Ngày 28/09/2026, tôi đã có cơ hội đến xem suất chiếu ""TRẠI BUÔN NGƯỜI"" tại rạp CGV Hùng Vương Plaza. Thông tin cho tôi cho thấy phim được chiếu dưới định dạng 2D Phụ Đề Anh và giờ chiếu là 09:10. Tôi cảm thấy hào hứng khi có thể trải nghiệm bộ phim này trong một không gian rạp chiếu chuyên nghiệp."
TRẠI BUÔN NGƯỜI,CGV Hùng Vương Plaza,28/09/2026,2D Phụ Đề Anh,09:40,"Ngày 28/09/2026, rạp CGV Hùng Vương Plaza đã chào đón khán giả đến xem suất chiếu TRẠI BUÔN NGƯỜI. Với định dạng 2D Phụ Đề Anh, buổi chiếu này mang đến một trải nghiệm độc đáo và hấp dẫn. Khán giả đã có cơ hội được chứng kiến bộ phim TRẠI BUÔN NGƯỜI với thời gian chiếu bắt đầu từ 09:40."
TRẠI BUÔN NGƯỜI,CGV Hùng Vương Plaza,28/09/2026,2D Phụ Đề Anh,10:20,"Tôi vừa đặt vé cho suất chiếu TRẠI BUÔN NGƯỜI tại rạp chiếu CGV Hùng Vương Plaza vào ngày 28/09/2026. Trong buổi chiếu này, tôi sẽ được tận hưởng bộ phim 2D Phụ Đề Anh với thời gian chiếu bắt đầu vào lúc 10:20. Một trải nghiệm hấp dẫn đợi tôi!"
TRẠI BUÔN NGƯỜI,CGV Hùng Vương Plaza,28/09/2026,2D Phụ Đề Anh,10:50,"Hôm nay, bạn có cơ hội tận hưởng bộ phim ""TRẠI BUÔN NGƯỜI"" tại rạp CGV Hùng Vương Plaza. Phim được chiếu dưới định dạng 2D Phụ Đề Anh và bắt đầu tại rạp vào giờ 10:50. Đây là dịp tuyệt vời để khám phá thế giới điện ảnh mới và trải nghiệm sự thú vị của bộ phim này."
TRẠI BUÔN NGƯỜI,CGV Hùng Vương Plaza,28/09/2026,2D Phụ Đề Anh | Rạp GOLD CLASS,11:20,"Tôi đã đến rạp CGV Hùng Vương Plaza để xem suất chiếu TRẠI BUÔN NGƯỜI. Phim được chiếu tại rạp GOLD CLASS với định dạng 2D Phụ Đề Anh. Tôi đã chọn buổi chiếu vào lúc 11:20, sẵn sàng để trải nghiệm một buổi chiếu tuyệt vời."
TRẠI BUÔN NGƯỜI,CGV Hùng Vương Plaza,28/09/2026,2D Phụ Đề Anh,11:50,"Hôm nay, tôi đã có dịp được xem suất chiếu TRẠI BUÔN NGƯỜI tại rạp CGV Hùng Vương Plaza và tôi thực sự ấn tượng với trải nghiệm này. Phim được chiếu với định dạng 2D Phụ Đề Anh và bắt đầu vào lúc 11:50, tạo nên một không gian yên tĩnh và hấp dẫn. Tôi đã có thể tận hưởng toàn bộ sức hút của bộ phim này trong không gian riêng tư của mình."
TRẠI BUÔN NGƯỜI,CGV Hùng Vương Plaza,28/09/2026,2D Phụ Đề Anh,12:20,Tôi vừa có cơ hội xem suất chiếu TRẠI BUÔN NGƯỜI tại rạp chiếu CGV Hùng Vương Plaza vào ngày 28/09/2026. Phim được chiếu trong định dạng 2D Phụ Đề Anh và bắt đầu chiếu vào giờ 12:20. Trải nghiệm xem phim tại rạp là tuyệt vời và tôi đã tận hưởng khoảnh khắc đầu tiên của bộ phim này.
TRẠI BUÔN NGƯỜI,CGV Hùng Vương Plaza,28/09/2026,2D Phụ Đề Anh,13:00,"Ngày 28/9/2026, rạp CGV Hùng Vương Plaza chào đón khán giả đến xem phim TRẠI BUÔN NGƯỜI với định dạng 2D Phụ Đề Anh và giờ chiếu 13:00. Đây là một trải nghiệm hấp dẫn để khám phá thế giới mới mẻ và đầy thú vị."
TRẠI BUÔN NGƯỜI,CGV Hùng Vương Plaza,28/09/2026,2D Phụ Đề Anh,13:40,"Ngày 28/9/2026, rạp CGV Hùng Vương Plaza chào đón khán giả đến xem bộ phim TRẠI BUÔN NGƯỜI trong phiên chiếu sáng. Phim được chiếu với định dạng 2D Phụ Đề Anh và giờ chiếu là 13:40. Đây là một trải nghiệm thú vị để cùng theo dõi những sự kiện chính của bộ phim."
TRẠI BUÔN NGƯỜI,CGV Hùng Vương Plaza,28/09/2026,2D Phụ Đề Anh | Rạp GOLD CLASS,14:10,"Thật là một trải nghiệm tuyệt vời khi được đến rạp chiếu ""TRẠI BUÔN NGƯỜI"" tại CGV Hùng Vương Plaza. Trong buổi chiếu sáng lúc 14:10, phòng điện ảnh đã được trang bị đầy đủ thiết bị tiên tiến với định dạng 2D Phụ Đề Anh | Rạp GOLD CLASS, mang đến trải nghiệm xem phim mượt mà và dễ dàng theo dõi."
TRẠI BUÔN NGƯỜI,CGV Hùng Vương Plaza,28/09/2026,2D Phụ Đề Anh,14:40,"Hôm nay, tôi đã có cơ hội tận hưởng suất chiếu ""TRẠI BUÔN NGƯỜI"" tại rạp CGV Hùng Vương Plaza. Phim được chiếu dưới định dạng 2D Phụ Đề Anh với giờ chiếu 14:40, tạo không gian yên tĩnh và chuyên nghiệp cho khán giả. Tôi đã có trải nghiệm thú vị xem phim tại suất chiếu này, cảm nhận được chất lượng hình ảnh và âm thanh tuyệt vời."
TRẠI BUÔN NGƯỜI,CGV Hùng Vương Plaza,28/09/2026,4DX2D Phụ Đề Anh | Rạp 4DX,15:20,"Tôi đã có cơ hội tận hưởng suất chiếu TRẠI BUÔN NGƯỜI tại rạp chiếu CGV Hùng Vương Plaza. Phim được chiếu với định dạng 4DX2D và phụ đề Anh, tạo nên một trải nghiệm độc đáo và thú vị. Tôi đã ngồi vào rạp và chờ đợi thời gian 15:20, sẵn sàng để được chinh phục bởi câu chuyện và âm nhạc hấp dẫn."
TRẠI BUÔN NGƯỜI,CGV Hùng Vương Plaza,28/09/2026,2D Phụ Đề Anh,15:50,"Tôi vừa xem được suất chiếu ""TRẠI BUÔN NGƯỜI"" tại rạp chiếu CGV Hùng Vương Plaza vào ngày 28/09/2026. Đây là một trải nghiệm tuyệt vời khi được tận hưởng bộ phim 2D Phụ Đề Anh trong không gian rộng rãi và thoải mái của rạp chiếu. Phim bắt đầu với giờ 15:50 và đã mang lại cho tôi một khoảng thời gian tuyệt vời để tận hưởng câu chuyện hấp dẫn."
TRẠI BUÔN NGƯỜI,CGV Hùng Vương Plaza,28/09/2026,2D Phụ Đề Anh,16:20,"Hôm nay, tôi đã có cơ hội chứng kiến suất chiếu TRẠI BUÔN NGƯỜI tại rạp CGV Hùng Vương Plaza. Phim được chiếu dưới định dạng 2D Phụ Đề Anh và diễn ra vào giờ 16:20. Đó là một trải nghiệm thú vị, tôi đã có thể tận hưởng khán giả và phim trong không gian riêng biệt. Phim đã được chiếu với chất lượng cao và tạo nên một bầu không khí hấp dẫn. Tôi đã cảm thấy thoải mái trong khi thưởng thức màn hình lớn."
TRẠI BUÔN NGƯỜI,CGV Hùng Vương Plaza,28/09/2026,2D Phụ Đề Anh | Rạp GOLD CLASS,16:50,"Tôi vừa có cơ hội đến rạp chiếu CGV Hùng Vương Plaza để xem suất chiếu TRẠI BUÔN NGƯỜI. Thời gian chiếu là 16:50, format phim là 2D Phụ Đề Anh | Rạp GOLD CLASS. Mặc dù đã biết rằng đây là một suất chiếu chất lượng cao nhưng khi bước vào rạp, không khí đã được chuẩn bị đầy đủ để mang đến trải nghiệm phim tuyệt vời. Mọi thứ đều được trang bị đầy đủ để tạo ra một trải nghiệm xem phim không thể quên."
TRẠI BUÔN NGƯỜI,CGV Hùng Vương Plaza,28/09/2026,2D Phụ Đề Anh,17:20,"Tôi vừa có cơ hội tham gia suất chiếu ""Trái Bão Nước"" tại rạp CGV Hùng Vương Plaza và trải nghiệm thật tuyệt vời! Phim được chiếu theo định dạng 2D Phụ Đề Anh với giờ chiếu 17:20 vào ngày 28/09/2026. Màn chiếu đã bắt đầu từ những khoảnh khắc đầu tiên và đưa tôi vào thế giới đầy màu sắc và cảm xúc của bộ phim. Mọi thứ đã được thiết kế để tạo ra một trải nghiệm khán giả mượt mà và thú vị, giúp tôi không thể rời mắt khỏi màn chiếu."
TRẠI BUÔN NGƯỜI,CGV Hùng Vương Plaza,28/09/2026,4DX2D Phụ Đề Anh | Rạp 4DX,18:00,"Thời gian đã đến để trải nghiệm suất chiếu ""TRẠI BUÔN NGƯỜI"" tại CGV Hùng Vương Plaza! Vào ngày 28/09/2026, bạn sẽ được bước vào thế giới đầy màu sắc và cảm xúc khi xem phim này. Với định dạng 4DX2D Phụ Đề Anh | Rạp 4DX, trải nghiệm của bạn sẽ trở nên sống động và gần gũi hơn bao giờ hết. Bạn sẽ được ngồi trong rạp chiếu có thiết kế đặc biệt, đồng thời được hòa nhập vào nội dung phim thông qua những phụ đề và hiệu ứng đặc biệt. Hãy dành thời gian để thưởng thức ""TRẠI BUÔN NGƯỜI"" trong không gian hiện đại và thú vị này!"
TRẠI BUÔN NGƯỜI,CGV Hùng Vương Plaza,28/09/2026,2D Phụ Đề Anh,18:30,"Hôm nay, bạn có cơ hội trải nghiệm suất chiếu phim TRẠI BUÔN NGƯỜI tại CGV Hùng Vương Plaza. Phim được chiếu với định dạng 2D Phụ Đề Anh và thời gian chiếu là 18:30. Hãy đến với rạp chiếu này để có thể tận hưởng những khoảnh khắc phim được chiếu sáng trên màn hình."
TRẠI BUÔN NGƯỜI,CGV Hùng Vương Plaza,28/09/2026,2D Phụ Đề Anh,19:00,"Khi bước vào CGV Hùng Vương Plaza vào ngày 28/09/2026, tôi đã cảm nhận được sự sôi động và hứng thú của khán giả xung quanh dự liệu trình chiếu TRẠI BUÔN NGƯỜI. Phim được chiếu dưới định dạng 2D Phụ Đề Anh và thời gian chiếu là 19:00, tạo nên một bầu không khí hứng thú và sẵn sàng cho những khoảnh khắc thú vị."
TRẠI BUÔN NGƯỜI,CGV Hùng Vương Plaza,28/09/2026,2D Phụ Đề Anh | Rạp GOLD CLASS,19:30,"Ngày 28/09/2026, rạp chiếu CGV Hùng Vương Plaza chào đón khán giả đến khám phá suất chiếu mới ""TRẠI BUÔN NGƯỜI"" trong đêm 19:30. Đây là một trải nghiệm tuyệt vời với định dạng 2D Phụ Đề Anh | Rạp GOLD CLASS, hứa hẹn mang đến cho khán giả một bầu không khí riêng biệt và thú vị."
TRẠI BUÔN NGƯỜI,CGV Hùng Vương Plaza,28/09/2026,2D Phụ Đề Anh,20:30,"Hôm nay, tôi đã có cơ hội xem suất chiếu ""TRẠI BUÔN NGƯỜI"" tại rạp chiếu CGV Hùng Vương Plaza. Phim được chiếu dưới định dạng 2D Phụ Đề Anh và bắt đầu ở giờ 20:30. Không chỉ là hình ảnh đẹp mắt, trải nghiệm xem phim này còn mang lại cảm giác sống động và hấp dẫn. Mọi thứ được sắp xếp một cách tinh tế, tạo nên một không gian thoải mái và thân mật cho khán giả."
TRẠI BUÔN NGƯỜI,CGV Hùng Vương Plaza,28/09/2026,2D Phụ Đề Anh,21:10,"Ngày 28/09/2026, rạp CGV Hùng Vương Plaza chào đón khán giả đến xem suất chiếu phim TRẠI BUÔN NGƯỜI. Trong đêm tối 21:10, khán giả sẽ được trải nghiệm một thế giới 2D Phụ Đề Anh độc đáo và hấp dẫn. Hãy đến và khám phá thế giới mới này cùng phim TRẠI BUÔN NGƯỜI."
TRẠI BUÔN NGƯỜI,CGV Hùng Vương Plaza,28/09/2026,2D Phụ Đề Anh,21:40,"Hôm nay, tôi đã có cơ hội xem suất chiếu ""TRẠI BUÔN NGƯỜI"" tại rạp chiếu CGV Hùng Vương Plaza và nó thực sự không thất vọng. Phim được chiếu vào ngày 28/09/2026 với định dạng 2D Phụ Đề Anh và giờ chiếu là 21:40, tạo nên một không khí lãng mạn và thú vị. Tôi đã tận hưởng những khoảnh khắc phim kể về cuộc đời của nhân vật chính trên màn ảnh và cảm thấy như đã được cuốn vào thế giới của họ."
TRẠI BUÔN NGƯỜI,CGV Hùng Vương Plaza,28/09/2026,2D Phụ Đề Anh | Rạp GOLD CLASS,22:10,Tôi vừa có cơ hội xem suất chiếu TRẠI BUÔN NGƯỜI tại CGV Hùng Vương Plaza vào ngày 28/09/2026. Đó là một trải nghiệm tuyệt vời với hình ảnh đẹp và âm thanh sống động. Phim được chiếu với định dạng 2D Phụ Đề Anh và được định hình cho rạp GOLD CLASS. Tôi đã ngồi vào ghế và thưởng thức bộ phim này vào giờ chiếu 22:10.
VÙNG ĐẤT QUỶ DỮ,CGV Hùng Vương Plaza,28/09/2026,2D Phụ Đề Việt,08:50,"Hôm nay, tôi đã có cơ hội trải nghiệm suất chiếu đầu tiên của ""VÙNG ĐẤT QUỶ DỮ"" tại rạp chiếu CGV Hùng Vương Plaza. Phim được chiếu ở định dạng 2D Phụ Đề Việt và bắt đầu tại 08:50. Atmosphere trong rạp chiếu rất sôi động và hứng thú, tạo nên một trải nghiệm giải trí tuyệt vời cho khán giả."
VÙNG ĐẤT QUỶ DỮ,CGV Hùng Vương Plaza,28/09/2026,2D Phụ Đề Việt,20:50,"Hôm nay, tôi đã có dịp đến rạp chiếu ""VÙNG ĐẤT QUỶ DỮ"" tại CGV Hùng Vương Plaza. Phim được chiếu với định dạng 2D Phụ Đề Việt và giờ chiếu là 20:50. Không khí trong rạp tràn ngập sự phấn khích và hứng thú khi khán giả cùng nhau chờ đợi bộ phim mới. Tôi đã trải nghiệm một chiều chiếu phim tuyệt vời, với âm thanh sống động và hình ảnh sắc nét."
VÙNG ĐẤT QUỶ DỮ,CGV Hùng Vương Plaza,28/09/2026,SCREENX-2D Phụ Đề Việt | Rạp SCREENX,21:50,"Ngày 28/09/2026, rạp CGV Hùng Vương Plaza trở thành địa điểm đặc biệt khi chiếu phim VÙNG ĐẤT QUỶ DỮ dưới dạng SCREENX-2D Phụ Đề Việt, mang đến trải nghiệm độc đáo và ấn tượng cho khán giả. Phim chiếu vào giờ 21:50, khán giả có cơ hội tận hưởng không gian màn ảnh rộng và âm thanh sống động, tạo nên cảm giác tràn ngập và gần gũi với câu chuyện."
ÚT LAN 2,CGV Hùng Vương Plaza,28/09/2026,2D Phụ Đề Anh | Rạp GOLD CLASS,09:00,"Hôm nay, tôi đã có dịp tận hưởng bộ phim ÚT LAN 2 tại rạp chiếu CGV Hùng Vương Plaza. Phim được chiếu dưới định dạng 2D Phụ Đề Anh và được trình chiếu tại rạp GOLD CLASS. Tôi đã chọn thời điểm 09:00 để có trải nghiệm chiếu phim. Với chất lượng và không gian rạp chiếu ấn tượng, tôi cảm thấy mình đang được chào đón một trải nghiệm phim tuyệt vời."
ÚT LAN 2,CGV Hùng Vương Plaza,28/09/2026,2D Phụ Đề Anh,12:40,"Tôi đã trải qua một trải nghiệm thú vị tại suất chiếu ""ÚT LAN 2"" tại rạp chiếu CGV Hùng Vương Plaza. Ngày chiếu là 28/09/2026, và tôi đã có cơ hội được tận hưởng bộ phim này vào lúc 12:40 trong định dạng 2D Phụ Đề Anh. Mặc dù không có nhiều thông tin về nội dung phim, nhưng tôi đã cảm thấy hứng thú khi bước vào rạp chiếu và chuẩn bị cho một chiều dạo phim thú vị."
ÚT LAN 2,CGV Hùng Vương Plaza,28/09/2026,2D Phụ Đề Anh,22:50,"Tôi vừa có trải nghiệm tuyệt vời tại rạp chiếu ÚT LAN 2 tại CGV Hùng Vương Plaza. Ngày 28/09/2026 là đêm chiếu đầu tiên của bộ phim này và không thể thiếu là một không gian sôi động. Phim được chiếu với định dạng 2D Phụ Đề Anh và giờ chiếu là 22:50, tạo nên một không gian yên tĩnh và tập trung. Tôi đã cảm nhận được sự phấn khích khi chờ đợi và xem phim."
AVENGERS: HỒI KẾT - PHIÊN BẢN ĐẶC BIỆT (CHIẾU LẠI),CGV Hùng Vương Plaza,29/09/2026,SCREENX-2D Phụ Đề Việt | Rạp SCREENX																 & Infinity Vision,09:30,"Ngày 29/09/2026, tôi đã tận hưởng suất chiếu đặc biệt tại CGV Hùng Vương Plaza với bộ phim hành động ""AVENGERS: HỒI KẾT - PHIÊN BẢN ĐẶC BIỆT"". Tôi đã chọn màn hình SCREENX-2D Phụ Đề Việt để trải nghiệm khán giả và sự hiện diện trên màn hình. Thời gian chiếu bắt đầu từ 09:30, và tôi đã có một trải nghiệm tuyệt vời với bộ phim, được chiếu ở định dạng Infinity Vision."
AVENGERS: HỒI KẾT - PHIÊN BẢN ĐẶC BIỆT (CHIẾU LẠI),CGV Hùng Vương Plaza,29/09/2026,4DX2D Phụ Đề Việt | Rạp 4DX																 & Infinity Vision,11:30,"Vào ngày 29/09/2026, CGV Hùng Vương Plaza sẽ trở thành địa điểm không thể bỏ qua cho những fan của Avengers: Hoí Kết - Phiên bản Đặc Biệt. Phim sẽ được chiếu với định dạng 4DX2D Phụ Đề Việt | Rạp 4DX & Infinity Vision, mang đến trải nghiệm xem phim độc đáo và hấp dẫn. Bạn có thể chọn một trong những giờ chiếu 11:30 để trải nghiệm sự kết thúc của Avengers như chưa từng thấy."
AVENGERS: HỒI KẾT - PHIÊN BẢN ĐẶC BIỆT (CHIẾU LẠI),CGV Hùng Vương Plaza,29/09/2026,SCREENX-2D Phụ Đề Việt | Rạp SCREENX																 & Infinity Vision,15:30,"Tôi vừa có trải nghiệm tuyệt vời tại rạp chiếu CGV Hùng Vương Plaza khi xem AVENGERS: HỒI KẾT - PHIÊN BẢN ĐẶC BIỆT. Vào ngày 29/09/2026, tôi đã đến rạp và được tận hưởng bộ phim này trên màn hình SCREENX-2D Phụ Đề Việt | Rạp SCREENX & Infinity Vision. Thời gian chiếu vào 15:30 đã mang đến một trải nghiệm độc đáo và ấn tượng, đồng thời cho phép tôi chiêm ngưỡng hình ảnh và âm thanh phim với chất lượng vượt trội."
AVENGERS: HỒI KẾT - PHIÊN BẢN ĐẶC BIỆT (CHIẾU LẠI),CGV Hùng Vương Plaza,29/09/2026,SCREENX-2D Phụ Đề Việt | Rạp SCREENX																 & Infinity Vision,19:10,"Tôi đã có cơ hội xem suất chiếu ""AVENGERS: HỒI KẾT - PHIÊN BẢN ĐẶC BIỆT"" tại rạp CGV Hùng Vương Plaza vào ngày 29/09/2026. Sự kiện này mang đến trải nghiệm thú vị với định dạng SCREENX-2D Phụ Đề Việt và rạp SCREENX. Thời gian chiếu là 19:10, tạo không gian đặc biệt cho khán giả."
AVENGERS: HỒI KẾT - PHIÊN BẢN ĐẶC BIỆT (CHIẾU LẠI),CGV Hùng Vương Plaza,29/09/2026,4DX2D Phụ Đề Việt | Rạp 4DX																 & Infinity Vision,20:40,"Khi bước vào rạp chiếu CGV Hùng Vương Plaza, tôi đã cảm nhận được sự sôi động và phấn khích không thể chối cãi. AVENGERS: HỒI KẾT - PHIÊN BẢN ĐẶC BIỆT được chiếu trên màn hình lớn với định dạng 4DX2D Phụ Đề Việt | Rạp 4DX và Infinity Vision. Tôi đã chọn buổi chiếu vào lúc 20:40 và tôi biết rằng mình đã chuẩn bị sẵn sàng cho một trải nghiệm phim tuyệt vời. Không khí trong rạp trở nên sôi động hơn khi mọi người đều đang chờ đợi sự kiện phim nổi tiếng này."
HÒN ĐẢO QUÊN LÃNG,CGV Hùng Vương Plaza,29/09/2026,4DX2D Lồng Tiếng Việt | Rạp 4DX,09:20,"Tôi vừa có cơ hội được mời đến rạp chiếu suất chiếu đầu tiên của bộ phim Hòn Đảo Quên Lặng tại CGV Hùng Vương Plaza và đó là một trải nghiệm tuyệt vời! Ngày 29/09/2026, tôi đã được tham gia đến suất chiếu 4DX2D Lồng Tiếng Việt tại rạp 4DX. Thời gian chiếu là 09:20 và tôi thật sự không thể chờ đợi để được tận hưởng những khoảnh khắc điện ảnh tuyệt vời. Không gian 4DX2D mang đến trải nghiệm độc đáo và thú vị, làm cho bộ phim trở nên sống động hơn bao giờ hết."
HÒN ĐẢO QUÊN LÃNG,CGV Hùng Vương Plaza,29/09/2026,SCREENX-2D Phụ Đề Việt | Rạp SCREENX,13:10,"Hôm nay, tôi đã có cơ hội được trải nghiệm suất chiếu ""HÒN ĐẢO QUÊN LÃNG"" tại rạp CGV Hùng Vương Plaza. Phim được chiếu trên màn hình SCREENX-2D Phụ Đề Việt với định dạng đặc biệt là SCREENX, tạo nên trải nghiệm độc đáo và gần gũi hơn với nhân vật. Tôi đã chọn buổi chiếu lúc 13:10 và đã có một trải nghiệm tuyệt vời, được thả vào thế giới phiêu lưu của phim cùng với hàng nghìn khán giả khác."
LAPUTA: LÂU ĐÀI TRÊN KHÔNG,CGV Hùng Vương Plaza,29/09/2026,2D Phụ Đề Việt,13:20,"Hôm nay, tôi đã được trải nghiệm suất chiếu LAPUTA: LÂU ĐÀI TRÊN KHÔNG tại CGV Hùng Vương Plaza. Với định dạng 2D Phụ Đề Việt, bộ phim mang đến một trải nghiệm hấp dẫn và phong cách độc đáo. Tôi đã ngồi vào ghế và theo dõi bộ phim với sự chú ý của mình vào ngày 29/09/2026 tại giờ 13:20. Mặc dù chỉ xem một lần, nhưng tôi đã cảm nhận được sự hấp dẫn của phim và mong muốn tìm hiểu thêm về nó."
LAPUTA: LÂU ĐÀI TRÊN KHÔNG,CGV Hùng Vương Plaza,29/09/2026,2D Phụ Đề Việt,15:50,"Hôm nay, tôi đã có cơ hội được trải nghiệm suất chiếu LAPUTA: LÂU ĐÀI TRÊN KHÔNG tại rạp CGV Hùng Vương Plaza. Phim được chiếu vào ngày 29/09/2026, dưới dạng 2D Phụ Đề Việt và bắt đầu từ giờ 15:50. Đây là một trải nghiệm thú vị để xem phim trong một không gian rạp chiếu chuyên nghiệp."
LAPUTA: LÂU ĐÀI TRÊN KHÔNG,CGV Hùng Vương Plaza,29/09/2026,2D Phụ Đề Việt,18:20,"Hôm nay, tôi đã có cơ hội trải nghiệm xem suất chiếu LAPUTA: LÂU ĐÀI TRÊN KHÔNG tại rạp CGV Hùng Vương Plaza. Phim được chiếu với định dạng 2D Phụ Đề Việt và bắt đầu từ giờ 18:20. Mặc dù chưa có thời gian để chờ đợi quá lâu, nhưng tôi đã cảm thấy sự sôi động và hứng thú khi bước vào rạp chiếu. Không khí trong rạp rất nóng và đầy năng lượng, sẵn sàng để chúng ta cùng nhau chinh phục thế giới mới."
LÊN HƯƠNG,CGV Hùng Vương Plaza,29/09/2026,2D Phụ Đề Anh,10:10,"Ngày 29/9/2026, tôi đã trải nghiệm một buổi chiếu phim tuyệt vời tại rạp chiếu CGV Hùng Vương Plaza với bộ phim LÊN HƯƠNG. Phim được chiếu ở định dạng 2D Phụ Đề Anh và có giờ chiếu là 10:10. Môi trường rạp chiếu rất yên tĩnh và thoải mái, tạo nên một không khí tuyệt vời cho trải nghiệm xem phim của tôi."
LÊN HƯƠNG,CGV Hùng Vương Plaza,29/09/2026,2D Phụ Đề Anh,15:10,"Tôi vừa có cơ hội xem suất chiếu LÊN HƯƠNG tại rạp chiếu CGV Hùng Vương Plaza và trải nghiệm là vô cùng tuyệt vời. Phim được chiếu trong định dạng 2D Phụ Đề Anh với thời gian chiếu là 15:10 vào ngày 29/09/2026. Môi trường rạp chiếu yên tĩnh và ấm cúng, tạo không khí hấp dẫn cho khán giả. Tôi đã tận hưởng khoảnh khắc tuyệt vời khi xem phim này."
MARNIE YÊU DẤU,CGV Hùng Vương Plaza,29/09/2026,2D Phụ Đề Việt,11:10,"Hôm nay, tôi đã có dịp xem suất chiếu ""MARNIE YÊU DẤU"" tại rạp chiếu CGV Hùng Vương Plaza. Vào thời điểm 11:10 chiều, tôi đã có trải nghiệm tuyệt vời khi xem phim này với định dạng 2D Phụ Đề Việt. Phim đã được chiếu vào ngày 29/09/2026 và đã mang đến cho tôi những khoảnh khắc thú vị và hấp dẫn."
MARNIE YÊU DẤU,CGV Hùng Vương Plaza,29/09/2026,2D Phụ Đề Việt,15:00,"Tôi vừa có dịp đến rạp chiếu CGV Hùng Vương Plaza để xem bản chiếu đầu tiên của phim MARNIE YÊU DẤU. Phim được chiếu dưới định dạng 2D Phụ Đề Việt và giờ chiếu là 15:00. Không khí rạp dường như đầy đủ sức hút và khán giả đã rất nhiệt tình. Tôi có thể nói rằng trải nghiệm xem phim tại đây rất tuyệt vời, không chỉ bởi chất lượng chiếu mà còn bởi không gian rộng rãi và thoải mái cho khán giả."
TRẠI BUÔN NGƯỜI,CGV Hùng Vương Plaza,29/09/2026,2D Phụ Đề Anh,09:10,"Tôi đã đến CGV Hùng Vương Plaza để xem suất chiếu mới nhất của bộ phim TRẠI BUÔN NGƯỜI. Phim được chiếu vào ngày 29/09/2026 với định dạng 2D Phụ Đề Anh và giờ chiếu 09:10. Sau khi mua vé, tôi đã tận hưởng một trải nghiệm giải trí tuyệt vời tại rạp chiếu này."
TRẠI BUÔN NGƯỜI,CGV Hùng Vương Plaza,29/09/2026,2D Phụ Đề Anh,09:40,"Tôi vừa có cơ hội xem suất chiếu ""TRẠI BUÔN NGƯỜI"" tại rạp chiếu CGV Hùng Vương Plaza và trải nghiệm thật tuyệt vời. Phim được chiếu dưới định dạng 2D Phụ Đề Anh với giờ chiếu 09:40, tạo nên một không gian phim ảnh độc đáo. Mặc dù chỉ là một đêm chiếu phim, nhưng trải nghiệm của tôi vẫn được tạo nên bởi cảm giác hứng khởi và hào hứng khi bước vào thế giới của bộ phim."
TRẠI BUÔN NGƯỜI,CGV Hùng Vương Plaza,29/09/2026,2D Phụ Đề Anh,10:20,"Trong tối 29/9/2026, rạp CGV Hùng Vương Plaza đã trở thành địa điểm hứng thú cho những fan phim đang chờ đợi bản mới nhất. Phim TRẠI BUÔN NGƯỜI đã chính thức ra mắt với định dạng 2D Phụ Đề Anh và giờ chiếu tại 10:20, mang đến trải nghiệm giải trí độc đáo cho khán giả."
TRẠI BUÔN NGƯỜI,CGV Hùng Vương Plaza,29/09/2026,2D Phụ Đề Anh,10:50,"Trái đất của tôi đã đến CGV Hùng Vương Plaza vào ngày 29/09/2026. Để trải nghiệm sự phấn khích từ bộ phim TRẠI BUÔN NGƯỜI, tôi đã chọn buổi chiếu lúc 10:50. Bộ phim được chiếu dưới định dạng 2D Phụ Đề Anh, mang đến một trải nghiệm hiện đại và hấp dẫn. Tất cả mọi người đều có thể tận hưởng khoảnh khắc tuyệt vời này cùng nhau."
TRẠI BUÔN NGƯỜI,CGV Hùng Vương Plaza,29/09/2026,2D Phụ Đề Anh | Rạp GOLD CLASS,11:20,"Trải nghiệm xem suất chiếu TRẠI BUÔN NGƯỜI tại CGV Hùng Vương Plaza vào ngày 29/09/2026 thật tuyệt vời. Tôi đã được mời đến rạp sớm để tận hưởng bộ phim 2D Phụ Đề Anh | Rạp GOLD CLASS với thời gian chiếu 11:20. Không gian rạp sạch sẽ, ấm cúng và nhân viên thân thiện đã tạo cảm giác thoải mái cho khán giả. Tôi đã có cơ hội tận hưởng những khoảnh khắc tuyệt vời trên màn ảnh lớn, tạo ra những kỷ niệm đáng nhớ."
TRẠI BUÔN NGƯỜI,CGV Hùng Vương Plaza,29/09/2026,2D Phụ Đề Anh,11:50,"Tôi vừa có cơ hội xem suất chiếu ""TRẠI BUÔN NGƯỜI"" tại rạp CGV Hùng Vương Plaza vào ngày 29/09/2026. Thông tin trên cho tôi biết rằng đây là một buổi chiếu 2D Phụ Đề Anh và bắt đầu vào giờ 11:50. Mặc dù không có nhiều chi tiết về nội dung phim, nhưng tôi vẫn rất hào hứng để khám phá và trải nghiệm."
TRẠI BUÔN NGƯỜI,CGV Hùng Vương Plaza,29/09/2026,2D Phụ Đề Anh,12:20,"Hôm nay, tôi có cơ hội trải nghiệm suất chiếu ""TRẠI BUÔN NGƯỜI"" tại rạp CGV Hùng Vương Plaza. Phim được chiếu dưới định dạng 2D Phụ Đề Anh vào ngày 29/09/2026, bắt đầu từ giờ 12:20. Trong bầu không khí sôi động của rạp chiếu, tôi đã có cơ hội để quan sát và cảm nhận sự bắt mắt của phim."
TRẠI BUÔN NGƯỜI,CGV Hùng Vương Plaza,29/09/2026,2D Phụ Đề Anh,13:00,"Hôm nay, bạn có cơ hội tham gia vào một trải nghiệm thú vị khi xem suất chiếu phim TRẠI BUÔN NGƯỜI tại rạp CGV Hùng Vương Plaza. Phim sẽ được chiếu với định dạng 2D Phụ Đề Anh và sẽ bắt đầu vào lúc 13:00. Đây là một cơ hội tuyệt vời để bạn có thể thưởng thức một bộ phim mới và được trải nghiệm tại một trong những rạp chiếu hiện đại nhất thành phố."
TRẠI BUÔN NGƯỜI,CGV Hùng Vương Plaza,29/09/2026,2D Phụ Đề Anh,13:40,"Ngày 29/09/2026, CGV Hùng Vương Plaza chào đón khán giả với màn chiếu đầu tiên của TRẠI BUÔN NGƯỜI. Cùng với định dạng 2D Phụ Đề Anh và giờ chiếu 13:40, buổi chiếu promise là một trải nghiệm không nên bỏ qua. Hãy đến và tận hưởng bộ phim này trong không gian hiện đại và thoải mái của CGV."
TRẠI BUÔN NGƯỜI,CGV Hùng Vương Plaza,29/09/2026,2D Phụ Đề Anh | Rạp GOLD CLASS,14:10,"Tôi vừa có dịp đến rạp CGV Hùng Vương Plaza để xem một bộ phim hay và được nhiều người hâm mộ mong chờ, TRẠI BUÔN NGƯỜI. Tôi đã chọn buổi chiếu sáng với thời gian 14:10 và trải nghiệm được một màn chiếu 2D chất lượng cao cùng phụ đề Anh. Sự pha trộn hoàn hảo giữa âm thanh và hình ảnh mang đến trải nghiệm xem phim tuyệt vời cho tôi."
TRẠI BUÔN NGƯỜI,CGV Hùng Vương Plaza,29/09/2026,2D Phụ Đề Anh,14:40,"Hôm nay, tôi đã được trải nghiệm một suất chiếu phim TRẠI BUÔN NGƯỜI tại rạp CGV Hùng Vương Plaza vào lúc 14:40. Đến với bộ phim 2D Phụ Đề Anh này, tôi được tận hưởng một câu chuyện hấp dẫn và đầy màu sắc. Không khí trong rạp đã được tạo nên bởi sự sôi động và hứng thú của khán giả. Tôi cảm thấy mình đã được nhập vào thế giới phim, nơi những tình huống đầy thử thách và phiêu lưu chờ đợi."
TRẠI BUÔN NGƯỜI,CGV Hùng Vương Plaza,29/09/2026,4DX2D Phụ Đề Anh | Rạp 4DX,15:10,"Khi bước vào rạp chiếu CGV Hùng Vương Plaza vào tối 29/09/2026, tôi đã cảm nhận được không khí sôi động và chờ đợi dành cho bộ phim TRẠI BUÔN NGƯỜI. Sự kết hợp hoàn hảo giữa 4DX2D và phụ đề Anh đã tạo nên một trải nghiệm thú vị và đa dạng cho khán giả. Với giờ chiếu 15:10, tôi đã có thể tận hưởng toàn bộ hành trình của nhân vật trong một không gian tương tác và cảm xúc sâu sắc. Mỗi giây phút trong bộ phim đã được thiết kế để làm cho khán giả cảm thấy như mình là một phần của câu chuyện."
TRẠI BUÔN NGƯỜI,CGV Hùng Vương Plaza,29/09/2026,2D Phụ Đề Anh,15:40,"Tôi vừa có cơ hội trải nghiệm suất chiếu ""TRẠI BUÔN NGƯỜI"" tại rạp chiếu CGV Hùng Vương Plaza vào ngày 29/09/2026. Với định dạng 2D Phụ Đề Anh, phim được chiếu với chất lượng hình ảnh mượt mà và âm thanh rõ ràng. Thời gian chiếu của tôi là 15:40, và mặc dù là suất chiếu cuối cùng nhưng không khí rạp vẫn rất sôi động và thú vị."
TRẠI BUÔN NGƯỜI,CGV Hùng Vương Plaza,29/09/2026,2D Phụ Đề Anh,16:20,"Hôm nay, tôi đã có cơ hội được trải nghiệm một suất chiếu phim TRẠI BUÔN NGƯỜI tại rạp CGV Hùng Vương Plaza. Phim được chiếu với định dạng 2D Phụ Đề Anh và thời gian chiếu là 16:20. Đó là một trải nghiệm thú vị và đầy cảm hứng, giúp tôi có thể thưởng thức những cảnh phim chất lượng cao và cảm nhận được sự sống động của nhân vật trên màn ảnh."
TRẠI BUÔN NGƯỜI,CGV Hùng Vương Plaza,29/09/2026,2D Phụ Đề Anh | Rạp GOLD CLASS,16:50,"Tôi đã có cơ hội đến rạp CGV Hùng Vương Plaza để xem suất chiếu phim TRẠI BUÔN NGƯỜI vào ngày 29/09/2026. Khi bước vào rạp, tôi được trải nghiệm một không gian sang trọng với định dạng 2D Phụ Đề Anh | Rạp GOLD CLASS. Sau đó, tôi đã tận hưởng tiết kiệm thời gian để xem phim vào buổi chiều, 16:50."
TRẠI BUÔN NGƯỜI,CGV Hùng Vương Plaza,29/09/2026,2D Phụ Đề Anh,17:20,"Ngày 29/9/2026, rạp chiếu CGV Hùng Vương Plaza đã chào đón khán giả đến với bộ phim TRẠI BUÔN NGƯỜI với thời gian chiếu 17:20. Bộ phim được chiếu với định dạng 2D Phụ Đề Anh, mang đến trải nghiệm xem phim độc đáo và thú vị. Đây là dịp tuyệt vời để bạn có thể thưởng thức bộ phim mới nhất tại rạp chiếu."
TRẠI BUÔN NGƯỜI,CGV Hùng Vương Plaza,29/09/2026,4DX2D Phụ Đề Anh | Rạp 4DX,18:00,"Ngày 29/9/2026, tôi đã có cơ hội trải nghiệm suất chiếu TRẠI BUÔN NGƯỜI tại rạp CGV Hùng Vương Plaza với định dạng 4DX2D Phụ Đề Anh | Rạp 4DX. Khi bước vào rạp, không khí đã được tạo ra một bầu không khí hấp dẫn và thú vị. Sau khi ngồi vào ghế, tôi đã sẵn sàng để theo dõi bộ phim với trải nghiệm 4DX2D. Thời gian chiếu phim đã bắt đầu, tôi đã được tận hưởng một đêm chiếu phim tuyệt vời cùng với những hiệu ứng đặc biệt độc đáo."
TRẠI BUÔN NGƯỜI,CGV Hùng Vương Plaza,29/09/2026,2D Phụ Đề Anh,18:30,"Hôm nay, tôi đã có cơ hội trải nghiệm suất chiếu TRẠI BUÔN NGƯỜI tại CGV Hùng Vương Plaza. Phim chiếu rạp được trình chiếu với định dạng 2D Phụ Đề Anh và giờ chiếu là 18:30. Tôi đã có thể tận hưởng trải nghiệm chiếu phim một cách thoải mái và thú vị."
TRẠI BUÔN NGƯỜI,CGV Hùng Vương Plaza,29/09/2026,2D Phụ Đề Anh,19:00,"Tôi vừa có cơ hội trải nghiệm suất chiếu ""TRẠI BUÔN NGƯỜI"" tại rạp chiếu CGV Hùng Vương Plaza vào ngày 29/09/2026. Thông tin cho tôi là là phim định dạng 2D Phụ Đề Anh, chiếu vào lúc 19:00. Tôi cảm thấy không khí tại rạp rất sôi động và đầy hứa hẹn, sẵn sàng để được chào đón và trải nghiệm phim này."
TRẠI BUÔN NGƯỜI,CGV Hùng Vương Plaza,29/09/2026,2D Phụ Đề Anh | Rạp GOLD CLASS,19:30,"Ngày 29/09/2026, rạp CGV Hùng Vương Plaza sẽ chào đón khán giả với suất chiếu ""TRẠI BUÔN NGƯỜI"" mang định dạng 2D Phụ Đề Anh | Rạp GOLD CLASS. Phim sẽ được chiếu vào lúc 19:30, cung cấp trải nghiệm xem phim chất lượng cao cho khán giả."
TRẠI BUÔN NGƯỜI,CGV Hùng Vương Plaza,29/09/2026,2D Phụ Đề Anh,20:00,"Tôi vừa có cơ hội xem suất chiếu ""TRẠI BUÔN NGƯỜI"" tại CGV Hùng Vương Plaza vào ngày 29/09/2026. Thông tin cho biết đó là một màn chiếu 2D với phụ đề Anh, bắt đầu vào giờ 20:00. Sự kiện này đã mang đến cho tôi trải nghiệm hấp dẫn và thú vị, giúp tôi hiểu sâu hơn về câu chuyện."
TRẠI BUÔN NGƯỜI,CGV Hùng Vương Plaza,29/09/2026,2D Phụ Đề Anh,20:50,"Hôm nay, tôi đã có cơ hội trải nghiệm suất chiếu phim ""TRẠI BUÔN NGƯỜI"" tại rạp chiếu CGV Hùng Vương Plaza. Phim chiếu rạp với định dạng 2D Phụ Đề Anh và giờ chiếu 20:50 đã mang đến cho tôi một trải nghiệm thú vị. Tôi đã có cơ hội tận hưởng sự thú vị của phim trong một không gian riêng tư và thoải mái."
TRẠI BUÔN NGƯỜI,CGV Hùng Vương Plaza,29/09/2026,2D Phụ Đề Anh,21:10,"Tôi vừa có dịp tham gia suất chiếu phim TRẠI BUÔN NGƯỜI tại CGV Hùng Vương Plaza vào ngày 29/09/2026. Đây là một trải nghiệm tuyệt vời khi được xem một bộ phim 2D Phụ Đề Anh trong một không gian rạp chiếu hiện đại. Giờ chiếu 21:10 đã mang đến cho tôi một không gian yên tĩnh và thoải mái để thưởng thức bộ phim. Màn chiếu phim đã bắt đầu đúng giờ và chất lượng hình ảnh rất tốt, khiến cho tôi cảm thấy như mình đã đặt chân vào thế giới phim. Tất cả đều đã tạo ra một trải nghiệm tuyệt vời cho tôi."
TRẠI BUÔN NGƯỜI,CGV Hùng Vương Plaza,29/09/2026,2D Phụ Đề Anh,21:40,Tôi vừa có cơ hội xem suất chiếu TRẠI BUÔN NGƯỜI tại rạp CGV Hùng Vương Plaza vào tối 29/9/2026. Phim được chiếu với định dạng 2D Phụ Đề Anh và bắt đầu chiếu lúc 21:40. Khám phá và trải nghiệm phim là một trải nghiệm thú vị và hấp dẫn.
TRẠI BUÔN NGƯỜI,CGV Hùng Vương Plaza,29/09/2026,2D Phụ Đề Anh | Rạp GOLD CLASS,22:10,"Hôm nay, tôi đã có cơ hội xem suất chiếu TRẠI BUÔN NGƯỜI tại CGV Hùng Vương Plaza. Phim được chiếu với định dạng 2D Phụ Đề Anh | Rạp GOLD CLASS vào lúc 22:10, mang đến một trải nghiệm chiếu phim mượt mà và thú vị. Mỗi khung hình đều mang đến một câu chuyện hấp dẫn, khiến tôi không thể rời mắt. Sự kết hợp hoàn hảo giữa âm thanh và hình ảnh đã tạo nên một trải nghiệm xem phim không thể quên."
TRẠI BUÔN NGƯỜI,CGV Hùng Vương Plaza,29/09/2026,2D Phụ Đề Anh,22:40,Tôi đã có dịp được tham gia vào một đêm chiếu chiếu TRẠI BUÔN NGƯỜI tại rạp CGV Hùng Vương Plaza vào ngày 29/09/2026. Phim được chiếu với định dạng 2D Phụ Đề Anh và bắt đầu vào giờ 22:40. Đó là một trải nghiệm thú vị và thú vị để trải nghiệm phim trong một không gian lớn và đông người.
VÙNG ĐẤT QUỶ DỮ,CGV Hùng Vương Plaza,29/09/2026,2D Phụ Đề Việt,09:10,"Tôi vừa bước vào rạp chiếu CGV Hùng Vương Plaza và đã được đón chào bởi màn chiếu rộng lớn cho bộ phim VÙNG ĐẤT QUỶ DỮ. Ngày 29/09/2026, tôi đã có cơ hội trải nghiệm suất chiếu đầu tiên của phim này và không thể chờ đợi để được giải trí trong một chuyến đi đến thế giới phượng đỏ. Khi giờ chiếu đến, tôi đã được mời vào rạp và tận hưởng bộ phim 2D Phụ Đề Việt chất lượng cao cùng với hàng nghìn khán giả khác. Màn chiếu lớn và âm thanh sống động đã tạo ra một trải nghiệm tuyệt vời cho tôi, khiến tôi không thể rời mắt khỏi màn hình."
VÙNG ĐẤT QUỶ DỮ,CGV Hùng Vương Plaza,29/09/2026,SCREENX-2D Phụ Đề Việt | Rạp SCREENX,22:40,"Tôi vừa có dịp được trải nghiệm suất chiếu VÙNG ĐẤT QUỶ DỮ tại rạp CGV Hùng Vương Plaza. Ngày chiếu là 29/09/2026, bắt đầu từ giờ 22:40, với định dạng SCREENX-2D Phụ Đề Việt và Rạp SCREENX. Mặc dù chỉ là một đoạn phim, nhưng trải nghiệm này thật sự ấn tượng, mang đến cho tôi một cảm giác đặc biệt khi được theo dõi sự kiện lịch sử trên màn hình lớn."
ÚT LAN 2,CGV Hùng Vương Plaza,29/09/2026,2D Phụ Đề Anh,12:40,"Tôi đã có cơ hội xem suất chiếu ÚT LAN 2 tại rạp chiếu CGV Hùng Vương Plaza vào ngày 29/09/2026. Thông tin cho thấy đây là một phiên chiếu 2D Phụ Đề Anh tại thời điểm 12:40. Mặc dù chưa có trải nghiệm thực tế, nhưng thông tin này cho thấy một sự kiện phim ảnh được sắp xếp tại địa điểm này và thời điểm cụ thể."
AVENGERS: HỒI KẾT - PHIÊN BẢN ĐẶC BIỆT (CHIẾU LẠI),CGV Hùng Vương Plaza,30/09/2026,SCREENX-2D Phụ Đề Việt | Rạp SCREENX																 & Infinity Vision,09:00,"Ngày 30/09/2026, rạp chiếu CGV Hùng Vương Plaza đã chào đón khán giả đến xem AVENGERS: HỒI KẾT - PHIÊN BẢN ĐẶC BIỆT với trải nghiệm phim độc đáo trên màn hình SCREENX-2D Phụ Đề Việt | Rạp SCREENX và Infinity Vision. Bạn có thể tận hưởng khoảnh khắc tuyệt vời của bộ phim này trong không gian rạp chiếu hiện đại và được chăm sóc một cách chu đáo."
AVENGERS: HỒI KẾT - PHIÊN BẢN ĐẶC BIỆT (CHIẾU LẠI),CGV Hùng Vương Plaza,30/09/2026,4DX2D Phụ Đề Việt | Rạp 4DX																 & Infinity Vision,11:30,"Ngày 30/9/2026, bạn đã có cơ hội trải nghiệm một chiều chiếu rạp tuyệt vời khi xem AVENGERS: HỒI KẾT - PHIÊN BẢN ĐẶC BIỆT tại rạp chiếu CGV Hùng Vương Plaza. Với định dạng 4DX2D Phụ Đề Việt | Rạp 4DX và Infinity Vision, đêm chiếu đã mang đến một trải nghiệm mới mẻ và thú vị. Bạn đã có thể tận hưởng khoảnh khắc tuyệt vời của phim trong không gian rộng rãi và hiện đại của rạp chiếu."
AVENGERS: HỒI KẾT - PHIÊN BẢN ĐẶC BIỆT (CHIẾU LẠI),CGV Hùng Vương Plaza,30/09/2026,SCREENX-2D Phụ Đề Việt | Rạp SCREENX																 & Infinity Vision,14:50,"Hôm nay, tôi đã được trải nghiệm suất chiếu AVENGERS: HỒI KẾT - PHIÊN BẢN ĐẶC BIỆT tại rạp chiếu CGV Hùng Vương Plaza. Thông tin cho tôi là ngày chiếu là 30/09/2026, với thời gian chiếu là 14:50. Trong rạp, tôi đã được tận hưởng bộ phim này với định dạng SCREENX-2D Phụ Đề Việt và Infinity Vision, tạo nên một trải nghiệm xem phim độc đáo và thú vị."
AVENGERS: HỒI KẾT - PHIÊN BẢN ĐẶC BIỆT (CHIẾU LẠI),CGV Hùng Vương Plaza,30/09/2026,SCREENX-2D Phụ Đề Việt | Rạp SCREENX																 & Infinity Vision,18:20,"Hôm nay, tôi đã được trải nghiệm một lần tuyệt vời khi xem AVENGERS: HỒI KẾT - PHIÊN BẢN ĐẶC BIỆT tại rạp chiếu CGV Hùng Vương Plaza. Tôi đã chọn khán đài SCREENX-2D Phụ Đề Việt để cảm nhận toàn cảnh hành động ép quả với chi tiết rõ ràng. Lần xem này, tôi cảm thấy như mình đã trở thành một phần của thế giới superhero, cùng nhau chiến đấu vì sự công lý. Không gian rạp chiếu lớn và hệ thống giải trí tiên tiến đã tạo nên một trải nghiệm tuyệt vời, khiến cho thời gian trôi qua nhanh chóng. Tôi đã hạnh phúc khi có cơ hội tận hưởng bộ phim này trên màn hình lớn."
AVENGERS: HỒI KẾT - PHIÊN BẢN ĐẶC BIỆT (CHIẾU LẠI),CGV Hùng Vương Plaza,30/09/2026,4DX2D Phụ Đề Việt | Rạp 4DX																 & Infinity Vision,20:40,"Trải nghiệm xem suất chiếu AVENGERS: HỒI KẾT - PHIÊN BẢN ĐẶC BIỆT 4DX2D Phụ Đề Việt tại rạp chiếu CGV Hùng Vương Plaza là một trải nghiệm không thể quên. Khi bước vào rạp, khán giả đã được chào đón bởi một không gian 4DX2D được thiết kế chuyên dụng, tạo ra một trải nghiệm độc đáo và được tái hiện trên màn hình. Với giờ chiếu 20:40, khán giả đã có cơ hội tận hưởng bộ phim hành động này trong một không gian riêng tư và thoải mái. Mỗi khung hình đều được tái hiện trên màn hình với độ phân giải cao, mang đến một cảm giác sống động và chân thực. Tất cả những yếu tố này đã tạo nên một trải nghiệm xem phim không chỉ thú vị mà còn đáng nhớ."
HÒN ĐẢO QUÊN LÃNG,CGV Hùng Vương Plaza,30/09/2026,4DX2D Lồng Tiếng Việt | Rạp 4DX,09:20,"Hôm nay, tôi đã có cơ hội trải nghiệm suất chiếu phim HÒN ĐẢO QUÊN LÃNG tại rạp CGV Hùng Vương Plaza. Khi bước vào rạp, tôi được chào đón bởi một không gian rộng rãi và hiện đại. Sau khi chọn chỗ ngồi, tôi đã có thể tận hưởng bộ phim này với chất lượng 4DX2D và lồng tiếng Việt. Thời gian chiếu đầu tiên của tôi là 09:20, và tôi đã cảm thấy thật sự được trải nghiệm."
HÒN ĐẢO QUÊN LÃNG,CGV Hùng Vương Plaza,30/09/2026,SCREENX-2D Phụ Đề Việt | Rạp SCREENX,12:30,"Hôm nay, tôi đã có cơ hội trải nghiệm suất chiếu ""HÒN ĐẢO QUÊN LÃNG"" tại rạp chiếu CGV Hùng Vương Plaza. Phim được chiếu trong định dạng SCREENX-2D Phụ Đề Việt và Rạp SCREENX, tạo nên một không gian điện ảnh độc đáo và thú vị. Tôi đã xem phim vào lúc 12:30 và cảm thấy ấn tượng với chất lượng hình ảnh và âm thanh. Sự kết hợp hoàn hảo giữa hình ảnh và âm thanh đã tạo nên một trải nghiệm xem phim tuyệt vời."
LAPUTA: LÂU ĐÀI TRÊN KHÔNG,CGV Hùng Vương Plaza,30/09/2026,2D Phụ Đề Việt,13:10,Thực hiện xem suất chiếu LAPUTA: LÂU ĐÀI TRÊN KHÔNG tại rạp CGV Hùng Vương Plaza vào ngày 30/09/2026 đã là trải nghiệm tuyệt vời. Tôi đã có cơ hội tận hưởng bộ phim này với định dạng 2D Phụ Đề Việt và giờ chiếu 13:10. Sự hấp dẫn của nội dung đã khiến cho tôi không thể rời mắt khỏi màn ảnh.
LAPUTA: LÂU ĐÀI TRÊN KHÔNG,CGV Hùng Vương Plaza,30/09/2026,2D Phụ Đề Việt,15:40,"Hôm nay, tôi có cơ hội trải nghiệm suất chiếu LAPUTA: LÂU ĐÀI TRÊN KHÔNG tại rạp CGV Hùng Vương Plaza. Phim được chiếu theo định dạng 2D Phụ Đề Việt và bắt đầu vào giờ 15:40. Khi bước vào rạp, không khí đã rất sôi động và hứng thú. Tôi đã có một trải nghiệm tuyệt vời, tận hưởng mỗi khoảnh khắc của bộ phim, được đưa vào thế giới phiêu lưu tuyệt đẹp của LAPUTA."
LAPUTA: LÂU ĐÀI TRÊN KHÔNG,CGV Hùng Vương Plaza,30/09/2026,2D Phụ Đề Việt,18:10,"Tôi đã có dịp được trải nghiệm suất chiếu LAPUTA: LÂU ĐÀI TRÊN KHÔNG tại rạp CGV Hùng Vương Plaza vào ngày 30/09/2026. Cùng với hơn hàng nghìn khán giả khác, tôi đã được đón nhận một trải nghiệm đầy kích thích và hấp dẫn. Phim được chiếu với định dạng 2D Phụ Đề Việt, tạo nên một không gian riêng biệt và dễ hiểu. Thời gian chiếu là 18:10, giúp chúng ta có thể tận hưởng không khí sôi động và phấn khích của rạp chiếu."
LÊN HƯƠNG,CGV Hùng Vương Plaza,30/09/2026,2D Phụ Đề Anh,10:10,"Tôi đã có cơ hội xem suất chiếu ""LÊN HƯƠNG"" tại rạp chiếu CGV Hùng Vương Plaza vào ngày 30/09/2026. Phim được chiếu với định dạng 2D Phụ Đề Anh và giờ chiếu 10:10. trải nghiệm xem phim này rất thú vị và hấp dẫn, giúp tôi có thể tận hưởng từng khoảnh khắc của bộ phim."
LÊN HƯƠNG,CGV Hùng Vương Plaza,30/09/2026,2D Phụ Đề Anh,15:10,"Hôm nay, tôi đã có cơ hội trải nghiệm một lần nữa sự tuyệt vời của bộ phim LÊN HƯƠNG tại rạp chiếu CGV Hùng Vương Plaza. Phim được chiếu với định dạng 2D Phụ Đề Anh và thời gian chiếu là 15:10. Mặc dù là một trải nghiệm mô phỏng, nhưng cảm giác hứng khởi và sự hấp dẫn của phim đã khiến tôi cảm thấy như đang đứng trước một sự kiện đặc biệt. Tôi đã tận hưởng từng khoảnh khắc trong phim và cảm nhận được sự chân thực và sâu sắc của câu chuyện."
LÊN HƯƠNG,CGV Hùng Vương Plaza,30/09/2026,2D Phụ Đề Anh,17:10,Tôi vừa xem suất chiếu phim LÊN HƯƠNG tại rạp CGV Hùng Vương Plaza vào ngày 30/09/2026. Phim được chiếu với định dạng 2D Phụ Đề Anh và giờ chiếu là 17:10. Quá trình xem phim đã mang đến cho tôi trải nghiệm thú vị và hấp dẫn.
MARNIE YÊU DẤU,CGV Hùng Vương Plaza,30/09/2026,2D Phụ Đề Việt,11:00,"Hôm nay, tôi đã có cơ hội xem suất chiếu đầu tiên của bộ phim MARNIE YÊU DẤU tại rạp chiếu CGV Hùng Vương Plaza. Phim được chiếu định dạng 2D Phụ Đề Việt và đã bắt đầu từ 11:00. Tôi đã có trải nghiệm thú vị và hấp dẫn trong suốt thời gian xem phim. Màn chiếu phim được thực hiện một cách chuyên nghiệp và sinh động, giúp cho trải nghiệm xem phim trở nên độc đáo và ấn tượng."
MARNIE YÊU DẤU,CGV Hùng Vương Plaza,30/09/2026,2D Phụ Đề Việt,15:00,"Hôm nay, bạn có cơ hội trải nghiệm suất chiếu phim MARNIE YÊU DẤU tại CGV Hùng Vương Plaza. Phim sẽ được chiếu trên màn hình 2D Phụ Đề Việt với thời gian chiếu bắt đầu từ 15:00. Nếu bạn đang tìm kiếm một trải nghiệm giải trí thú vị và gần gũi, hãy đến và khám phá sự đa dạng của bộ phim này tại rạp chiếu này."
TRẠI BUÔN NGƯỜI,CGV Hùng Vương Plaza,30/09/2026,2D Phụ Đề Anh,09:10,Tôi đã được mời đến xem suất chiếu đầu tiên của TRẠI BUÔN NGƯỜI tại rạp CGV Hùng Vương Plaza vào ngày 30/09/2026. Tôi đã được ngồi ở giỏ thứ hai và được phục vụ một chiếc túi đồ uống. Phim được chiếu ở định dạng 2D Phụ Đề Anh và thời gian chiếu là 09:10. Tôi cảm thấy không gian rạp được trang trí tinh tế và nhân viên phục vụ rất thân thiện.
TRẠI BUÔN NGƯỜI,CGV Hùng Vương Plaza,30/09/2026,2D Phụ Đề Anh,09:40,"Tôi vừa có cơ hội xem suất chiếu TRẠI BUÔN NGƯỜI tại rạp CGV Hùng Vương Plaza vào ngày 30/09/2026. Phim được chiếu với định dạng 2D Phụ Đề Anh và bắt đầu tại 09:40. Mặc dù chưa xem nội dung phim, trải nghiệm xem suất chiếu này đã rất thú vị và hấp dẫn."
TRẠI BUÔN NGƯỜI,CGV Hùng Vương Plaza,30/09/2026,2D Phụ Đề Anh,10:20,"Hôm nay, tôi đã có cơ hội được trải nghiệm suất chiếu ""TRẠI BUÔN NGƯỜI"" tại CGV Hùng Vương Plaza. Phim được chiếu trong định dạng 2D Phụ Đề Anh và bắt đầu từ giờ 10:20. Không chỉ là một trải nghiệm xem phim, nhưng đó còn là một dịp để tôi được tận hưởng không khí sôi động và đông đúc của rạp chiếu."
TRẠI BUÔN NGƯỜI,CGV Hùng Vương Plaza,30/09/2026,2D Phụ Đề Anh,10:50,"Hôm nay, tôi đã có cơ hội xem suất chiếu TRẠI BUÔN NGƯỜI tại rạp chiếu CGV Hùng Vương Plaza. Phim được chiếu với định dạng 2D Phụ Đề Anh và thời gian chiếu là 10:50. Mặc dù không biết quá nhiều về nội dung phim, nhưng không khí tại rạp rất sôi động và khán giả đều có vẻ rất hào hứng. Tôi đã có một trải nghiệm thú vị và có thể chờ đợi xem xem phim này sẽ mang đến cho mình những cảm xúc gì."
TRẠI BUÔN NGƯỜI,CGV Hùng Vương Plaza,30/09/2026,2D Phụ Đề Anh | Rạp GOLD CLASS,11:20,"Trải nghiệm xem suất chiếu TRẠI BUÔN NGƯỜI tại rạp CGV Hùng Vương Plaza vào ngày 30/09/2026 thật sự đáng nhớ. Khi bước vào rạp, không khí sôi động và khán giả hào hứng tạo nên không khí vui vẻ. Phim TRẠI BUÔN NGƯỜI được chiếu dưới định dạng 2D Phụ Đề Anh, giúp khán giả tận hưởng hình ảnh và âm thanh mượt mà. Với giờ chiếu 11:20, khán giả có dịp tận hưởng phim trong bầu không khí yên tĩnh trước khi rạp trở nên sôi động."
TRẠI BUÔN NGƯỜI,CGV Hùng Vương Plaza,30/09/2026,2D Phụ Đề Anh,11:50,"Hôm nay, tôi có cơ hội được trải nghiệm suất chiếu ""TRẠI BUÔN NGƯỜI"" tại rạp chiếu CGV Hùng Vương Plaza. Phim được chiếu vào ngày 30/09/2026 với định dạng 2D Phụ Đề Anh và thời gian chiếu là 11:50. Đó là một trải nghiệm tuyệt vời, nơi tôi có thể tận hưởng không khí rạp chiếu và chờ đợi sự giải trí từ bộ phim."
TRẠI BUÔN NGƯỜI,CGV Hùng Vương Plaza,30/09/2026,2D Phụ Đề Anh,12:20,"Tôi đã có cơ hội tham gia xem suất chiếu TRẠI BUÔN NGƯỜI tại CGV Hùng Vương Plaza vào ngày 30/09/2026. Phim được chiếu trong định dạng 2D Phụ Đề Anh với giờ chiếu 12:20. trải nghiệm xem phim tại rạp là một trải nghiệm tuyệt vời, với chất lượng hình ảnh và âm thanh rõ ràng. Tôi đã được tận hưởng bộ phim này với khán giả đông đảo và tích cực."
TRẠI BUÔN NGƯỜI,CGV Hùng Vương Plaza,30/09/2026,2D Phụ Đề Anh,13:10,"Ngày 30/09/2026, rạp CGV Hùng Vương Plaza trở thành địa điểm chiếu rạp đầu tiên để trải nghiệm movie TRẠI BUÔN NGƯỜI. Với định dạng 2D Phụ Đề Anh và giờ chiếu 13:10, khán giả có cơ hội tận hưởng những khoảnh khắc tuyệt vời trong bộ phim này. Hãy đến và khám phá thế giới mới mẻ, đầy bất ngờ trong movie TRẠI BUÔN NGƯỜI!"
TRẠI BUÔN NGƯỜI,CGV Hùng Vương Plaza,30/09/2026,2D Phụ Đề Anh,13:40,"Tôi vừa có cơ hội xem suất chiếu đầu tiên của bộ phim TRẠI BUÔN NGƯỜI tại rạp CGV Hùng Vương Plaza và thật tuyệt vời. Ngày chiếu 30/09/2026 đã mang đến không gian rạp trở nên sôi động và nóng bỏng. Tôi đã có trải nghiệm tuyệt vời với bộ phim này, được chiếu ở định dạng 2D Phụ Đề Anh và giờ 13:40."
TRẠI BUÔN NGƯỜI,CGV Hùng Vương Plaza,30/09/2026,2D Phụ Đề Anh | Rạp GOLD CLASS,14:10,"Hôm nay, tôi có cơ hội được trải nghiệm suất chiếu ""TRẠI BUÔN NGƯỜI"" tại rạp chiếu CGV Hùng Vương Plaza. Khi bước vào rạp, tôi đã được trang bị một bộ phụ đề Anh hỗ trợ và thưởng thức bộ phim 2D trong một trải nghiệm tuyệt vời. Phim được chiếu vào đúng thời điểm 14:10, tạo nên một không gian riêng tư và tập trung cho khán giả. Mỗi khung hình đều mang đến một cảm giác mới mẻ và hấp dẫn, làm cho tôi không thể rời mắt khỏi màn ảnh."
TRẠI BUÔN NGƯỜI,CGV Hùng Vương Plaza,30/09/2026,2D Phụ Đề Anh,14:40,"Tôi đã có cơ hội được tận hưởng suất chiếu ""TRẠI BUÔN NGƯỜI"" tại rạp chiếu CGV Hùng Vương Plaza vào ngày 30/09/2026. Sout chiếu được chiếu với định dạng 2D Phụ Đề Anh và thời gian chiếu là 14:40. Với trải nghiệm chân thực và hấp dẫn, suất chiếu này đã mang đến cho tôi một trải nghiệm phim tuyệt vời."
TRẠI BUÔN NGƯỜI,CGV Hùng Vương Plaza,30/09/2026,4DX2D Phụ Đề Anh | Rạp 4DX,15:20,"Trong rạp chiếu CGV Hùng Vương Plaza, ngày 30/09/2026, khán giả đã trải qua một trải nghiệm độc đáo khi xem suất chiếu TRẠI BUÔN NGƯỜI. Với định dạng 4DX2D và phụ đề Anh, không gian chiếu phim đã được biến đổi thành một thế giới mới, mang đến cảm giác sống động và chân thực. Khi khán giả bước vào rạp, họ đã được chào đón bởi một không gian tối giản nhưng hiện đại, với màn hình lớn và hệ thống âm thanh tiên tiến. Trong khi đó, sự kết hợp của 4DX và 2D đã tạo nên một trải nghiệm chiếu phim hoàn toàn mới, mang đến cảm giác như mình đang trở thành phần của bộ phim."
TRẠI BUÔN NGƯỜI,CGV Hùng Vương Plaza,30/09/2026,2D Phụ Đề Anh,15:50,"Hôm nay, tôi đã có cơ hội được trải nghiệm suất chiếu phim TRẠI BUÔN NGƯỜI tại rạp CGV Hùng Vương Plaza. Phim được chiếu với định dạng 2D Phụ Đề Anh và giờ chiếu là 15:50. Khi vào rạp, không khí đã được tạo ra một bầu không khí sôi động và hào hứng. Tôi đã được tận hưởng bộ phim này cùng với hàng nghìn khán giả khác, tạo nên một trải nghiệm thú vị và không quên."
TRẠI BUÔN NGƯỜI,CGV Hùng Vương Plaza,30/09/2026,2D Phụ Đề Anh,16:20,"Ngày 30/09/2026, rạp CGV Hùng Vương Plaza chào đón khán giả đến xem suất chiếu TRẠI BUÔN NGƯỜI. Trong đó, bạn có thể tận hưởng bộ phim này tại rạp với định dạng 2D Phụ Đề Anh và giờ chiếu là 16:20. Đây là cơ hội tuyệt vời để trải nghiệm phim mới này tại một địa điểm hiện đại."
TRẠI BUÔN NGƯỜI,CGV Hùng Vương Plaza,30/09/2026,2D Phụ Đề Anh | Rạp GOLD CLASS,16:50,"Thật tuyệt vời khi được trải nghiệm suất chiếu phim TRẠI BUÔN NGƯỜI tại rạp CGV Hùng Vương Plaza vào ngày 30/09/2026! Phim được chiếu với định dạng 2D Phụ Đề Anh và được xem ở rạp GOLD CLASS. Phim bắt đầu chiếu vào lúc 16:50, mang đến cho khán giả một trải nghiệm hấp dẫn và thú vị."
TRẠI BUÔN NGƯỜI,CGV Hùng Vương Plaza,30/09/2026,2D Phụ Đề Anh,17:20,"Hôm nay, tôi đã có cơ hội trải nghiệm suất chiếu ""TRẠI BUÔN NGƯỜI"" tại CGV Hùng Vương Plaza vào ngày 30/09/2026. Tôi đã chọn ghế ngồi 17:20 và cảm nhận được không khí sôi động trong rạp chiếu. Phụ đề 2D Anh của phim đã tạo nên một không gian độc đáo và hấp dẫn, giúp tôi tận hưởng từng khoảnh khắc trong bộ phim."
TRẠI BUÔN NGƯỜI,CGV Hùng Vương Plaza,30/09/2026,4DX2D Phụ Đề Anh | Rạp 4DX,18:00,"Tôi đã có cơ hội được trải nghiệm suất chiếu TRẠI BUÔN NGƯỜI tại rạp CGV Hùng Vương Plaza vào ngày 30/09/2026. Phim được chiếu với định dạng 4DX2D và phụ đề Anh, tạo nên một trải nghiệm độc đáo và hấp dẫn. Tôi đã được ngồi vào ghế 4DX2D và được đưa vào thế giới phim ngay từ đầu, cùng với đó là phụ đề tiếng Anh giúp tôi hiểu rõ hơn về nội dung phim. Giờ chiếu là 18:00, tôi đã có một trải nghiệm xem phim tuyệt vời và được đắm chìm trong thế giới phim."
TRẠI BUÔN NGƯỜI,CGV Hùng Vương Plaza,30/09/2026,2D Phụ Đề Anh,18:30,"Tôi vừa có cơ hội trải nghiệm suất chiếu TRẠI BUÔN NGƯỜI tại CGV Hùng Vương Plaza. Phim được chiếu với định dạng 2D Phụ Đề Anh và giờ chiếu là 18:30. Mặc dù chỉ là một đêm chiếu, nhưng đã mang lại cho tôi một trải nghiệm thú vị và đầy hấp dẫn."
TRẠI BUÔN NGƯỜI,CGV Hùng Vương Plaza,30/09/2026,2D Phụ Đề Anh,19:00,"Hôm nay, tôi đã có cơ hội trải nghiệm suất chiếu ""TRẠI BUÔN NGƯỜI"" tại rạp chiếu CGV Hùng Vương Plaza. Phim được chiếu vào ngày 30/09/2026 với định dạng 2D Phụ Đề Anh và giờ chiếu là 19:00. Tôi đã dành thời gian để xem phim và cảm nhận được sự hấp dẫn của nó, đồng thời trải nghiệm không gian rạp chiếu hiện đại."
TRẠI BUÔN NGƯỜI,CGV Hùng Vương Plaza,30/09/2026,2D Phụ Đề Anh | Rạp GOLD CLASS,19:30,"Tôi đã có cơ hội trải nghiệm suất chiếu TRẠI BUÔN NGƯỜI tại rạp CGV Hùng Vương Plaza vào ngày 30/09/2026. Phim được chiếu trong định dạng 2D Phụ Đề Anh với chất lượng cao và thiết kế rạp chiếu ấn tượng. Việc xem phim tại rạp GOLD CLASS đã mang đến một trải nghiệm độc đáo và thú vị, với giờ chiếu là 19:30."
TRẠI BUÔN NGƯỜI,CGV Hùng Vương Plaza,30/09/2026,2D Phụ Đề Anh,20:30,"Hôm nay, tôi đã được trải nghiệm một đêm chiếu phim tuyệt vời tại rạp CGV Hùng Vương Plaza. Phim TRẠI BUÔN NGƯỜI đã được chiếu vào ngày 30/09/2026 với thời gian khởi chiếu là 20:30. Tôi đã chọn định dạng 2D Phụ Đề Anh, tạo nên một không gian giải trí riêng biệt và thú vị. Đây là một trải nghiệm đáng nhớ, cho tôi cảm giác hứng khởi và vui vẻ."
TRẠI BUÔN NGƯỜI,CGV Hùng Vương Plaza,30/09/2026,2D Phụ Đề Anh,20:50,"Hôm nay, tôi đã có cơ hội được trải nghiệm suất chiếu TRẠI BUÔN NGƯỜI tại rạp CGV Hùng Vương Plaza. Phim được chiếu với định dạng 2D Phụ Đề Anh và bắt đầu từ 20:50. Mặc dù không được biết thêm thông tin về nội dung phim, nhưng tôi đã có một trải nghiệm thú vị và hấp dẫn khi xem phim này tại rạp chiếu."
TRẠI BUÔN NGƯỜI,CGV Hùng Vương Plaza,30/09/2026,2D Phụ Đề Anh,21:10,"Vào ngày 30/09/2026, tôi đã có cơ hội xem suất chiếu ""TRẠI BUÔN NGƯỜI"" tại rạp chiếu CGV Hùng Vương Plaza. Phim được chiếu trong định dạng 2D Phụ Đề Anh và có thời gian chiếu là 21:10. Tôi đã có trải nghiệm thú vị và được tận hưởng bộ phim này ở rạp chiếu lớn."
TRẠI BUÔN NGƯỜI,CGV Hùng Vương Plaza,30/09/2026,2D Phụ Đề Anh,21:40,"Hôm nay, 30/09/2026, tôi đã có cơ hội trải nghiệm suất chiếu đặc biệt tại CGV Hùng Vương Plaza với bộ phim TRẠI BUÔN NGƯỜI. Phim được chiếu trong định dạng 2D Phụ Đề Anh và giờ chiếu là 21:40. Mỗi khoảnh khắc trong phim đã mang đến cho tôi một trải nghiệm độc đáo và hấp dẫn."
TRẠI BUÔN NGƯỜI,CGV Hùng Vương Plaza,30/09/2026,2D Phụ Đề Anh | Rạp GOLD CLASS,22:10,"Tôi đã có dịp được trải nghiệm suất chiếu ""TRẠI BUÔN NGƯỜI"" tại rạp CGV Hùng Vương Plaza vào ngày 30/09/2026. Giờ chiếu là 22:10 và định dạng là 2D Phụ Đề Anh | Rạp GOLD CLASS. Trong suốt thời gian xem phim, không khí trong rạp rất hưng phấn và các khán giả đều được tận hưởng cảm giác hứng khởi từ bộ phim này."
VÙNG ĐẤT QUỶ DỮ,CGV Hùng Vương Plaza,30/09/2026,2D Phụ Đề Việt,08:50,"Hôm nay, tôi đã có cơ hội trải nghiệm suất chiếu phim VÙNG ĐẤT QUỶ DỮ tại CGV Hùng Vương Plaza. Khi bước vào rạp chiếu, tôi đã được tiếp đón bởi không gian rộng rãi và trang thiết bị hiện đại. Sau khi mua vé, tôi đã được ngồi thoải mái trong ghế và chờ đợi cho đến thời điểm chiếu phim. Vào giờ chiếu 08:50, phim đã bắt đầu và tôi đã được cuốn hút bởi những khoảnh khắc phiêu lưu và hành động thú vị. Sau khi xem xong, tôi đã cảm thấy tĩnh lặng và hài lòng sau một trải nghiệm thú vị."
VÙNG ĐẤT QUỶ DỮ,CGV Hùng Vương Plaza,30/09/2026,SCREENX-2D Phụ Đề Việt | Rạp SCREENX,22:00,"Tôi vừa có cơ hội xem suất chiếu ""VÙNG ĐẤT QUỶ DỮ"" tại rạp CGV Hùng Vương Plaza và đó là một trải nghiệm không thể quên. Phim được chiếu trên màn ảnh SCREENX-2D Phụ Đề Việt với thời gian chiếu là 22:00, tạo nên một không gian riêng biệt và immersive. Mặc dù chỉ xem một bộ phim, nhưng tôi đã cảm nhận được sự rúng động và sâu sắc từ từng khung hình."
ÚT LAN 2,CGV Hùng Vương Plaza,30/09/2026,2D Phụ Đề Anh | Rạp GOLD CLASS,09:00,"Tôi vừa có cơ hội xem suất chiếu ""ÚT LAN 2"" tại rạp CGV Hùng Vương Plaza và đây là một trải nghiệm tuyệt vời! Phim được chiếu vào ngày 30/09/2026 với định dạng 2D Phụ Đề Anh | Rạp GOLD CLASS, đánh dấu một sự kiện thú vị. Khi tới rạp vào buổi sáng với giờ chiếu là 09:00, không khí trong rạp đã được tạo nên một cách ấm áp và thân thiện. Tôi có thể cảm nhận được sự hào hứng của khán giả trong không gian rộng rãi và hiện đại của rạp."
ÚT LAN 2,CGV Hùng Vương Plaza,30/09/2026,2D Phụ Đề Anh,12:40,"Ngày 30/9/2026, rạp chiếu CGV Hùng Vương Plaza chính thức chào đón khán giả đến xem phim ÚT LAN 2 trong phiên chiếu đầu tiên tại Việt Nam. Phim được phát hành dưới định dạng 2D Phụ Đề Anh với thời gian chiếu là 12:40. Nếu bạn là người yêu thích phim ÚT LAN 2, đừng bỏ lỡ cơ hội tận hưởng trải nghiệm chiếu phim tại CGV Hùng Vương Plaza này."
ÚT LAN 2,CGV Hùng Vương Plaza,30/09/2026,2D Phụ Đề Anh,23:10,"Tôi đã có dịp đến rạp chiếu ÚT LAN 2 tại CGV Hùng Vương Plaza vào ngày 30/09/2026. Phim được chiếu với định dạng 2D Phụ Đề Anh và giờ chiếu là 23:10. Trong khi chờ đợi, không khí trong rạp dần sôi sục và tôi sẵn sàng để cùng nhau trải nghiệm một bộ phim hấp dẫn."
AVENGERS: HỒI KẾT - PHIÊN BẢN ĐẶC BIỆT (CHIẾU LẠI),CGV Thảo Điền Pearl,01/10/2026,2D Phụ Đề Việt,09:40,"Tôi vừa có cơ hội xem suất chiếu ""AVENGERS: HỒI KẾT - PHIÊN BẢN ĐẶC BIỆT"" tại rạp chiếu CGV Thảo Điền Pearl vào ngày 01/10/2026. Tôi đã mua vé cho buổi chiếu 09:40 và trải nghiệm được chất lượng màn ảnh phỏng vịnh. Phụ đề tiếng Việt được chiếu đúng chuẩn, mang đến trải nghiệm đầy đủ cho cả khán giả Việt. Màn ảnh 2D được thiết kế tinh tế, tạo nên không gian rộng rãi và hấp dẫn. Buổi chiếu này đã tạo ra những khoảnh khắc đầy phấn khích và hứng thú."
AVENGERS: HỒI KẾT - PHIÊN BẢN ĐẶC BIỆT (CHIẾU LẠI),CGV Thảo Điền Pearl,01/10/2026,2D Phụ Đề Việt,13:15,"Hôm nay, tôi đã được fortunate khi được xem suất chiếu AVENGERS: HỒI KẾT - PHIÊN BẢN ĐẶC BIỆT tại rạp chiếu CGV Thảo Điền Pearl. Phim được chiếu với định dạng 2D Phụ Đề Việt và bắt đầu từ 13h15. Mặc dù không có nhiều thông tin về nội dung phim, nhưng tôi đã có thể tận hưởng trải nghiệm xem phim này."
AVENGERS: HỒI KẾT - PHIÊN BẢN ĐẶC BIỆT (CHIẾU LẠI),CGV Thảo Điền Pearl,01/10/2026,2D Phụ Đề Việt,16:50,"Hôm nay, tôi đã có cơ hội được đến rạp chiếu tại CGV Thảo Điền Pearl để xem phim AVENGERS: HỒI KẾT - PHIÊN BẢN ĐẶC BIỆT. Phim được chiếu vào ngày 01/10/2026 với giờ chiếu 16:50. Tôi đã có trải nghiệm tuyệt vời khi xem phim với định dạng 2D Phụ Đề Việt, mang đến cho tôi một trải nghiệm xem phim độc đáo."
AVENGERS: HỒI KẾT - PHIÊN BẢN ĐẶC BIỆT (CHIẾU LẠI),CGV Thảo Điền Pearl,01/10/2026,2D Phụ Đề Việt,20:30,"Hôm nay, tôi đã được tận hưởng suất chiếu AVENGERS: HỒI KẾT - PHIÊN BẢN ĐẶC BIỆT tại rạp chiếu CGV Thảo Điền Pearl. Phim chiếu rạp vào lúc 20:30, tạo không khí sôi động và hứng thú cho khán giả. Với định dạng 2D Phụ Đề Việt, trải nghiệm xem phim trở nên đầy đủ và thú vị."
BÁT TIÊN ! TRUY TÌM LƯU LY ĐĂNG,CGV Thảo Điền Pearl,01/10/2026,2D Phụ Đề Anh & Việt,11:45,Tôi vừa đặt vé xem phim BÁT TIÊN ! TRUY TÌM LƯU LY ĐĂNG tại CGV Thảo Điền Pearl vào ngày 01/10/2026. Phim được chiếu với định dạng 2D Phụ Đề Anh & Việt và sẽ bắt đầu chiếu tại rạp vào thời điểm 11:45. Tôi rất mong chờ đến trải nghiệm xem phim này!
BÁT TIÊN ! TRUY TÌM LƯU LY ĐĂNG,CGV Thảo Điền Pearl,01/10/2026,2D Phụ Đề Anh & Việt,19:00,"Hôm nay, tôi đã có cơ hội trải nghiệm suất chiếu ""BÁT TIÊN ! TRUY TÌM LƯU LY ĐĂNG"" tại rạp chiếu CGV Thảo Điền Pearl. Thông tin lịch chiếu cho thấy phim sẽ được chiếu vào ngày 01/10/2026 với thời gian 19:00. Phim có định dạng 2D Phụ Đề Anh & Việt, hứa hẹn sẽ mang đến một trải nghiệm thú vị cho khán giả."
HÒN ĐẢO QUÊN LÃNG,CGV Thảo Điền Pearl,01/10/2026,2D Phụ Đề Việt,10:30,"Tôi vừa có cơ hội xem suất chiếu đầu tiên của bộ phim Hòn Đảo Quên Läng tại rạp CGV Thảo Điền Pearl và thật tuyệt vời! Ngày chiếu 01/10/2026 đã đến, tôi đã đến cũng và không tiếc. Phim được chiếu định dạng 2D Phụ Đề Việt, tạo nên một trải nghiệm đặc biệt cho khán giả. Giờ chiếu 10:30 đã phù hợp cho tôi, tôi có thể tận hưởng bộ phim mà không cảm thấy quá ồn ào hay quá yên tĩnh."
HÒN ĐẢO QUÊN LÃNG,CGV Thảo Điền Pearl,01/10/2026,2D Lồng Tiếng Việt,14:40,"Tôi vừa có cơ hội xem suất chiếu phim HÒN ĐẢO QUÊN LÃNG tại rạp chiếu CGV Thảo Điền Pearl vào ngày 01/10/2026. Phim được định dạng 2D và lồng tiếng Việt, giúp trải nghiệm xem phim trở nên gần gũi và dễ hiểu hơn. Phim bắt đầu chiếu vào giờ 14:40, tôi đã dành thời gian để tận hưởng từng khoảnh khắc của bộ phim."
HÒN ĐẢO QUÊN LÃNG,CGV Thảo Điền Pearl,01/10/2026,2D Phụ Đề Việt,20:00,"Hôm nay, tôi đã có cơ hội đến rạp chiếu CGV Thảo Điền Pearl để xem suất chiếu ""HÒN ĐẢO QUÊN LÃNG"". Phim được chiếu với định dạng 2D Phụ Đề Việt và giờ chiếu là 20:00. Tôi đã được trải nghiệm một sự giải trí thú vị và độc đáo, với không gian rạp chiếu ấm cúng và màn hình lớn. Phim đã mang lại cho tôi những khoảnh khắc tuyệt vời, tạo nên một trải nghiệm đáng nhớ."
LAPUTA: LÂU ĐÀI TRÊN KHÔNG,CGV Thảo Điền Pearl,01/10/2026,2D Phụ Đề Việt,12:50,"Hôm nay, tôi đã có dịp được trải nghiệm suất chiếu phim LAPUTA: LÂU ĐÀI TRÊN KHÔNG tại CGV Thảo Điền Pearl. Phim được chiếu với định dạng 2D Phụ Đề Việt và bắt đầu ở giờ 12:50. Mặc dù chưa có nhiều thông tin về nội dung phim, nhưng tôi đã cảm thấy hấp dẫn và muốn tìm hiểu thêm về câu chuyện này. Tất nhiên, tôi vẫn chưa có trải nghiệm thực sự về phim, nhưng hy vọng rằng suất chiếu này sẽ mang lại cho tôi những khoảnh khắc thú vị và đáng nhớ."
LAPUTA: LÂU ĐÀI TRÊN KHÔNG,CGV Thảo Điền Pearl,01/10/2026,2D Phụ Đề Việt,17:30,"Tôi vừa có dịp được đón chào bộ phim LAPUTA: LÂU ĐÀI TRÊN KHÔNG tại rạp chiếu CGV Thảo Điền Pearl và tôi thật sự không thể bỏ lỡ trải nghiệm này. Bộ phim được chiếu trong định dạng 2D Phụ Đề Việt và thời gian chiếu là 17:30, khiến cho tôi cảm thấy hứng thú và sẵn sàng để đón chào hành trình phiêu lưu này."
LÊN HƯƠNG,CGV Thảo Điền Pearl,01/10/2026,2D Phụ Đề Anh,09:50,"Tôi vừa có cơ hội xem suất chiếu LÊN HƯƠNG tại rạp CGV Thảo Điền Pearl vào ngày 01/10/2026, thời gian 09:50. Với định dạng 2D Phụ Đề Anh, trải nghiệm chiếu phim này mang đến cho tôi một không gian màn ảnh rộng rãi và rõ ràng. Giờ chiếu này phù hợp để tận hưởng bộ phim mà không bị ảnh hưởng bởi đèn rạp. Overall, trải nghiệm xem suất chiếu này thật tuyệt vời!"
LÊN HƯƠNG,CGV Thảo Điền Pearl,01/10/2026,2D Phụ Đề Anh,21:50,"Ngày 01/10/2026, tại rạp chiếu CGV Thảo Điền Pearl, khán giả đã có cơ hội trải nghiệm sự phấn khích khi xem LÊN HƯƠNG trên màn lớn. Phim được chiếu với định dạng 2D Phụ Đề Anh và giờ chiếu 21:50, mang đến một không gian giải trí độc đáo và gần gũi. Màn chiếu được tổ chức một cách khéo léo, giúp khán giả fully immersion vào thế giới phim."
MARNIE YÊU DẤU,CGV Thảo Điền Pearl,01/10/2026,2D Phụ Đề Việt,15:20,"Hôm nay, tôi đã có cơ hội đến rạp chiếu CGV Thảo Điền Pearl để xem suất chiếu mới nhất của phim ""MARNIE YÊU DẤU"" với định dạng 2D Phụ Đề Việt. Phim đã được chiếu vào ngày 01/10/2026, và tôi đã được đến xem buổi chiếu vào lúc 15:20. Trải nghiệm xem phim tại rạp chiếu này thật tuyệt vời, với không gian thoải mái và âm thanh rõ ràng. Tôi đã tận hưởng từng khoảnh khắc của bộ phim và hy vọng sẽ có nhiều cơ hội đến xem lại trong tương lai."
PHÁO HOA LÚC BÌNH MINH,CGV Thảo Điền Pearl,01/10/2026,2D Phụ Đề Anh & Việt,22:20,"Tôi vừa có thể tới rạp CGV Thảo Điền Pearl để xem phim PHÁO HOA LÚC BÌNH MINH và trải nghiệm thời gian chiếu 22:20 vào ngày 01/10/2026. Phim được chiếu trong định dạng 2D với phụ đề tiếng Anh và tiếng Việt, mang đến trải nghiệm xem phim đa ngôn ngữ. Tôi đã có thời gian tận hưởng bộ phim này tại rạp chiếu gần nơi tôi sống."
TRẠI BUÔN NGƯỜI,CGV Thảo Điền Pearl,01/10/2026,2D Phụ Đề Anh,16:40,"Tôi đã có cơ hội trải nghiệm suất chiếu TRẠI BUÔN NGƯỜI tại rạp chiếu CGV Thảo Điền Pearl vào ngày 01/10/2026. Khi bước vào rạp, tôi đã được tận hưởng một trải nghiệm phim 2D phụ đề Anh với thời gian chiếu là 16:40. Phim đã mang đến cho tôi một khoảng thời gian giải trí thú vị và thú vị."
TRẠI BUÔN NGƯỜI,CGV Thảo Điền Pearl,01/10/2026,2D Phụ Đề Anh,19:20,"Tham dự suất chiếu TRẠI BUÔN NGƯỜI tại rạp chiếu CGV Thảo Điền Pearl đã là một trải nghiệm tuyệt vời. Với định dạng 2D Phụ Đề Anh và giờ chiếu 19:20, tôi đã được trải nghiệm một cách immersive và chân thực. Thông tin lịch chiếu chính xác và chi tiết đã giúp tôi có kế hoạch chiếu phim một cách chính xác. Tôi rất thích cảm giác hứng khởi và hào hứng khi chuẩn bị cho một đêm chiếu phim tuyệt vời."
TRẠI BUÔN NGƯỜI,CGV Thảo Điền Pearl,01/10/2026,2D Phụ Đề Anh,22:00,"Vào ngày 01/10/2026, tôi đã có cơ hội trải nghiệm suất chiếu ""TRẠI BUÔN NGƯỜI"" tại rạp chiếu CGV Thảo Điền Pearl. Thông qua màn hình 2D Phụ Đề Anh, tôi đã được chinh phục bởi một thế giới đầy màu sắc và đầy bí ẩn. Thời gian 22:00 tại rạp chiếu tạo nên một không gian yên tĩnh và tập trung, hoàn hảo cho trải nghiệm xem phim."
VÙNG ĐẤT QUỶ DỮ,CGV Thảo Điền Pearl,01/10/2026,2D Phụ Đề Việt,09:20,"Tôi đã có cơ hội trải nghiệm và xem suất chiếu ""VÙNG ĐẤT QUỶ DỮ"" tại rạp chiếu CGV Thảo Điền Pearl vào ngày 01/10/2026. Phim được chiếu với định dạng 2D Phụ Đề Việt và giờ chiếu là 09:20, tạo không gian yên tĩnh và thân mật cho khán giả. Việc xem phim tại rạp với thiết kế hiện đại và dịch vụ tốt đã tạo nên một trải nghiệm tuyệt vời."
VÙNG ĐẤT QUỶ DỮ,CGV Thảo Điền Pearl,01/10/2026,2D Phụ Đề Việt,12:20,"Tôi đã có cơ hội được trải nghiệm suất chiếu ""VÙNG ĐẤT QUỶ DỮ"" tại rạp chiếu CGV Thảo Điền Pearl vào ngày 01/10/2026. Phim được chiếu dưới định dạng 2D Phụ Đề Việt với giờ chiếu là 12:20. Trong suốt khoảng thời gian chiếu, tôi cảm nhận được sự hấp dẫn và thu hút từ các hình ảnh và âm thanh được trình diễn. Quan sát khán giả xung quanh, họ đều có vẻ rất ngạc nhiên và bất ngờ trước các cảnh phim. Tất cả đều đang nồng nhiệt khi cười và hét hò. Tôi cảm thấy phim đã tạo ra một bầu không khí tích cực và thú vị cho khán giả."
VÙNG ĐẤT QUỶ DỮ,CGV Thảo Điền Pearl,01/10/2026,2D Phụ Đề Việt,14:20,"Tôi đã có dịp trải nghiệm suất chiếu ""VÙNG ĐẤT QUỶ DỮ"" tại rạp chiếu CGV Thảo Điền Pearl vào ngày 01/10/2026. Sự kiện này đã mang đến cho tôi một trải nghiệm tuyệt vời với định dạng 2D Phụ Đề Việt. Phim đã chiếu vào giờ 14:20, tạo không gian yên tĩnh và phù hợp cho sự giải trí. Không khí trong rạp đã ấm áp và thân thiện, tạo điều kiện cho khán giả dễ dàng tận hưởng bộ phim."
VÙNG ĐẤT QUỶ DỮ,CGV Thảo Điền Pearl,01/10/2026,2D Phụ Đề Việt,17:00,"Tôi đã có dịp xem suất chiếu ""VÙNG ĐẤT QUỶ DỮ"" tại rạp chiếu CGV Thảo Điền Pearl vào ngày 01/10/2026. Đây là một trải nghiệm tuyệt vời với định dạng 2D Phụ Đề Việt và giờ chiếu 17:00. Tôi đã được hòa mình vào thế giới phim và tận hưởng cảm xúc sâu sắc. Môi trường rạp chiếu yên tĩnh và ấm cúng đã tạo nên một không gian phù hợp cho việc thưởng thức bộ phim."
VÙNG ĐẤT QUỶ DỮ,CGV Thảo Điền Pearl,01/10/2026,2D Phụ Đề Việt,18:40,"Hôm nay, tôi đã có cơ hội trải nghiệm suất chiếu ""VÙNG ĐẤT QUỶ DỮ"" tại rạp chiếu CGV Thảo Điền Pearl. Phim được chiếu với định dạng 2D Phụ Đề Việt và giờ chiếu là 18:40. Tôi đã được tận hưởng không khí sôi động và thú vị tại suất chiếu này."
VÙNG ĐẤT QUỶ DỮ,CGV Thảo Điền Pearl,01/10/2026,2D Phụ Đề Việt,20:40,"Tôi vừa có thể xem suất chiếu ""VÙNG ĐẤT QUỶ DỮ"" tại rạp chiếu CGV Thảo Điền Pearl vào ngày 01/10/2026. Sự kiện này đã mang đến cho tôi trải nghiệm thú vị và độc đáo. Phim được chiếu với định dạng 2D Phụ Đề Việt và giờ chiếu là 20:40. Đây là một sự kiện giải trí tuyệt vời mà tôi không thể bỏ qua."
VÙNG ĐẤT QUỶ DỮ,CGV Thảo Điền Pearl,01/10/2026,2D Phụ Đề Việt,22:40,"Hôm nay, tôi đã có cơ hội xem suất chiếu ""VÙNG ĐẤT QUỶ DỮ"" tại rạp chiếu CGV Thảo Điền Pearl. Phim đã được chiếu dưới định dạng 2D Phụ Đề Việt và bắt đầu từ giờ 22:40. Trải nghiệm xem phim rất tuyệt vời, tôi đã cảm nhận được không khí sôi động và hứng thú ngay từ đầu."
ÚT LAN 2,CGV Thảo Điền Pearl,01/10/2026,2D Phụ Đề Anh,09:30,"Tôi vừa đặt vé xem phim ÚT LAN 2 tại rạp chiếu CGV Thảo Điền Pearl vào ngày 01/10/2026. Phim sẽ được chiếu tại rạp vào giờ 09:30, với định dạng 2D Phụ Đề Anh. Chúng tôi đang rất phấn khích và mong chờ trải nghiệm xem phim này tại đây."
ÚT LAN 2,CGV Thảo Điền Pearl,01/10/2026,2D Phụ Đề Anh,16:20,"Tôi đã có cơ hội tham gia xem suất chiếu ""ÚT LAN 2"" tại rạp chiếu CGV Thảo Điền Pearl vào ngày 01/10/2026. Trong đêm chiếu, màn ảnh được trang trí theo định dạng 2D Phụ Đề Anh, tạo nên một không khí đặc biệt và hấp dẫn. Tôi đã chọn ghế ở vị trí thích hợp để tận hưởng toàn bộ trải nghiệm chiếu phim. Màn chiếu bắt đầu vào giờ 16:20, tôi đã sẵn sàng để bị thu hút bởi câu chuyện và hình ảnh trên màn hình."
TRÁI TIM QUÁI THÚ,CGV Thảo Điền Pearl,02/10/2026,2D Phụ Đề Việt,10:20,"Hôm nay, tôi đã có cơ hội xem suất chiếu ""TRÁI TIM QUÁ THÚ"" tại rạp chiếu CGV Thảo Điền Pearl. Phim được chiếu theo định dạng 2D Phụ Đề Việt và bắt đầu ở giờ 10:20. Mặc dù chưa trải nghiệm thực tế, nhưng dựa trên thông tin lịch chiếu, tôi mong đợi sẽ được trải nghiệm một bộ phim hấp dẫn cùng nhiều khán giả khác."
TRÁI TIM QUÁI THÚ,CGV Thảo Điền Pearl,02/10/2026,2D Phụ Đề Việt,12:30,"Hôm nay, tôi đã có cơ hội được trải nghiệm suất chiếu ""TRÁI TIM QUÁI THÚ"" tại rạp chiếu CGV Thảo Điền Pearl. Phim được chiếu với định dạng 2D Phụ Đề Việt và giờ chiếu là 12:30. Không khí rạp chiếu được thiết kế ấm cúng và tiện nghi, tạo cảm giác thoải mái cho khán giả. Sự xuất hiện của phim đã khiến màn ảnh trở nên sống động và thu hút mọi người. Tôi đã có một trải nghiệm tuyệt vời với suất chiếu này."
TRÁI TIM QUÁI THÚ,CGV Thảo Điền Pearl,02/10/2026,2D Phụ Đề Việt,14:40,"Tôi đã có cơ hội được chiếu phim TRÁI TIM QUÁI THÚ tại rạp chiếu CGV Thảo Điền Pearl vào ngày 02/10/2026. Phim được chiếu với định dạng 2D Phụ Đề Việt và giờ chiếu là 14:40. Mở đầu một chiều sâu trầm cảm, phim đưa khán giả vào thế giới đầy rẫy thử thách và cảm xúc sâu sắc. Với trải nghiệm đầy cảm xúc, tôi cảm thấy mình đã được khơi gợi những suy nghĩ và cảm xúc sâu sắc."
TRÁI TIM QUÁI THÚ,CGV Thảo Điền Pearl,02/10/2026,2D Phụ Đề Việt,16:50,"Tôi vừa được mời đến xem phim TRÁI TIM QUÁ THÚ tại rạp chiếu CGV Thảo Điền Pearl vào ngày 02/10/2026 và nó là một trải nghiệm tuyệt vời. Với định dạng 2D Phụ Đề Việt và giờ chiếu 16:50, tôi đã có một trải nghiệm phim tuyệt vời tại CGV Thảo Điền Pearl."
TRÁI TIM QUÁI THÚ,CGV Thảo Điền Pearl,02/10/2026,2D Phụ Đề Việt,19:00,"Trong đêm 02/10/2026, rạp CGV Thảo Điền Pearl trở thành địa điểm không thể bỏ qua để trải nghiệm suất chiếu TRÁI TIM QUÁ THÚ. Với định dạng 2D Phụ Đề Việt và giờ chiếu 19:00, khán giả được tận hưởng trải nghiệm chiếu phim độc đáo và được yêu thích. Bàn ghế rạp được thiết kế thoải mái, tạo không gian thư giãn cho khán giả trong suốt quá trình chiếu phim. Đây là một sự kiện đáng nhớ để những người yêu phim không thể bỏ qua."
TRÁI TIM QUÁI THÚ,CGV Thảo Điền Pearl,02/10/2026,2D Phụ Đề Việt,21:10,"Hôm nay, tôi có cơ hội được trải nghiệm suất chiếu phim TRÁI TIM QUÁ THÚ tại rạp chiếu CGV Thảo Điền Pearl. Khi bước vào rạp, tôi đã được trải nghiệm một không gian thoải mái và hiện đại. Phim được chiếu với định dạng 2D Phụ Đề Việt và thời gian chiếu là 21:10, tạo cảm giác đầy đủ và hấp dẫn. Mọi thứ đã được chuẩn bị kỹ lưỡng để mang đến một trải nghiệm chiếu phim tuyệt vời cho khán giả."
TRÁI TIM QUÁI THÚ,CGV Thảo Điền Pearl,02/10/2026,2D Phụ Đề Việt,23:20,"Tôi vừa đặt vé xem phim TRÁI TIM QUÁI THÚ tại CGV Thảo Điền Pearl vào ngày 02/10/2026. Trải nghiệm chiếu phim này thật tuyệt vời, được chiếu vào lúc 23:20 trong định dạng 2D Phụ Đề Việt. Tôi sẽ có cơ hội tận hưởng bộ phim này vào buổi tối."
TRẠI BUÔN NGƯỜI,CGV Thảo Điền Pearl,02/10/2026,2D Phụ Đề Anh,10:30,"Tôi vừa xem chiếu suất chiếu ""TRẠI BUÔN NGƯỜI"" tại rạp CGV Thảo Điền Pearl vào ngày 2/10/2026. Phim được chiếu với định dạng 2D Phụ Đề Anh và giờ chiếu 10:30. Trải nghiệm xem phim rất tuyệt vời, với cảnh quay và âm thanh được thiết kế hoàn hảo. Mọi chi tiết đều được xem xét kỹ lưỡng để tạo nên một trải nghiệm hoàn hảo cho khán giả."
TRẠI BUÔN NGƯỜI,CGV Thảo Điền Pearl,02/10/2026,2D Phụ Đề Anh,15:30,"Tôi vừa trải qua một trải nghiệm thú vị khi xem phim TRẠI BUÔN NGƯỜI tại rạp CGV Thảo Điền Pearl. Phim được chiếu vào ngày 02/10/2026 với định dạng 2D Phụ Đề Anh và giờ chiếu là 15:30. Mọi thứ đã được chuẩn bị kỹ lưỡng cho một trải nghiệm giải trí tuyệt vời, từ âm thanh đậm đà cho đến hình ảnh sắc nét. Mỗi giây phút xem phim đều mang lại cho tôi những cảm xúc mới mẻ và thú vị."
TRẠI BUÔN NGƯỜI,CGV Thảo Điền Pearl,02/10/2026,2D Phụ Đề Anh,20:30,"Tôi vừa có trải nghiệm tuyệt vời khi xem suất chiếu ""TRẠI BUÔN NGƯỜI"" tại CGV Thảo Điền Pearl vào ngày 02/10/2026. Phim được chiếu trong định dạng 2D Phụ Đề Anh và bắt đầu tại giờ 20:30. Sự trải nghiệm trong đêm chiếu rất ấn tượng, tạo nên một không gian đầy thăng hoa và thú vị."
ÁN MẠNG KARAOKE,CGV Thảo Điền Pearl,02/10/2026,2D Phụ Đề Anh,13:20,"Hôm nay, tôi đã có cơ hội được tham gia vào một suất chiếu phim 2D Phụ Đề Anh tại rạp chiếu CGV Thảo Điền Pearl với tên phim ÁN MẠNG KARAOKE. Khi đến rạp, tôi đã được chiếu phim vào giờ 13:20 và trải nghiệm một không gian thoải mái để cùng nhau tận hưởng bộ phim."
ÁN MẠNG KARAOKE,CGV Thảo Điền Pearl,02/10/2026,2D Phụ Đề Anh,18:20,"Tôi vừa có trải nghiệm tuyệt vời tại rạp chiếu CGV Thảo Điền Pearl khi xem suất chiếu phim ÁN MẠNG KARAOKE vào ngày 02/10/2026. Đây là một định dạng 2D Phụ Đề Anh hấp dẫn, khiến cho bộ phim trở nên sống động và thu hút. Giờ chiếu 18:20 đã phù hợp cho tôi để tận hưởng từng khoảnh khắc của bộ phim."
ÁN MẠNG KARAOKE,CGV Thảo Điền Pearl,02/10/2026,2D Phụ Đề Anh,23:15,"Hôm nay, tôi đã có cơ hội xem suất chiếu ""ÁN MẠNG KARAOKE"" tại rạp CGV Thảo Điền Pearl. Sau khi nghe tiếng gọi, tôi đã đến rạp và được xem suất chiếu vào lúc 23:15. Đây là một trải nghiệm thú vị, với hình ảnh 2D phụ đề Anh sinh động và phù hợp cho mọi người. Tôi cảm thấy thú vị khi xem film này tại rạp chiếu."
TRÁI TIM QUÁI THÚ,CGV Thảo Điền Pearl,03/10/2026,2D Phụ Đề Việt,10:20,"Tôi đã có cơ hội xem suất chiếu TRÁI TIM QUÁI THÚ tại rạp chiếu CGV Thảo Điền Pearl vào ngày 03/10/2026. Đây là một trải nghiệm tuyệt vời với định dạng 2D Phụ Đề Việt, giúp tôi tận hưởng những khoảnh khắc phim. Giờ chiếu 10:20 đã tạo nên một không gian yên tĩnh và tập trung cho mỗi khán giả."
TRÁI TIM QUÁI THÚ,CGV Thảo Điền Pearl,03/10/2026,2D Phụ Đề Việt,12:30,"Hôm nay, tôi đã được lucky để có cơ hội trải nghiệm suất chiếu TRÁI TIM QUÁI THÚ tại rạp CGV Thảo Điền Pearl. Phim được chiếu theo định dạng 2D Phụ Đề Việt và tôi rất ấn tượng với hình ảnh và âm thanh sống động. Giờ chiếu 12:30 là thời điểm phù hợp để xem phim mà không bị quá nhiều người xung quanh. Tôi rất thích cảm giác được ngồi trong không gian rạp chiếu, cùng nhau tận hưởng không khí thú vị của phim."
TRÁI TIM QUÁI THÚ,CGV Thảo Điền Pearl,03/10/2026,2D Phụ Đề Việt,14:40,"Tôi đã có cơ hội tham gia vào suất chiếu của bộ phim TRÁI TIM QUÁI THÚ tại rạp chiếu CGV Thảo Điền Pearl. Khi bước vào phòng chiếu, tôi được trải nghiệm một trải nghiệm tuyệt vời với phim 2D Phụ Đề Việt được chiếu vào lúc 14:40. Không khí rạp chiếu sôi động và các hình ảnh sinh động trên màn hình đã làm cho tôi cảm thấy như đang ở trong thế giới phim. Đây là một trải nghiệm tuyệt vời không nên bỏ lỡ!"
TRÁI TIM QUÁI THÚ,CGV Thảo Điền Pearl,03/10/2026,2D Phụ Đề Việt,16:50,"Tôi đã có dịp xem suất chiếu TRÁI TIM QUÁI THÚ tại rạp chiếu CGV Thảo Điền Pearl vào ngày 03/10/2026. Phim được chiếu với định dạng 2D Phụ Đề Việt và thời gian chiếu là 16:50. Tôi đã cảm nhận được sự hấp dẫn và sự gắn kết khi xem phim, và trải nghiệm xem phim này thật sự tuyệt vời."
TRÁI TIM QUÁI THÚ,CGV Thảo Điền Pearl,03/10/2026,2D Phụ Đề Việt,19:00,"Tôi vừa có trải nghiệm tuyệt vời tại rạp chiếu CGV Thảo Điền Pearl với bộ phim TRÁI TIM QUÁ THÚ. Phim được chiếu vào ngày 03/10/2026 với giờ chiếu 19:00 và định dạng 2D Phụ Đề Việt. Đây là một lần xem phim ấn tượng, mang đến không gian phim ảnh độc đáo và gần gũi với khán giả. Mọi thứ đều được chuẩn bị cẩn thận để tạo ra một trải nghiệm xem phim đáng nhớ."
TRÁI TIM QUÁI THÚ,CGV Thảo Điền Pearl,03/10/2026,2D Phụ Đề Việt,21:10,"Tôi vừa có dịp được trải nghiệm suất chiếu ""TRÁI TIM QUÁ THÚ"" tại rạp CGV Thảo Điền Pearl vào ngày 03/10/2026. Trong không gian rạp chiếu hiện đại, tôi đã được immers thành công với bộ phim 2D Phụ Đề Việt. Thời điểm 21:10 là lựa chọn hoàn hảo để tận hưởng màn chiếu này, với độ sáng rạp vừa phải để đảm bảo trải nghiệm tốt nhất cho khán giả."
TRÁI TIM QUÁI THÚ,CGV Thảo Điền Pearl,03/10/2026,2D Phụ Đề Việt,23:20,"Hôm 03/10/2026, rạp CGV Thảo Điền Pearl đã chào đón khán giả đến trải nghiệm suất chiếu phim TRÁI TIM QUÁ THÚ bằng hình thức 2D Phụ Đề Việt. Vào giờ chiếu 23:20, không gian rạp đã trở nên sôi động và hào hứng, tạo nên bầu không khí sôi động cho khán giả khi bước vào màn ảnh lớn. Sự kiện này chắc chắn sẽ mang đến cho khán giả một trải nghiệm độc đáo và đáng nhớ."
TRẠI BUÔN NGƯỜI,CGV Thảo Điền Pearl,03/10/2026,2D Phụ Đề Anh,10:30,"Tôi đã có cơ hội xem suất chiếu ""TRẠI BUÔN NGƯỜI"" tại rạp chiếu CGV Thảo Điền Pearl vào ngày 03/10/2026. Đây là một trải nghiệm thú vị với định dạng 2D Phụ Đề Anh và giờ chiếu 10:30. Phim đã mang đến cho khán giả một không gian sống đầy màu sắc và hấp dẫn, khiến cho trải nghiệm xem phim trở nên đặc biệt và đáng nhớ."
TRẠI BUÔN NGƯỜI,CGV Thảo Điền Pearl,03/10/2026,2D Phụ Đề Anh,15:30,"Trong ngày 03/10/2026, rạp CGV Thảo Điền Pearl đã trở thành nơi để khán giả có thể trải nghiệm sự hấp dẫn của bộ phim TRẠI BUÔN NGƯỜI. Với định dạng 2D Phụ Đề Anh và giờ chiếu 15:30, mọi người có thể cùng nhau cảm nhận sự chân thực và hấp dẫn của bộ phim. Trong không gian rộng rãi của rạp chiếu, khán giả đã được chào đón bởi màn ảnh lớn và âm thanh sống động, tạo nên một trải nghiệm tuyệt vời cho buổi chiếu đầu tiên của TRẠI BUÔN NGƯỜI tại đây."
TRẠI BUÔN NGƯỜI,CGV Thảo Điền Pearl,03/10/2026,2D Phụ Đề Anh,20:30,"Hôm nay, tôi đã có cơ hội tận hưởng suất chiếu ""TRẠI BUÔN NGƯỜI"" tại rạp chiếu CGV Thảo Điền Pearl. Phim được chiếu vào ngày 03/10/2026 với định dạng 2D Phụ Đề Anh và giờ chiếu là 20:30. Tôi đã có trải nghiệm tuyệt vời khi xem phim, cảm nhận được không khí hấp dẫn và hấp dẫn từ mỗi khung hình. Sout chiếu này chắc chắn sẽ là một trải nghiệm đáng nhớ cho tôi."
ÁN MẠNG KARAOKE,CGV Thảo Điền Pearl,03/10/2026,2D Phụ Đề Anh,13:20,"Tôi vừa có cơ hội tham gia xem suất chiếu ""ÁN MẠNG KARAOKE"" tại rạp CGV Thảo Điền Pearl vào ngày 03/10/2026. Tôi được trải nghiệm một màn chiếu 2D Phụ Đề Anh với giờ chiếu 13:20. Màn chiếu này mang đến một trải nghiệm giải trí hấp dẫn và thú vị, với hình ảnh và âm thanh sắc nét. Tôi có thể cảm nhận được sự thú vị của trò chơi karaoke thông qua màn chiếu này."
ÁN MẠNG KARAOKE,CGV Thảo Điền Pearl,03/10/2026,2D Phụ Đề Anh,18:20,"Hôm nay, tôi đã có trải nghiệm tuyệt vời khi xem suất chiếu ""ÁN MẠNG KARAOKE"" tại rạp chiếu CGV Thảo Điền Pearl. Phim được chiếu vào ngày 03/10/2026 với định dạng 2D Phụ Đề Anh và giờ chiếu là 18:20. Không khí trong rạp phim đã rất sôi động và hứng thú, tôi đã cảm nhận được sự phấn khích khi được trải nghiệm màn chiếu phim này."
ÁN MẠNG KARAOKE,CGV Thảo Điền Pearl,03/10/2026,2D Phụ Đề Anh,23:15,"Tôi đã có cơ hội trải nghiệm và xem suất chiếu phim ""ÁN MẠNG KARAOKE"" tại rạp chiếu CGV Thảo Điền Pearl vào ngày 03/10/2026. Đây là một trải nghiệm thú vị với định dạng 2D Phụ Đề Anh. Tôi đã đến rạp vào lúc 23:15 và được immers thành công. Mọi chi tiết đều được chăm chút kỹ lưỡng, tạo nên một không gian trải nghiệm tuyệt vời."
TRÁI TIM QUÁI THÚ,CGV Thảo Điền Pearl,04/10/2026,2D Phụ Đề Việt,10:20,"Tôi vừa đến rạp CGV Thảo Điền Pearl để xem suất chiếu phim TRÁI TIM QUÁ THÚ vào ngày 04/10/2026. Phim được chiếu định dạng 2D Phụ Đề Việt và bắt đầu từ giờ 10:20. Với sự chờ đợi, tôi đã chuẩn bị sẵn giấy vé và sẵn sàng để trải nghiệm bộ phim này."
TRÁI TIM QUÁI THÚ,CGV Thảo Điền Pearl,04/10/2026,2D Phụ Đề Việt,12:30,"Hôm nay, tôi đã được trải nghiệm một sự kiện giải trí không thể bỏ qua tại CGV Thảo Điền Pearl - rạp chiếu hiện đại và hiện đại nhất. Phim TRÁI TIM QUÁ THÚ đã được chiếu ra mắt với định dạng 2D Phụ Đề Việt và giờ chiếu là 12:30. Tôi đã có cơ hội để chiêm ngưỡng những khoảnh khắc tuyệt vời trên màn hình lớn, cùng với trải nghiệm đầy đủ về âm thanh 3D. Đó là một trải nghiệm tuyệt vời không thể quên."
TRÁI TIM QUÁI THÚ,CGV Thảo Điền Pearl,04/10/2026,2D Phụ Đề Việt,14:40,"Hôm nay, tôi đã có cơ hội xem suất chiếu phim TRÁI TIM QUÁ THÚ tại rạp chiếu CGV Thảo Điền Pearl. Phim được chiếu vào ngày 04/10/2026 với định dạng 2D Phụ Đề Việt và giờ chiếu là 14:40. Đây là trải nghiệm thú vị và hấp dẫn, với chất lượng hình ảnh và âm thanh tốt. Phim đã làm cho không gian rạp trở nên sống động và hấp dẫn."
TRÁI TIM QUÁI THÚ,CGV Thảo Điền Pearl,04/10/2026,2D Phụ Đề Việt,16:50,"Hôm nay, tôi đã có cơ hội trải nghiệm suất chiếu ""TRÁI TIM QUÁ THÚ"" tại rạp chiếu CGV Thảo Điền Pearl. Phim được định dạng 2D Phụ Đề Việt và chiếu vào ngày 04/10/2026. Tôi đã chọn buổi chiếu vào lúc 16:50, không thể thiếu một thời điểm tuyệt vời để thưởng thức bộ phim này."
TRÁI TIM QUÁI THÚ,CGV Thảo Điền Pearl,04/10/2026,2D Phụ Đề Việt,19:00,"Tôi đã có cơ hội tham gia xem suất chiếu ""TRÁI TIM QUÁ THÚ"" tại rạp chiếu CGV Thảo Điền Pearl vào ngày 04/10/2026. Trong không khí sôi động, phim được chiếu với định dạng 2D Phụ Đề Việt và giờ chiếu là 19:00. Mặc dù không được đề cập đến thông tin chi tiết về nội dung phim, trải nghiệm xem phim ở rạp chiếu vẫn mang đến cảm giác đặc biệt và thú vị, giúp khán giả cảm nhận được âm thanh và hình ảnh sắc nét."
TRÁI TIM QUÁI THÚ,CGV Thảo Điền Pearl,04/10/2026,2D Phụ Đề Việt,21:10,"Ngày 04/10/2026, rạp chiếu CGV Thảo Điền Pearl chào đón khán giả đến trải nghiệm bản chiếu đầu tiên của phim TRÁI TIM QUÁI THÚ. Trong đêm chiếu, khán giả đã được immers chính xác và chất lượng tốt, với hình ảnh 2D Phụ Đề Việt được thiết kế tinh tế và đầy đủ. Phim đã gây được ấn tượng mạnh trong phòng chiếu, tạo ra không gian hứng hứng và chú ý của khán giả. Giờ chiếu 21:10 cũng đã thu hút được sự chú ý của nhiều khán giả, tạo ra một không gian đông đúc và sôi động."
TRÁI TIM QUÁI THÚ,CGV Thảo Điền Pearl,04/10/2026,2D Phụ Đề Việt,23:20,"Tôi đã có dịp lucky vào buổi tối thứ Sáu tại rạp CGV Thảo Điền Pearl để xem suất chiếu ""TRÁI TIM QUÁ THÚ"". Với thời gian chiếu 23:20, tôi đã được tận hưởng trải nghiệm tuyệt vời cùng với hàng triệu đồng xem phim. Phim được chiếu trong định dạng 2D Phụ Đề Việt, tạo nên không gian ấm áp và thân thuộc. Mỗi giây trong thời gian chiếu đã là một sự khám phá mới, mang đến cho tôi cảm giác hứng khởi và tràn đầy năng lượng."
TRẠI BUÔN NGƯỜI,CGV Thảo Điền Pearl,04/10/2026,2D Phụ Đề Anh,10:30,"Tôi vừa có dịp trải nghiệm suất chiếu ""TRẠI BUÔN NGƯỜI"" tại rạp CGV Thảo Điền Pearl vào ngày 04/10/2026. Với định dạng 2D Phụ Đề Anh, tôi đã được tận hưởng bộ phim trong một không gian rạp chiếu hiện đại và thoải mái. Sau một buổi chiếu diễn ra từ 10:30, tôi cảm thấy đã trải nghiệm một trải nghiệm đầy đủ và thú vị."
TRẠI BUÔN NGƯỜI,CGV Thảo Điền Pearl,04/10/2026,2D Phụ Đề Anh,15:30,"Hôm nay, tôi đã được đến rạp chiếu CGV Thảo Điền Pearl để xem suất chiếu TRẠI BUÔN NGƯỜI. Phim được chiếu định dạng 2D Phụ Đề Anh và bắt đầu ở giờ 15:30. Mọi người đã có một trải nghiệm tuyệt vời tại rạp chiếu này, và tôi cũng không ngoại lệ. Hãy thử xem, bạn sẽ thấy sao!"
TRẠI BUÔN NGƯỜI,CGV Thảo Điền Pearl,04/10/2026,2D Phụ Đề Anh,20:30,"Tôi vừa có cơ hội xem suất chiếu ""TRẠI BUÔN NGƯỜI"" tại rạp chiếu CGV Thảo Điền Pearl vào ngày 04/10/2026. Thông tin cho tôi là đây là một suất chiếu 2D Phụ Đề Anh với giờ chiếu là 20:30. Sự kiện này đã mang lại trải nghiệm thú vị và hấp dẫn cho tôi, giúp tôi có thể thưởng thức bộ phim theo cách hoàn hảo nhất."
ÁN MẠNG KARAOKE,CGV Thảo Điền Pearl,04/10/2026,2D Phụ Đề Anh,13:20,"Hôm nay, tôi đã có cơ hội trải nghiệm suất chiếu phim ""ÁN MẠNG KARAOKE"" tại rạp chiếu CGV Thảo Điền Pearl. Phim được chiếu vào ngày 04/10/2026 với định dạng 2D Phụ Đề Anh và buổi chiếu diễn ra vào giờ 13:20. Mọi thứ được chuẩn bị một cách hoàn hảo, tạo ra một không gian giải trí tuyệt vời cho khán giả."
ÁN MẠNG KARAOKE,CGV Thảo Điền Pearl,04/10/2026,2D Phụ Đề Anh,18:20,"Hôm nay, tôi có cơ hội được xem suất chiếu ""ÁN MẠNG KARAOKE"" tại rạp CGV Thảo Điền Pearl vào ngày 04/10/2026. Sự kiện này được tổ chức theo định dạng 2D Phụ Đề Anh với giờ chiếu ấn tượng 18:20. Tôi đã có trải nghiệm tuyệt vời khi được tận hưởng bộ phim này tại rạp chiếu chuyên nghiệp."
ÁN MẠNG KARAOKE,CGV Thảo Điền Pearl,04/10/2026,2D Phụ Đề Anh,23:15,"Tôi vừa có dịp trải nghiệm suất chiếu ""ÁN MẠNG KARAOKE"" tại rạp chiếu CGV Thảo Điền Pearl vào ngày 04/10/2026. Màn chiếu được thực hiện bằng định dạng 2D Phụ Đề Anh và bắt đầu vào giờ 23:15. Không khó để nhận thấy sự hấp dẫn của màn chiếu này, giúp tôi cảm thấy như đang tham gia vào một thế giới âm nhạc sống động và đầy màu sắc."
BÁT TIÊN ! TRUY TÌM LƯU LY ĐĂNG,CGV Thảo Điền Pearl,25/09/2026,2D Phụ Đề Anh & Việt,21:50,"Hôm nay, tôi đã có cơ hội trải nghiệm suất chiếu ""BÁT TIÊN ! TRUY TÌM LƯU LY ĐĂNG"" tại rạp chiếu CGV Thảo Điền Pearl. Sau một ngày dài, tôi đã tìm thấy một không gian yên tĩnh và thoải mái để giải trí trong phim. Sự lựa chọn định dạng 2D Phụ Đề Anh & Việt đã giúp tôi dễ dàng theo dõi và tận hưởng câu chuyện. Tôi đã đặt lịch chiếu vào ngày 25/09/2026 với giờ chiếu 21:50, và tôi không thể chờ đợi để chứng kiến màn chiếu của bộ phim này."
PHÁO HOA LÚC BÌNH MINH,CGV Thảo Điền Pearl,25/09/2026,2D Phụ Đề Anh & Việt,22:20,"Ngày 25/09/2026, CGV Thảo Điền Pearl đã trở thành địa điểm hào hứng cho những người yêu phim khi phát hành bộ phim PHÁO HOA LÚC BÌNH MINH. Với định dạng 2D Phụ Đề Anh & Việt và giờ chiếu 22:20, khán giả có cơ hội trải nghiệm bộ phim với chất lượng phụ đề đa ngôn ngữ. Đây là dịp tuyệt vời để cùng nhau chia sẻ và giải trí trong đêm khuya."
TRẠI BUÔN NGƯỜI,CGV Thảo Điền Pearl,25/09/2026,2D Phụ Đề Anh,21:15,"Tôi vừa xem suất chiếu TRẠI BUÔN NGƯỜI tại CGV Thảo Điền Pearl vào ngày 25/09/2026, giờ 21:15. Sau khi chọn ghế, tôi đã được trang bị một chiếc kính 3D để trải nghiệm phim trong một không gian đặc biệt. Phim được chiếu với định dạng 2D Phụ Đề Anh, tạo nên một không gian rộng lớn và sâu sắc. Mọi thứ bắt đầu chuyển động và biến đổi trước mắt, đưa tôi vào thế giới của bộ phim. Tôi cảm thấy được thâm nhập vào câu chuyện và trải nghiệm một cách chân thực."
TRẠI BUÔN NGƯỜI,CGV Thảo Điền Pearl,25/09/2026,2D Phụ Đề Anh,22:00,"Tôi vừa có cơ hội xem suất chiếu ""TRẠI BUÔN NGƯỜI"" tại CGV Thảo Điền Pearl và đó là trải nghiệm tuyệt vời nhất. Phim được chiếu dưới định dạng 2D Phụ Đề Anh và thời gian chiếu là 22:00. Không gian rạp chiếu được thiết kế tinh tế, tạo không gian thoải mái cho khán giả. Mỗi khung hình đều hấp dẫn, mang đến trải nghiệm xem phim độc đáo."
TRẠI BUÔN NGƯỜI,CGV Thảo Điền Pearl,25/09/2026,2D Phụ Đề Anh,22:40,"Tôi đã có cơ hội tham gia một trải nghiệm tuyệt vời khi xem suất chiếu TRẠI BUÔN NGƯỜI tại rạp chiếu CGV Thảo Điền Pearl vào ngày 25/09/2026. Tôi đã ngồi vào chỗ ngồi thoải mái và tận hưởng không khí sôi động của rạp chiếu. Phim được chiếu dưới định dạng 2D Phụ Đề Anh với thời gian chiếu sáng là 22:40, tạo nên một không gian yên tĩnh và tập trung. Mặc dù chỉ có thời gian xem ngắn nhưng tôi đã cảm thấy như mình đã được chạm trán với thế giới mới và thú vị trong phim này."
AVENGERS: HỒI KẾT - PHIÊN BẢN ĐẶC BIỆT (CHIẾU LẠI),CGV Thảo Điền Pearl,26/09/2026,2D Phụ Đề Việt,09:40,"Hôm nay, tôi đã có cơ hội đến xem AVENGERS: HỒI KẾT - PHIÊN BẢN ĐẶC BIỆT tại rạp chiếu CGV Thảo Điền Pearl. Sau một ngày dài chờ đợi, tôi đã có dịp trải nghiệm suất chiếu này vào lúc 09:40 và được trải nghiệm trên màn hình 2D Phụ Đề Việt. Mọi thứ đã diễn ra theo lịch trình như trước, tạo nên một không gian yên tĩnh và tập trung cho khán giả."
AVENGERS: HỒI KẾT - PHIÊN BẢN ĐẶC BIỆT (CHIẾU LẠI),CGV Thảo Điền Pearl,26/09/2026,2D Phụ Đề Việt,13:15,"Ngày 26/09/2026, rạp chiếu CGV Thảo Điền Pearl đã chính thức chào đón khán giả đến trải nghiệm phần mới nhất của bộ phim Avengers: Hồi Kết - Phiên bản Đặc Biệt. Tại buổi chiếu đầu tiên, khán giả đã được chào đón với màn trình diễn phụ đề Việt 2D đầy phong phú và sắc màu, giúp cho trải nghiệm xem phim trở nên trọn vẹn hơn. Hãy đến và trải nghiệm sự tuyệt vời của bộ phim này!"
AVENGERS: HỒI KẾT - PHIÊN BẢN ĐẶC BIỆT (CHIẾU LẠI),CGV Thảo Điền Pearl,26/09/2026,2D Phụ Đề Việt,14:00,"Tôi đã có cơ hội được trải nghiệm xem suất chiếu Avengers: Hoi Kết - Phien Bao Dasie Trac Lie at rạp chiếu CGV Thao Dien Pearl. Phim được chiếu vào ngày 26/09/2026, với giờ chiếu là 14:00. Việc xem phim được thực hiện trong định dạng 2D Phụ Đề Việt, tạo nên một trải nghiệm độc đáo và thú vị cho khán giả."
AVENGERS: HỒI KẾT - PHIÊN BẢN ĐẶC BIỆT (CHIẾU LẠI),CGV Thảo Điền Pearl,26/09/2026,2D Phụ Đề Việt,16:50,"Tôi vừa có cơ hội xem suất chiếu ""AVENGERS: HỒI KẾT - PHIÊN BẢN ĐẶC BIỆT"" tại rạp chiếu CGV Thảo Điền Pearl và trải nghiệm thật tuyệt vời. Phim được chiếu vào ngày 26/09/2026 với thời gian chiếu là 16:50. Tôi được thưởng thức trải nghiệm phim 2D Phụ Đề Việt trong một không gian rạp chiếu hiện đại và thoải mái. Mặc dù chỉ xem một suất, nhưng tôi đã cảm nhận được sự sôi động và năng lượng của bộ phim, kết hợp với chất lượng hình ảnh và âm thanh ấn tượng, tạo nên một trải nghiệm xem phim thật sự đáng nhớ."
AVENGERS: HỒI KẾT - PHIÊN BẢN ĐẶC BIỆT (CHIẾU LẠI),CGV Thảo Điền Pearl,26/09/2026,2D Phụ Đề Việt,19:00,"Hôm nay, tôi đã có cơ hội được trải nghiệm suất chiếu phim ""AVENGERS: HỒI KẾT - PHIÊN BẢN ĐẶC BIỆT"" tại rạp chiếu CGV Thảo Điền Pearl. Phim được chiếu với định dạng 2D Phụ Đề Việt và giờ chiếu là 19:00. Cảm giác trong rạp đã khá sôi động với sự đông đúc của khán giả. Tôi đã được trải nghiệm sự phấn khích và khát vọng khi xem phim, tạo ra một trải nghiệm đáng nhớ."
AVENGERS: HỒI KẾT - PHIÊN BẢN ĐẶC BIỆT (CHIẾU LẠI),CGV Thảo Điền Pearl,26/09/2026,2D Phụ Đề Việt,20:30,"Tôi vừa có cơ hội được trải nghiệm suất chiếu AVENGERS: HỒI KẾT - PHIÊN BẢN ĐẶC BIỆT tại rạp chiếu CGV Thảo Điền Pearl. Sự kiện được tổ chức vào ngày 26/09/2026, với giờ chiếu bắt đầu từ 20:30. Với định dạng 2D Phụ Đề Việt, trải nghiệm xem phim mang đến trải nghiệm độc đáo cho khán giả."
BÁT TIÊN ! TRUY TÌM LƯU LY ĐĂNG,CGV Thảo Điền Pearl,26/09/2026,2D Phụ Đề Anh & Việt,16:10,"Tôi vừa bước vào rạp CGV Thảo Điền Pearl và được thông báo về suất chiếu phim BÁT TIÊN ! TRUY TÌM LƯU LY ĐĂNG vào lúc 16:10. Với định dạng 2D Phụ Đề Anh & Việt, tôi cảm thấy sẵn sàng để trải nghiệm bộ phim này. Tôi sẽ dành thời gian để tận hưởng câu chuyện và hình ảnh trên màn ảnh."
BÁT TIÊN ! TRUY TÌM LƯU LY ĐĂNG,CGV Thảo Điền Pearl,26/09/2026,2D Phụ Đề Anh & Việt,21:40,"Hôm nay, tôi đã có cơ hội được xem suất chiếu ""BÁT TIÊN ! TRUY TÌM LƯU LY ĐĂNG"" tại rạp chiếu CGV Thảo Điền Pearl. Phim được chiếu với định dạng 2D Phụ Đề Anh & Việt, tạo nên một trải nghiệm thú vị cho khán giả. Sau khi chiếu phim, tôi cảm thấy được giải trí và thư giãn. Thời gian chiếu phim là 21:40, tạo nên một bầu không khí yên tĩnh và tập trung cho khán giả."
HÒN ĐẢO QUÊN LÃNG,CGV Thảo Điền Pearl,26/09/2026,2D Lồng Tiếng Việt,11:45,"Tôi vừa có cơ hội xem suất chiếu ""HÒN ĐẢO QUÊN LÃNG"" tại rạp chiếu CGV Thảo Điền Pearl vào ngày 26/09/2026. Phim được phát hành với định dạng 2D lồng tiếng Việt và giờ chiếu là 11:45. Trải nghiệm xem phim tại rạp đã mang đến cho tôi một không gian phim ảnh hiện đại và thú vị."
HÒN ĐẢO QUÊN LÃNG,CGV Thảo Điền Pearl,26/09/2026,2D Phụ Đề Việt,20:00,"Tôi vừa có cơ hội được xem suất chiếu ""HÒN ĐẢO QUÊN LÃNG"" tại rạp CGV Thảo Điền Pearl vào ngày 26/09/2026. Phim được chiếu với định dạng 2D Phụ Đề Việt và giờ chiếu là 20:00. Đó là một trải nghiệm tuyệt vời, mang đến cho tôi một cảm giác được immerse trong thế giới phim ảnh. Mỗi giây phút đều được sử dụng để kể một câu chuyện độc đáo và hấp dẫn, khiến cho khán giả như mình đang đứng ngay trong tình huống của nhân vật."
LAPUTA: LÂU ĐÀI TRÊN KHÔNG,CGV Thảo Điền Pearl,26/09/2026,2D Phụ Đề Việt,12:50,"Hôm nay, tôi có cơ hội được trải nghiệm suất chiếu ""LAPUTA: LÂU ĐÀI TRÊN KHÔNG"" tại rạp chiếu CGV Thảo Điền Pearl. Phim chiếu ở đúng thời gian 12:50 chiều, và tôi được trải nghiệm với định dạng 2D Phụ Đề Việt. Không khí rạp chiếu sôi động và những khán giả đông đúc sẵn sàng đón nhận màn chiếu chiếu."
LAPUTA: LÂU ĐÀI TRÊN KHÔNG,CGV Thảo Điền Pearl,26/09/2026,2D Phụ Đề Việt,17:30,"Hôm nay, tôi đã có cơ hội được xem suất chiếu LAPUTA: LÂU ĐÀI TRÊN KHÔNG tại CGV Thảo Điền Pearl. Phim được chiếu với định dạng 2D Phụ Đề Việt và được chiếu vào ngày 26/09/2026, với giờ chiếu là 17:30. trải nghiệm xem phim tại rạp này thật tuyệt vời, với ánh sáng và âm thanh được điều chỉnh để tạo ra một không gian xem phim tuyệt vời. Phim mang đến những khoảnh khắc thú vị và hấp dẫn, khiến tôi không thể rời mắt khỏi màn hình."
MARNIE YÊU DẤU,CGV Thảo Điền Pearl,26/09/2026,2D Phụ Đề Việt,09:30,"Ngày 26/09/2026, rạp chiếu CGV Thảo Điền Pearl đã chào đón khán giả đến xem suất chiếu phim MARNIE YÊU DẤU trong định dạng 2D Phụ Đề Việt với giờ chiếu 09:30. Đây là một trải nghiệm thú vị và đầy hấp dẫn, mang đến những khoảnh khắc đặc biệt cho khán giả trong đêm chiếu."
MARNIE YÊU DẤU,CGV Thảo Điền Pearl,26/09/2026,2D Phụ Đề Việt,15:20,"Tôi vừa có cơ hội xem suất chiếu ""MARNIE YÊU DẤU"" tại rạp chiếu CGV Thảo Điền Pearl. Phim được chiếu dưới định dạng 2D Phụ Đề Việt và bắt đầu tại giờ 15:20. Mặc dù không có nhiều thông tin về nội dung phim, nhưng tôi đã có trải nghiệm thú vị khi xem suất chiếu này. Hãy thử xem xem liệu phim có sẽ gây ấn tượng với bạn hay không."
PHÁO HOA LÚC BÌNH MINH,CGV Thảo Điền Pearl,26/09/2026,2D Phụ Đề Anh & Việt,09:25,"Hôm nay, tôi có cơ hội được tham gia suất chiếu phim PHÁO HOA LÚC BÌNH MINH tại CGV Thảo Điền Pearl. Phim được chiếu với định dạng 2D Phụ Đề Anh & Việt, giúp khán giả có trải nghiệm xem phim mượt mà. Phim chiếu vào ngày 26/09/2026 với giờ chiếu 09:25 là một sự kiện không nên bỏ lỡ. Tôi đã có thể tận hưởng màn trình diễn ấn tượng của phim ngay tại rạp."
PHÁO HOA LÚC BÌNH MINH,CGV Thảo Điền Pearl,26/09/2026,2D Phụ Đề Anh & Việt,22:50,"Khi bước vào rạp CGV Thảo Điền Pearl vào ngày 26/09/2026, tôi đã được tận hưởng một trải nghiệm chiếu phim độc đáo với phim PHÁO HOA LÚC BÌNH MINH. Phim được chiếu ở định dạng 2D Phụ Đề Anh & Việt và bắt đầu tại 22:50, tạo nên một bầu không khí hẹn hò và thư giãn."
TRẠI BUÔN NGƯỜI,CGV Thảo Điền Pearl,26/09/2026,2D Phụ Đề Anh,09:20,Tôi vừa đến rạp CGV Thảo Điền Pearl để xem suất chiếu TRẠI BUÔN NGƯỜI vào ngày 26/09/2026. Tôi chọn ghế ngồi và chờ đợi thời gian chiếu bắt đầu. Phim được chiếu với định dạng 2D Phụ Đề Anh và giờ chiếu là 09:20. Tôi sẵn sàng tận hưởng bộ phim này tại rạp chiếu hiện đại.
TRẠI BUÔN NGƯỜI,CGV Thảo Điền Pearl,26/09/2026,2D Phụ Đề Anh,11:10,"Ngày 26/09/2026, tại rạp chiếu CGV Thảo Điền Pearl, tôi đã có cơ hội trải nghiệm suất chiếu phim TRẠI BUÔN NGƯỜI. Với định dạng 2D Phụ Đề Anh, phim này đã mang đến cho khán giả một trải nghiệm giải trí đầy kích thích. Phim chiếu vào thời điểm 11:10, tôi đã có thời gian để tận hưởng từng khoảnh khắc độc đáo của bộ phim."
TRẠI BUÔN NGƯỜI,CGV Thảo Điền Pearl,26/09/2026,2D Phụ Đề Anh,12:00,"Hôm nay, tôi đã được tận hưởng một trải nghiệm chiếu phim tuyệt vời tại rạp CGV Thảo Điền Pearl với bộ phim TRẠI BUÔN NGƯỜI. Vào ngày 26/09/2026, tôi đã có cơ hội xem bộ phim này với định dạng 2D Phụ Đề Anh và giờ chiếu là 12:00. Mặc dù không có thông tin chi tiết về nội dung phim, nhưng không khí trong rạp đã tạo ra một không gian thú vị và hấp dẫn, khiến tôi không thể không phấn khích khi chuẩn bị để cùng nhau khám phá một thế giới mới."
TRẠI BUÔN NGƯỜI,CGV Thảo Điền Pearl,26/09/2026,2D Phụ Đề Anh,13:50,"Thiệt nghiệm suất chiếu TRẠI BUÔN NGƯỜI tại rạp CGV Thảo Điền Pearl đã diễn ra thành công. Vào ngày 26/9/2026, khán giả đã có cơ hội trải nghiệm bộ phim 2D Phụ Đề Anh với thời điểm chiếu là 13:50. Sự kiện này đã mang đến một trải nghiệm thú vị và hấp dẫn cho mọi người."
TRẠI BUÔN NGƯỜI,CGV Thảo Điền Pearl,26/09/2026,2D Phụ Đề Anh,14:40,"Tôi đã có cơ hội xem suất chiếu TRẠI BUÔN NGƯỜI tại rạp chiếu CGV Thảo Điền Pearl vào ngày 26/09/2026. Phim được chiếu dưới định dạng 2D Phụ Đề Anh với giờ chiếu 14:40. Mặc dù không có much thông tin về nội dung phim, nhưng tôi có thể cảm nhận được sự hấp dẫn và thú vị của bộ phim này. Bối cảnh phim được thiết kế một cách tinh tế và ấn tượng, khiến khán giả như được chìm vào thế giới giả tưởng của bộ phim."
TRẠI BUÔN NGƯỜI,CGV Thảo Điền Pearl,26/09/2026,2D Phụ Đề Anh,16:30,"Trong đêm 26/09/2026, rạp chiếu CGV Thảo Điền Pearl trở thành địa điểm hẹn gánh cho bộ phim TRẠI BUÔN NGƯỜI. Sự kiện phim chiếu rạp được tổ chức vào giờ chiều 16:30, dưới hình thức 2D Phụ Đề Anh, hứa hẹn sẽ mang đến trải nghiệm hấp dẫn cho khán giả."
TRẠI BUÔN NGƯỜI,CGV Thảo Điền Pearl,26/09/2026,2D Phụ Đề Anh,17:20,"Ngày 26/9/2026, bạn có cơ hội được trải nghiệm suất chiếu ""TRẠI BUÔN NGƯỜI"" tại rạp CGV Thảo Điền Pearl. Đây là một trải nghiệm tuyệt vời với định dạng 2D Phụ Đề Anh và giờ chiếu 17:20, bạn sẽ được tận hưởng phim trong không gian riêng tư và thoải mái. Hãy đến và khám phá thế giới của ""TRẠI BUÔN NGƯỜI""!"
TRẠI BUÔN NGƯỜI,CGV Thảo Điền Pearl,26/09/2026,2D Phụ Đề Anh,19:20,"Tôi đã có cơ hội xem suất chiếu ""TRẠI BUÔN NGƯỜI"" tại rạp chiếu CGV Thảo Điền Pearl vào ngày 26/09/2026. Sự kiện này được tổ chức với định dạng 2D Phụ Đề Anh và giờ chiếu là 19:20. Phim đã mang đến cho khán giả một trải nghiệm đáng nhớ, mặc dù tôi chưa có thông tin chi tiết về nội dung phim."
TRẠI BUÔN NGƯỜI,CGV Thảo Điền Pearl,26/09/2026,2D Phụ Đề Anh,20:05,"Ngày 26/09/2026, tại CGV Thảo Điền Pearl, tôi có cơ hội được trải nghiệm suất chiếu TRẠI BUÔN NGƯỜI. Phim được chiếu trong định dạng 2D Phụ Đề Anh và giờ chiếu là 20:05, tạo nên không khí hứng khởi và hấp dẫn. Tôi đã có dịp tận hưởng màn trình diễn tuyệt vời của bộ phim, trở thành một phần không thể thiếu của đêm chiếu."
TRẠI BUÔN NGƯỜI,CGV Thảo Điền Pearl,26/09/2026,2D Phụ Đề Anh,22:00,"Ngày 26/9/2026, rạp chiếu CGV Thảo Điền Pearl sẽ có suất chiếu phim TRẠI BUÔN NGƯỜI. Phim sẽ được chiếu dưới định dạng 2D Phụ Đề Anh và bắt đầu tại giờ 22:00. Đó sẽ là dịp cho khán giả trải nghiệm những khoảnh khắc điện ảnh độc đáo."
TRẠI BUÔN NGƯỜI,CGV Thảo Điền Pearl,26/09/2026,2D Phụ Đề Anh,22:20,"Hôm nay, tôi đã có cơ hội được đến rạp chiếu phim CGV Thảo Điền Pearl để xem suất chiếu TRẠI BUÔN NGƯỜI. Phim được chiếu với định dạng 2D Phụ Đề Anh và giờ chiếu là 22:20. Tôi cảm thấy hào hứng khi được trải nghiệm sự hấp dẫn của bộ phim này tại rạp chiếu."
VÙNG ĐẤT QUỶ DỮ,CGV Thảo Điền Pearl,26/09/2026,2D Phụ Đề Việt,10:00,"Vùng đất quỷ dữ vừa chiếu rạp, là một trải nghiệm đáng nhớ! Tôi đã có cơ hội chứng kiến bộ phim này tại CGV Thảo Điền Pearl vào ngày 26/09/2026. Bộ phim được định dạng 2D Phụ Đề Việt và được chiếu tại rạp vào giờ 10:00. Với một định dạng đặc biệt, bộ phim này đã mang đến cho tôi một trải nghiệm độc đáo và thú vị."
VÙNG ĐẤT QUỶ DỮ,CGV Thảo Điền Pearl,26/09/2026,2D Phụ Đề Việt,12:00,"Hôm nay, tôi đã có dịp xem suất chiếu ""VÙNG ĐẤT QUỶ DỮ"" tại rạp chiếu CGV Thảo Điền Pearl. Phim được chiếu dưới định dạng 2D Phụ Đề Việt và bắt đầu ở giờ 12:00. Với trải nghiệm độc đáo và chất lượng hình ảnh, tôi đã được chiêm ngưỡng một bộ phim độc đáo và hấp dẫn. Mặc dù chưa có nhiều thông tin về nội dung phim, nhưng tôi đã cảm nhận được sự thú vị và hấp dẫn từ những cảnh quay đầu tiên."
VÙNG ĐẤT QUỶ DỮ,CGV Thảo Điền Pearl,26/09/2026,2D Phụ Đề Việt,14:10,"Hôm nay, tôi đã được tận hưởng một trải nghiệm đáng nhớ tại rạp chiếu CGV Thảo Điền Pearl khi xem suất chiếu phim ""VÙNG ĐẤT QUỶ DỮ"" vào ngày 26/09/2026. Với định dạng 2D Phụ Đề Việt và giờ chiếu 14:10, tôi đã được đặt vào thế giới phiêu lưu đầy phiêu lưu và màu sắc rực rỡ. Qua sự kết hợp hoàn hảo của hình ảnh và âm thanh, tôi đã cảm nhận được sự sống động và sinh động của phim, tạo cho tôi một trải nghiệm xem phim đáng nhớ."
VÙNG ĐẤT QUỶ DỮ,CGV Thảo Điền Pearl,26/09/2026,2D Phụ Đề Việt,17:40,"Tôi vừa có cơ hội xem một suất chiếu ""VÙNG ĐẤT QUỶ DỮ"" tại rạp chiếu CGV Thảo Điền Pearl vào ngày 26/09/2026. Sự kiện phim này được chiếu với định dạng 2D Phụ Đề Việt và giờ chiếu là 17:40. Trong khoảng thời gian tôi xem, rạp chiếu đã khá đông đúc và những khán giả đã được tận hưởng một trải nghiệm giải trí tuyệt vời cùng với bộ phim đang chiếu."
VÙNG ĐẤT QUỶ DỮ,CGV Thảo Điền Pearl,26/09/2026,2D Phụ Đề Việt,19:40,"Tôi vừa có cơ hội xem suất chiếu ""VÙNG ĐẤT QUỶ DỮ"" tại rạp chiếu CGV Thảo Điền Pearl vào ngày 26/09/2026. Đây là một trải nghiệm thú vị với định dạng 2D Phụ Đề Việt và giờ chiếu là 19:40. Mặc dù chỉ là dữ liệu mô phỏng, nhưng tôi vẫn cảm thấy như được đưa vào thế giới của phim từ đầu đến cuối."
VÙNG ĐẤT QUỶ DỮ,CGV Thảo Điền Pearl,26/09/2026,2D Phụ Đề Việt,22:35,"Tôi vừa có cơ hội xem suất chiếu VÙNG ĐẤT QUỶ DỮ tại rạp chiếu CGV Thảo Điền Pearl vào ngày 26/09/2026. Đây là một trải nghiệm tuyệt vời với định dạng 2D Phụ Đề Việt, giúp tôi cảm nhận sâu sắc hơn về bộ phim. Khi xem phim tại thời điểm 22:35, không khí rạp dần sôi động và khán giả đầy mong chờ, tạo nên một bầu không khí tuyệt vời cho màn chiếu."
AVENGERS: HỒI KẾT - PHIÊN BẢN ĐẶC BIỆT (CHIẾU LẠI),CGV Thảo Điền Pearl,27/09/2026,2D Phụ Đề Việt,13:15,"Hôm nay, tôi đã có cơ hội được xem suất chiếu ""AVENGERS: HỒI KẾT - PHIÊN BẢN ĐẶC BIỆT"" tại CGV Thảo Điền Pearl. Sau khi chờ đợi, tôi đã đến và tận hưởng bộ phim này. Phim được chiếu với định dạng 2D Phụ Đề Việt và giờ chiếu là 13:15. Tôi đã tận hưởng trải nghiệm chiếu phim này và cảm thấy rất hài lòng với chất lượng hình ảnh và âm thanh."
AVENGERS: HỒI KẾT - PHIÊN BẢN ĐẶC BIỆT (CHIẾU LẠI),CGV Thảo Điền Pearl,27/09/2026,2D Phụ Đề Việt,14:00,"Tôi vừa có cơ hội được trải nghiệm suất chiếu ""AVENGERS: HỒI KẾT - PHIÊN BẢN ĐẶC BIỆT"" tại rạp chiếu CGV Thảo Điền Pearl. Ngày chiếu là 27/09/2026, và tôi đã có hứng thú khi theo dõi phim này vào buổi chiều 14:00. Phim được chiếu với định dạng 2D Phụ Đề Việt, tạo nên trải nghiệm thú vị và dễ theo dõi."
AVENGERS: HỒI KẾT - PHIÊN BẢN ĐẶC BIỆT (CHIẾU LẠI),CGV Thảo Điền Pearl,27/09/2026,2D Phụ Đề Việt,16:50,"Tôi vừa có trải nghiệm tuyệt vời khi xem suất chiếu ""AVENGERS: HỒI KẾT - PHIÊN BẢN ĐẶC BIỆT"" tại rạp chiếu CGV Thảo Điền Pearl vào ngày 27/09/2026. Sắp xếp ở rạp chiếu 2D Phụ Đề Việt với giờ chiếu là 16:50, trải nghiệm của tôi được mang đến với chất lượng hình ảnh sống động và âm thanh rì rào. Đây là một sự kết thúc tuyệt vời cho bộ phim hành động phiêu lưu, khiến tôi không thể rời mắt."
AVENGERS: HỒI KẾT - PHIÊN BẢN ĐẶC BIỆT (CHIẾU LẠI),CGV Thảo Điền Pearl,27/09/2026,2D Phụ Đề Việt,20:30,"Hôm nay, tôi đã có cơ hội tham gia suất chiếu premiere của bộ phim Avengers: Hoí Kết - Phiên bản Đặc Biệt tại rạp chiếu CGV Thảo Điền Pearl. Phim được chiếu với định dạng 2D Phụ Đề Việt và giờ chiếu là 20:30. Sự kiện này đã mang lại trải nghiệm tuyệt vời cho khán giả, với không gian rạp chiếu ấm cúng và màn hình lớn hiện đại. Tôi đã có cơ hội tận hưởng phim trong không gian thoải mái và được phục vụ tốt."
BÁT TIÊN ! TRUY TÌM LƯU LY ĐĂNG,CGV Thảo Điền Pearl,27/09/2026,2D Phụ Đề Anh & Việt,11:40,"Tôi vừa có cơ hội xem suất chiếu ""BÁT TIÊN ! TRUY TÌM LƯU LY ĐĂNG"" tại rạp chiếu CGV Thảo Điền Pearl vào ngày 27/09/2026. Đây là một trải nghiệm tuyệt vời với định dạng 2D Phụ Đề Anh & Việt và giờ chiếu 11:40. Mặc dù chỉ xem một suất nhưng tôi cảm thấy được tận hưởng không khí sôi động và sự phấn khích của khán giả, tạo nên một trải nghiệm đáng nhớ."
BÁT TIÊN ! TRUY TÌM LƯU LY ĐĂNG,CGV Thảo Điền Pearl,27/09/2026,2D Phụ Đề Anh & Việt,18:50,"Khi bước vào rạp CGV Thảo Điền Pearl vào tối 27/09/2026, tôi đã cảm nhận được sự sôi động và năng lượng đặc trưng của một suất chiếu phim ấn tượng. Phim BÁT TIÊN ! TRUY TÌM LƯU LY ĐĂNG đã mang đến cho khán giả một trải nghiệm đầy cảm xúc và hành động mượt mà, phù hợp với thời điểm và không gian chiếu. Sự kết hợp giữa hình ảnh 2D chất lượng cao và âm thanh sống động đã tạo nên một trải nghiệm xem phim tuyệt vời."
BÁT TIÊN ! TRUY TÌM LƯU LY ĐĂNG,CGV Thảo Điền Pearl,27/09/2026,2D Phụ Đề Anh & Việt,21:40,"Hôm nay, tôi đã có cơ hội xem suất chiếu ""BÁT TIÊN ! TRUY TÌM LƯU LY ĐĂNG"" tại CGV Thảo Điền Pearl vào thời điểm 21:40. Đây là một trải nghiệm tuyệt vời, với định dạng 2D Phụ Đề Anh & Việt. Sự thú vị của phim đã được truyền tải qua màn hình, khiến tôi không thể rời mắt. Mỗi khán giả sẽ có trải nghiệm riêng khi xem phim này, nhưng tôi chắc chắn rằng nó sẽ là một đêm không thể quên."
HÒN ĐẢO QUÊN LÃNG,CGV Thảo Điền Pearl,27/09/2026,2D Phụ Đề Việt,09:20,"Ngày 27/9/2026, rạp CGV Thảo Điền Pearl đã chào đón khán giả đến xem suất chiếu HÒN ĐẢO QUÊN LÃNG, với định dạng 2D Phụ Đề Việt và giờ chiếu là 09:20. Đó là một trải nghiệm thú vị và hấp dẫn, giúp khán giả có thể tận hưởng bộ phim một cách đầy đủ."
HÒN ĐẢO QUÊN LÃNG,CGV Thảo Điền Pearl,27/09/2026,2D Lồng Tiếng Việt,16:30,"Hôm nay, tôi đã có cơ hội trải nghiệm suất chiếu ""HÒN ĐẢO QUÊN LÃNG"" tại rạp chiếu CGV Thảo Điền Pearl. Phim này được chiếu dưới định dạng 2D lồng tiếng Việt và được chiếu vào ngày 27/09/2026 với giờ 16:30. Trải nghiệm xem phim này đã rất tuyệt vời, tôi cảm thấy được đưa vào một thế giới mới và thú vị."
HÒN ĐẢO QUÊN LÃNG,CGV Thảo Điền Pearl,27/09/2026,2D Phụ Đề Việt,20:00,"Tôi đã có cơ hội xem suất chiếu ""HÒN ĐẢO QUÊN LÃNG"" tại rạp chiếu CGV Thảo Điền Pearl vào ngày 27/09/2026. Trong đêm chiếu, trải nghiệm của tôi được làm trọn vẹn bởi hệ thống 2D Phụ Đề Việt, mang đến một không gian sống ảo độc đáo và hấp dẫn. Tôi đã tận hưởng giờ chiếu 20:00, cảm nhận rõ nét sự sống động và sống ảo của phim, tạo nên một trải nghiệm tuyệt vời cho bản thân."
LAPUTA: LÂU ĐÀI TRÊN KHÔNG,CGV Thảo Điền Pearl,27/09/2026,2D Phụ Đề Việt,12:50,"Khi bước vào rạp CGV Thảo Điền Pearl vào ngày 27/9/2026, tôi không thể chờ đợi được để có thể trải nghiệm suất chiếu LAPUTA: LÂU ĐÀI TRÊN KHÔNG. Phim được chiếu với định dạng 2D Phụ Đề Việt và giờ chiếu hợp lý là 12:50. Không khí rạp đã được tạo nên bởi sự kỳ vọng và hứng thú của khán giả, và tôi không thể chờ đợi để được trải nghiệm từng khoảnh khắc đầy thú vị này."
LAPUTA: LÂU ĐÀI TRÊN KHÔNG,CGV Thảo Điền Pearl,27/09/2026,2D Phụ Đề Việt,17:30,"Tôi vừa có cơ hội xem suất chiếu LAPUTA: LÂU ĐÀI TRÊN KHÔNG tại rạp chiếu CGV Thảo Điền Pearl vào ngày 27/09/2026. Phim được chiếu với định dạng 2D Phụ Đề Việt và giờ chiếu là 17:30. Trong suốt thời gian xem phim, tôi đã được trải nghiệm một thế giới phiêu lưu đầy rẫy những khoảnh khắc hấp dẫn và đầy bất ngờ. Màn chiếu đã mang đến cho tôi một cảm giác sống động và gần gũi với nhân vật. Đó là một trải nghiệm tuyệt vời và không thể quên."
MARNIE YÊU DẤU,CGV Thảo Điền Pearl,27/09/2026,2D Phụ Đề Việt,11:50,"Hôm nay, tôi đã được tận hưởng một trải nghiệm tuyệt vời tại rạp chiếu CGV Thảo Điền Pearl. Phim ""MARNIE YÊU DẤU"" đã chính thức ra mắt với định dạng 2D Phụ Đề Việt và đã làm cho tôi không thể rời mắt. Tôi đã chọn xem phim vào lúc 11:50 và đã tận hưởng từng giây phút của bộ phim. Không khí trong rạp đã trở nên hứng thú và mọi người đều cùng nhau chia sẻ cảm xúc khi xem phim. Tôi thực sự thích trải nghiệm này và sẽ không quên được ngày xem phim này."
MARNIE YÊU DẤU,CGV Thảo Điền Pearl,27/09/2026,2D Phụ Đề Việt,15:20,"Hôm nay, tôi đã có dịp đến rạp chiếu phim CGV Thảo Điền Pearl để xem suất chiếu phim MARNIE YÊU DẤU. Phim được chiếu với định dạng 2D Phụ Đề Việt và giờ chiếu là 15:20. Mặc dù chỉ xem một lần, nhưng trải nghiệm xem phim này đã thật sự thú vị và hấp dẫn."
PHÁO HOA LÚC BÌNH MINH,CGV Thảo Điền Pearl,27/09/2026,2D Phụ Đề Anh & Việt,09:30,"Đến rạp chiếu CGV Thảo Điền Pearl vào ngày 27/09/2026, khán giả đã có cơ hội trải nghiệm một trải nghiệm giải trí đặc biệt với bộ phim ""Phá Hoà Lúc Bình Minh"". Bộ phim được chiếu với định dạng 2D Phụ Đề Anh & Việt, tạo ra không gian giải trí hoàn hảo cho khán giả. Với thời gian chiếu đầu tiên là 09:30, khán giả đã có một trải nghiệm tuyệt vời từ khán."
PHÁO HOA LÚC BÌNH MINH,CGV Thảo Điền Pearl,27/09/2026,2D Phụ Đề Anh & Việt,22:50,"Tôi đã có cơ hội được xem suất chiếu đầu tiên của ""Pháo Hoa Lúc Bình Minh"" tại rạp chiếu CGV Thảo Điền Pearl. Vào ngày 27/09/2026, tôi đã có dịp trải nghiệm bộ phim này với định dạng 2D Phụ Đề Anh & Việt. Thời gian chiếu phim là 22:50, tôi đã tận hưởng khoảnh khắc đầu tiên của bộ phim này cùng hàng nghìn khán giả khác."
TRẠI BUÔN NGƯỜI,CGV Thảo Điền Pearl,27/09/2026,2D Phụ Đề Anh,09:20,"Tôi vừa có cơ hội xem suất chiếu TRẠI BUÔN NGƯỜI tại rạp chiếu CGV Thảo Điền Pearl vào ngày 27/09/2026. Phim được chiếu với định dạng 2D Phụ Đề Anh và tôi đã chọn thời điểm 09:20 để đến xem. Trải nghiệm xem phim ở rạp chiếu mang đến cho tôi một bầu không khí riêng biệt, với màn hình lớn và âm thanh sống động. Mặc dù chỉ là một suất chiếu, nhưng tôi đã cảm thấy được immersion vào thế giới của phim."
TRẠI BUÔN NGƯỜI,CGV Thảo Điền Pearl,27/09/2026,2D Phụ Đề Anh,11:10,"Ngày 27/09/2026, rạp CGV Thảo Điền Pearl đã trở thành địa điểm chứng kiến sự ra đời của bộ phim ""TRẠI BUÔN NGƯỜI"". Đây là một trải nghiệm không thể quên, với định dạng phim 2D Phụ Đề Anh và giờ chiếu hợp lý 11:10, hứa hẹn sẽ mang đến cho khán giả một sự giải trí hấp dẫn và đầy bất ngờ."
TRẠI BUÔN NGƯỜI,CGV Thảo Điền Pearl,27/09/2026,2D Phụ Đề Anh,12:00,"Hôm nay, tôi đã có cơ hội tham gia suất chiếu ""TRẠI BUÔN NGƯỜI"" tại rạp chiếu CGV Thảo Điền Pearl. Phim được chiếu vào ngày 27/09/2026 với định dạng 2D Phụ Đề Anh và giờ chiếu là 12:00. Mô phỏng trải nghiệm xem suất chiếu này, tôi cảm nhận được không khí sôi động và hứng thú của khán giả trong rạp. Mỗi giây, hình ảnh và âm thanh của phim đều mang đến cho tôi một cảm giác tuyệt vời và hấp dẫn."
TRẠI BUÔN NGƯỜI,CGV Thảo Điền Pearl,27/09/2026,2D Phụ Đề Anh,13:50,"Tôi vừa có cơ hội trải nghiệm suất chiếu TRẠI BUÔN NGƯỜI tại rạp chiếu CGV Thảo Điền Pearl vào ngày 27/09/2026. Phim được chiếu dưới định dạng 2D Phụ Đề Anh với giờ chiếu là 13:50. Không khí trong rạp sôi động và khán giả đầy tập trung, tạo ra một không gian thú vị cho trải nghiệm xem phim."
TRẠI BUÔN NGƯỜI,CGV Thảo Điền Pearl,27/09/2026,2D Phụ Đề Anh,14:40,"Tôi vừa có cơ hội trải nghiệm suất chiếu ""TráiBuồn Người"" tại rạp chiếu CGV Thảo Điền Pearl và thật sự ấn tượng! Phim được chiếu dưới định dạng 2D Phụ Đề Anh, tạo nên một không gian cảm nhận độc đáo. Tôi đã chọn buổi chiều vào lúc 14:40 và cảm thấy bình yên trong khung giờ chiếu. Mỗi khung hình đều mang đến một cảm giác sâu sắc, giúp tôi hiểu hơn về câu chuyện. Trải nghiệm này thật sự đáng nhớ!"
TRẠI BUÔN NGƯỜI,CGV Thảo Điền Pearl,27/09/2026,2D Phụ Đề Anh,16:40,"Hôm nay, tôi đã có cơ hội tận hưởng một trải nghiệm tuyệt vời khi xem suất chiếu TRẠI BUÔN NGƯỜI tại rạp CGV Thảo Điền Pearl. Phim được chiếu trong định dạng 2D Phụ Đề Anh và bắt đầu chiếu vào lúc 16:40. Không khí trong rạp đã trở nên sôi động và vui vẻ, tạo nên một bầu không khí tuyệt vời cho buổi chiếu. Tôi đã tận hưởng từng khoảnh khắc của phim và có trải nghiệm tuyệt vời tại rạp chiếu."
TRẠI BUÔN NGƯỜI,CGV Thảo Điền Pearl,27/09/2026,2D Phụ Đề Anh,17:20,"Tôi đã có cơ hội xem suất chiếu TRẠI BUÔN NGƯỜI tại rạp chiếu CGV Thảo Điền Pearl vào ngày 27/09/2026. Phim được chiếu dưới định dạng 2D Phụ Đề Anh và bắt đầu vào giờ 17:20. Cùng với đó là không gian rạp chiếu ấm cúng và thân thiện, tạo nên một trải nghiệm xem phim thoải mái và thú vị."
TRẠI BUÔN NGƯỜI,CGV Thảo Điền Pearl,27/09/2026,2D Phụ Đề Anh,19:20,"Tôi vừa có cơ hội xem suất chiếu ""TRẠI BUÔN NGƯỜI"" tại rạp chiếu CGV Thảo Điền Pearl vào ngày 27/09/2026. Thông qua trải nghiệm này, tôi cảm nhận được sự hấp dẫn của bộ phim qua hình ảnh và âm thanh chất lượng cao. Phụ đề được áp dụng 2D tạo nên một phong cách độc đáo và ấn tượng. Thời gian chiếu sớm là 19:20, giúp tôi có một trải nghiệm độc đáo và không phải chờ đợi quá lâu."
TRẠI BUÔN NGƯỜI,CGV Thảo Điền Pearl,27/09/2026,2D Phụ Đề Anh,20:05,"Hôm nay, tôi đã có cơ hội được trải nghiệm suất chiếu ""TRẠI BUÔN NGƯỜI"" tại rạp chiếu CGV Thảo Điền Pearl. Thật tuyệt vời khi được tận hưởng bộ phim này vào buổi tối thứ Sáu với giờ chiếu 20:05. Thông qua cảm nhận trực tiếp, tôi có thể nói rằng trải nghiệm xem phim này thực sự hấp dẫn và thú vị."
TRẠI BUÔN NGƯỜI,CGV Thảo Điền Pearl,27/09/2026,2D Phụ Đề Anh,22:00,"Tôi vừa có cơ hội được tận hưởng suất chiếu ""TRẠI BUÔN NGƯỜI"" tại rạp CGV Thảo Điền Pearl vào ngày 27/09/2026. Sự kiện này mang đến trải nghiệm sinh động và đầy tham vọng, giúp tôi quay trở lại thế giới 2D phụ đề Anh. Phim được chiếu vào lúc 22:00, tạo nên không khí sôi động và đầy hứa hẹn cho khán giả."
TRẠI BUÔN NGƯỜI,CGV Thảo Điền Pearl,27/09/2026,2D Phụ Đề Anh,22:20,"Ngày 27/9/2026, tôi đã có cơ hội xem suất chiếu ""TRẠI BUÔN NGƯỜI"" tại rạp chiếu CGV Thảo Điền Pearl. Phim được chiếu với định dạng 2D Phụ Đề Anh và giờ chiếu là 22:20. Tôi đã tận hưởng trải nghiệm chiếu phim này với chất lượng hình ảnh và âm thanh tuyệt vời. Mọi chi tiết đều được thiết kế để tạo ra một trải nghiệm tuyệt vời cho khán giả."
VÙNG ĐẤT QUỶ DỮ,CGV Thảo Điền Pearl,27/09/2026,2D Phụ Đề Việt,09:50,"Hôm nay, bạn có cơ hội đến rạp chiếu CGV Thảo Điền Pearl để trải nghiệm suất chiếu VÙNG ĐẤT QUỶ DỮ. Đến ngày 27/09/2026, phim này được chiếu dưới định dạng 2D Phụ Đề Việt và bắt đầu ở giờ 09:50. Đây là dịp tuyệt vời để bạn có thể tận hưởng một bộ phim mới mẻ và thú vị cùng cộng đồng khán giả khác."
VÙNG ĐẤT QUỶ DỮ,CGV Thảo Điền Pearl,27/09/2026,2D Phụ Đề Việt,14:30,"Tôi vừa có dịp đến rạp chiếu CGV Thảo Điền Pearl để xem suất chiếu VÙNG ĐẤT QUỶ DỮ, và trải nghiệm đã thật tuyệt vời! Phim chiếu rãnh 2D Phụ Đề Việt vào lúc 14:30, tạo nên không khí hào hứng và hấp dẫn cho khán giả. Tôi đã tận hưởng từng giây phút trên màn hình, cảm nhận được sự sống động và chân thực của bộ phim."
VÙNG ĐẤT QUỶ DỮ,CGV Thảo Điền Pearl,27/09/2026,2D Phụ Đề Việt,17:30,"Tôi vừa có cơ hội trải nghiệm suất chiếu ""VÙNG ĐẤT QUỢ DỮ"" tại CGV Thảo Điền Pearl vào ngày 27/09/2026. Khi bước vào rạp, không khí đã được tạo nên bởi sự hứng thú của khán giả trước sự kiện đặc biệt này. Phim được định dạng là 2D Phụ Đề Việt và chiếu vào giờ 17:30, đã mang đến cho tôi trải nghiệm độc đáo và thú vị. Từng cảnh phim đã được phát hành một cách mượt mà và rõ ràng, giúp tôi có thể tập trung và tận hưởng từng khoảnh khắc trong bộ phim."
VÙNG ĐẤT QUỶ DỮ,CGV Thảo Điền Pearl,27/09/2026,2D Phụ Đề Việt,19:30,"Tôi đã được fortunate khi tham gia suất chiếu đầu tiên của bộ phim VÙNG ĐẤT QUỶ DỮ tại rạp chiếu CGV Thảo Điền Pearl. Ngày 27/09/2026, tôi đã có cơ hội trải nghiệm màn ảnh lớn với bộ phim này. Phim được chiếu với định dạng 2D Phụ Đề Việt và giờ chiếu là 19:30. Quan điểm của tôi là trải nghiệm tuyệt vời với hình ảnh đẹp và âm thanh sống động, khiến cho bộ phim trở nên sống động hơn."
VÙNG ĐẤT QUỶ DỮ,CGV Thảo Điền Pearl,27/09/2026,2D Phụ Đề Việt,21:30,"Tôi vừa ra khỏi rạp chiếu ""VÙNG ĐẤT QUỶ DỮ"" tại CGV Thảo Điền Pearl và vẫn còn cảm nhận được những cảm xúc sâu sắc của bộ phim. Khi chiếu sáng trên màn ảnh 2D Phụ Đề Việt, những hình ảnh sống động đã transport tôi vào thế giới của bộ phim. Thời gian trôi qua nhanh chóng, tôi đã hoàn toàn bị thu hút bởi câu chuyện đầy cảm động và nhân vật sâu sắc. Hãy thử trải nghiệm suất chiếu này, bạn sẽ không thất vọng!"
AVENGERS: HỒI KẾT - PHIÊN BẢN ĐẶC BIỆT (CHIẾU LẠI),CGV Thảo Điền Pearl,28/09/2026,2D Phụ Đề Việt,09:40,"Thời điểm 28/09/2026, rạp CGV Thảo Điền Pearl đã trở thành địa điểm náo nhiệt khi các khán giả có thể trải nghiệm hấp dẫn của bộ phim AVENGERS: HỒI KẾT - PHIÊN BẢN ĐẶC BIỆT. Với thời gian chiếu sớm 09:40, khán giả có cơ hội sớm được chạm trán với những nhân vật hành động nổi tiếng và những khoảnh khắc đầy hồi hộp. Phim được chiếu dưới định dạng 2D Phụ Đề Việt, đảm bảo trải nghiệm xem được tinh tế và hấp dẫn."
AVENGERS: HỒI KẾT - PHIÊN BẢN ĐẶC BIỆT (CHIẾU LẠI),CGV Thảo Điền Pearl,28/09/2026,2D Phụ Đề Việt,16:50,"Ngày 28/09/2026, rạp chiếu CGV Thảo Điền Pearl mang đến cho khán giả một trải nghiệm giải trí không thể quên khi chiếu suất chiếu Avengers: Hoí Kết - Phiên bản Đặc biệt. Với định dạng 2D Phụ Đề Việt và giờ chiếu 16:50, khán giả sẽ được tận hưởng một đêm phim thú vị cùng cộng đồng."
AVENGERS: HỒI KẾT - PHIÊN BẢN ĐẶC BIỆT (CHIẾU LẠI),CGV Thảo Điền Pearl,28/09/2026,2D Phụ Đề Việt,20:30,"Tôi vừa có cơ hội trải nghiệm suất chiếu ""AVENGERS: HỒI KẾT - PHIÊN BẢN ĐẶC BIỆT"" tại rạp chiếu CGV Thảo Điền Pearl vào ngày 28/09/2026. Lá chắn vàng của các siêu anh hùng đã trở về và mang lại cho khán giả một trải nghiệm mạo hiểm và đầy acción. Tôi đã tận hưởng tiết mục 2D Phụ Đề Việt trong giờ 20:30, cảm thấy được giải trí và đầy năng lượng sau khi xem."
BÁT TIÊN ! TRUY TÌM LƯU LY ĐĂNG,CGV Thảo Điền Pearl,28/09/2026,2D Phụ Đề Anh & Việt,19:00,"Hôm nay, tôi đã có dịp tận hưởng suất chiếu ""BÁT TIÊN ! TRUY TÌM LƯU LY ĐĂNG"" tại CGV Thảo Điền Pearl. Phim được chiếu với định dạng 2D Phụ Đề Anh & Việt và giờ chiếu là 19:00. Mọi người đều rất hào hứng và chờ đợi để trải nghiệm bộ phim này. Tôi đã có cơ hội lắng nghe đánh giá và bình luận của khán giả xung quanh, và tất cả đều rất thích phim. Đây là một suất chiếu tuyệt vời để bạn có thể tận hưởng bộ phim mới nhất!"
HÒN ĐẢO QUÊN LÃNG,CGV Thảo Điền Pearl,28/09/2026,2D Phụ Đề Việt,10:20,"Hôm nay, tôi đã được trải nghiệm suất chiếu ""HÒN ĐẢO QUÊN LÃNG"" tại rạp chiếu CGV Thảo Điền Pearl. Ngày chiếu là 28/09/2026, và tôi đã có cơ hội xem phim trong phiên chiếu vào lúc 10:20. Tôi chọn định dạng 2D Phụ Đề Việt và có thể nói rằng trải nghiệm của tôi đã rất tuyệt vời. Phim đã đưa tôi vào một thế giới đầy màu sắc và thú vị."
HÒN ĐẢO QUÊN LÃNG,CGV Thảo Điền Pearl,28/09/2026,2D Lồng Tiếng Việt,14:40,"Hôm nay, tôi đã có cơ hội xem suất chiếu đầu tiên của bộ phim HÒN ĐẢO QUÊN LÃNG tại rạp chiếu CGV Thảo Điền Pearl. Phim được định dạng 2D với lồng tiếng Việt và phát hành vào ngày 28/09/2026. Thời gian chiếu của tôi là 14:40, một thời điểm lý tưởng để tận hưởng một bộ phim mới. Mặc dù không biết nội dung phim sẽ như thế nào, nhưng tôi đã có thể cảm nhận được sự thú vị và hấp dẫn của bộ phim từ đầu."
LAPUTA: LÂU ĐÀI TRÊN KHÔNG,CGV Thảo Điền Pearl,28/09/2026,2D Phụ Đề Việt,12:40,"Hôm nay, tôi đã có cơ hội xem suất chiếu LAPUTA: LÂU ĐÀI TRÊN KHÔNG tại rạp chiếu CGV Thảo Điền Pearl. Phim được chiếu trong định dạng 2D Phụ Đề Việt và bắt đầu từ 12:40. Tôi đã trải nghiệm không khí sôi động và hào hứng của khán giả khi phim được chiếu. Mọi thứ đã được chuẩn bị kỹ lưỡng, từ đèn rọi đến âm thanh, tạo nên một trải nghiệm thú vị và cuốn hút cho khán giả."
LAPUTA: LÂU ĐÀI TRÊN KHÔNG,CGV Thảo Điền Pearl,28/09/2026,2D Phụ Đề Việt,16:10,Tôi đã có dịp trải nghiệm suất chiếu LAPUTA: LÂU ĐÀI TRÊN KHÔNG tại rạp chiếu CGV Thảo Điền Pearl vào ngày 28/09/2026. Phim được chiếu với định dạng 2D Phụ Đề Việt và thời gian chiếu tại 16:10. Tôi cảm thấy thú vị khi theo dõi sự kiện nổi bật trên màn ảnh.
LÊN HƯƠNG,CGV Thảo Điền Pearl,28/09/2026,2D Phụ Đề Anh,09:30,Tôi vừa đến rạp CGV Thảo Điền Pearl và được thông báo rằng phim LÊN HƯƠNG sẽ được chiếu vào ngày 28/09/2026. Phim sẽ được chiếu trong định dạng 2D Phụ Đề Anh và giờ chiếu là 09:30. Tôi rất hào hứng và mong chờ để được trải nghiệm phim này.
LÊN HƯƠNG,CGV Thảo Điền Pearl,28/09/2026,2D Phụ Đề Anh,21:50,"Hôm nay, tôi đã có cơ hội xem suất chiếu ""LÊN HƯƠNG"" tại rạp chiếu CGV Thảo Điền Pearl. Phim được chiếu theo định dạng 2D Phụ Đề Anh với giờ chiếu 21:50. Đó là một trải nghiệm thú vị, mặc dù không có thông tin chi tiết về nội dung phim, nhưng vẫn có thể cảm nhận được sự hấp dẫn của bộ phim qua hình ảnh và âm thanh. Tôi cảm thấy mình đã được hòa nhập vào thế giới của phim, mặc dù chỉ là một đêm chiếu phim ngắn."
MARNIE YÊU DẤU,CGV Thảo Điền Pearl,28/09/2026,2D Phụ Đề Việt,12:00,"Hôm nay, tôi có cơ hội được trải nghiệm suất chiếu ""MARNIE YÊU DẤU"" tại rạp chiếu CGV Thảo Điền Pearl. Phim được chiếu với định dạng 2D Phụ Đề Việt và đã bắt đầu từ 12:00. Đó là một trải nghiệm thú vị, cho phép tôi có thể hiểu và tham gia sâu hơn vào câu chuyện. Mỗi giây phút chiếu phim đều mang đến những cảm xúc mới mẻ và sâu sắc."
MARNIE YÊU DẤU,CGV Thảo Điền Pearl,28/09/2026,2D Phụ Đề Việt,15:10,"Hôm nay, tôi đã có cơ hội được đến rạp chiếu phim CGV Thảo Điền Pearl để xem suất chiếu ""MARNIE YÊU DẤU"" vào ngày 28/09/2026. Thông tin cho tôi là đây là một suất chiếu 2D Phụ Đề Việt và tôi đã xem phim vào giờ 15:10. Đó là một trải nghiệm thú vị và đáng nhớ."
PHÁO HOA LÚC BÌNH MINH,CGV Thảo Điền Pearl,28/09/2026,2D Phụ Đề Anh & Việt,22:50,"Hôm nay, tôi đã có cơ hội chứng kiến sự kiện phim PHÁO HOA LÚC BÌNH MINH được chiếu tại rạp CGV Thảo Điền Pearl. Phim đã được phát hành vào ngày 28/09/2026 với định dạng 2D Phụ Đề Anh & Việt và giờ chiếu là 22:50. Việc xem phim tại rạp mang lại trải nghiệm độc đáo và thú vị, khiến tôi không thể quên được khoảnh khắc chiếu rực rỡ trên màn ảnh."
TRẠI BUÔN NGƯỜI,CGV Thảo Điền Pearl,28/09/2026,2D Phụ Đề Anh,09:05,"Trong đêm 28/09/2026, rạp chiếu CGV Thảo Điền Pearl đã trở thành địa điểm đến không thể bỏ qua với sự ra mắt của bộ phim TRẠI BUÔN NGƯỜI. Tôi đã có dịp chứng kiến bản chiếu đầu tiên của bộ phim này trong định dạng 2D Phụ Đề Anh, và giờ đây, tôi có cơ hội trải nghiệm sự sôi động của buổi chiếu. Việc chiếu phim bắt đầu vào lúc 09:05, tạo nên một không khí sôi động cho khán giả."
TRẠI BUÔN NGƯỜI,CGV Thảo Điền Pearl,28/09/2026,2D Phụ Đề Anh,11:10,"Trái đất của tôi là nơi mà mỗi ngày đều mang lại một điều mới mẻ. Vào ngày 28/09/2026, tôi đã có dịp để khám phá một khía cạnh khác của nó - một khía cạnh mà tôi đã chưa từng trải nghiệm trước đây. Phim TRIA BUÔN NGƯỜI đã được chiếu tại rạp CGV Thảo Điền Pearl, và tôi đã có cơ hội để cảm nhận sự sống động của nó. Với định dạng 2D Phụ Đề Anh và giờ chiếu 11:10, màn hình đã trở thành một thế giới đầy màu sắc và âm nhạc. Tôi đã bị thu hút bởi mỗi khung hình, mỗi khoảnh khắc. Đó là một trải nghiệm đáng nhớ, một cách để tôi tiếp cận và khám phá bản thân một cách mới."
TRẠI BUÔN NGƯỜI,CGV Thảo Điền Pearl,28/09/2026,2D Phụ Đề Anh,13:50,"Tôi vừa có dịp tận hưởng suất chiếu ""Trái bum người"" tại rạp chiếu CGV Thảo Điền Pearl.Ngày 28/9/2026, tôi đã có cơ hội đến rạp xem phim ""Trái bum người"" với định dạng 2D Phụ Đề Anh và giờ chiếu là 13h50. Một trải nghiệm thú vị và đầy ấn tượng đang được tạo ra ngay trước mắt tôi."
TRẠI BUÔN NGƯỜI,CGV Thảo Điền Pearl,28/09/2026,2D Phụ Đề Anh,16:40,"Tôi vừa có cơ hội xem suất chiếu TRẠI BUÔN NGƯỜI tại rạp CGV Thảo Điền Pearl và nó đã là một trải nghiệm tuyệt vời. Phim được chiếu với định dạng 2D Phụ Đề Anh và giờ chiếu là 16:40, tạo nên một không khí thoải mái và phù hợp cho buổi chiếu. Tôi đã có thể tận hưởng từng khoảnh khắc của bộ phim, khám phá thế giới mới và cảm nhận được cảm xúc sâu sắc của nhân vật chính."
TRẠI BUÔN NGƯỜI,CGV Thảo Điền Pearl,28/09/2026,2D Phụ Đề Anh,17:20,"Hôm nay, tôi đã có cơ hội tận hưởng bộ phim TRẠI BUÔN NGƯỜI tại rạp chiếu CGV Thảo Điền Pearl. Tôi đã xem suất chiếu vào lúc 17:20 và được trải nghiệm hình ảnh 2D Phụ Đề Anh tuyệt đẹp. Phim đã mang đến cho tôi một trải nghiệm thú vị và hấp dẫn, khiến tôi không thể rời mắt khỏi màn hình."
TRẠI BUÔN NGƯỜI,CGV Thảo Điền Pearl,28/09/2026,2D Phụ Đề Anh,19:20,"Hôm nay, tôi đã có cơ hội xem suất chiếu ""TRẠI BUÔN NGƯỜI"" tại CGV Thảo Điền Pearl và đó là một trải nghiệm tuyệt vời. Phim được chiếu với định dạng 2D Phụ Đề Anh và giờ chiếu là 19:20, tạo nên một bầu không khí yên tĩnh và tập trung cho khán giả. Tôi đã có thể tận hưởng sự hấp dẫn của bộ phim này tại rạp chiếu hiện đại và sạch sẽ."
TRẠI BUÔN NGƯỜI,CGV Thảo Điền Pearl,28/09/2026,2D Phụ Đề Anh,20:05,"Ngày 28/9/2026, tôi đã có cơ hội xem một suất chiếu TRẠI BUÔN NGƯỜI tại CGV Thảo Điền Pearl. Đây là một trải nghiệm tuyệt vời khi được tận hưởng một bộ phim 2D Phụ Đề Anh với chất lượng hình ảnh và âm thanh vượt trội. Phim đã chiếu vào giờ 20:05 và đã khiến khán giả trong phòng như bị thu hút vào thế giới của phim."
TRẠI BUÔN NGƯỜI,CGV Thảo Điền Pearl,28/09/2026,2D Phụ Đề Anh,22:00,"Tôi đã có cơ hội được trải nghiệm suất chiếu TRẠI BUÔN NGƯỜI tại rạp CGV Thảo Điền Pearl vào ngày 28/09/2026. Mặc dù chưa có trải nghiệm thực tế, nhưng thông tin cung cấp cho tôi cho thấy suất chiếu này được định dạng 2D Phụ Đề Anh và chiếu vào giờ 22:00. Đó chắc hẳn sẽ là một trải nghiệm thú vị với phong cách chiếu rập rờn và những câu phụ đề tiếng Anh."
VÙNG ĐẤT QUỶ DỮ,CGV Thảo Điền Pearl,28/09/2026,2D Phụ Đề Việt,09:10,"Ngày 28/09/2026, CGV Thảo Điền Pearl chào đón khán giả đến trải nghiệm màn chiếu đầu tiên của bộ phim VÙNG ĐẤT QUỶ DỮ với định dạng 2D Phụ Đề Việt và thời gian chiếu sớm 09:10. Đây là một sự kiện điện ảnh đáng chờ đợi, hứa hẹn mang đến trải nghiệm giải trí độc đáo cho khán giả."
VÙNG ĐẤT QUỶ DỮ,CGV Thảo Điền Pearl,28/09/2026,2D Phụ Đề Việt,14:10,Tôi vừa có cơ hội xem suất chiếu VÙNG ĐẤT QUỶ DỮ tại rạp chiếu CGV Thảo Điền Pearl vào ngày 28/09/2026 và đó là một trải nghiệm tuyệt vời! Phim được chiếu với định dạng 2D Phụ Đề Việt và thời gian chiếu là 14:10. Tôi đã tận hưởng khoảnh khắc xuất hiện của các nhân vật và cảm nhận được không khí tràn đầy năng lượng trong phòng chiếu.
VÙNG ĐẤT QUỶ DỮ,CGV Thảo Điền Pearl,28/09/2026,2D Phụ Đề Việt,17:00,"Ngày 28/9/2026, rạp CGV Thảo Điền Pearl chào đón khán giả đến với bộ phim VÙNG ĐẤT QUỶ DỮ với định dạng 2D Phụ Đề Việt và giờ chiếu 17:00. Đây là một trải nghiệm tuyệt vời dành cho những người yêu thích hình ảnh và âm thanh chất lượng cao, mang đến cho khán giả một không gian giải trí hiện đại và thoải mái."
VÙNG ĐẤT QUỶ DỮ,CGV Thảo Điền Pearl,28/09/2026,2D Phụ Đề Việt,18:40,"Tôi vừa bước vào rạp CGV Thảo Điền Pearl để trải nghiệm suất chiếu VÙNG ĐẤT QUỶ DỮ. Phim được chiếu với định dạng 2D Phụ Đề Việt và giờ chiếu là 18:40. Không khí rạp đang sôi động, khán giả đã bắt đầu ngồi và chuẩn bị cho một trải nghiệm tuyệt vời. Tôi đang chờ đợi và mong đợi để bắt đầu hành trình chiếu phim này."
AVENGERS: HỒI KẾT - PHIÊN BẢN ĐẶC BIỆT (CHIẾU LẠI),CGV Thảo Điền Pearl,29/09/2026,2D Phụ Đề Việt,09:40,Tôi vừa trở thành thành viên của câu lạc bộ Avengers và đã tham gia suất chiếu hồi kết - phiên bản đặc biệt tại CGV Thảo Điền Pearl vào ngày 29/09/2026. Tôi đã có trải nghiệm tuyệt vời khi xem phim 2D phụ đề Việt tại thời điểm 09:40. Không gian rạp chiếu rộng rãi và thoải mái đã mang lại cho tôi một trải nghiệm giải trí tuyệt vời.
AVENGERS: HỒI KẾT - PHIÊN BẢN ĐẶC BIỆT (CHIẾU LẠI),CGV Thảo Điền Pearl,29/09/2026,2D Phụ Đề Việt,13:15,"Hôm nay, tôi đã được xem suất chiếu AVENGERS: HỒI KẾT - PHIÊN BẢN ĐẶC BIỆT tại rạp chiếu CGV Thảo Điền Pearl. Phim được chiếu vào ngày 29/09/2026 với giờ chiếu 13:15. Tôi đã chọn định dạng 2D Phụ Đề Việt và trải nghiệm thú vị khi xem phim tại màn hình lớn. Màn chiếu 2D chất lượng cao mang đến trải nghiệm xem phim ấn tượng và đầy cảm xúc."
AVENGERS: HỒI KẾT - PHIÊN BẢN ĐẶC BIỆT (CHIẾU LẠI),CGV Thảo Điền Pearl,29/09/2026,2D Phụ Đề Việt,16:50,"Ngày 29/09/2026, CGV Thảo Điền Pearl trở thành điểm xuất phát của một trải nghiệm khán giả không thể quên khi chiếu AVENGERS: HỒI KẾT - PHIÊN BẢN ĐẶC BIỆT (CHIẾU LẠI) với định dạng 2D Phụ Đề Việt. Giờ chiếu 16:50, rạp phim chào đón khán giả cùng hành trình phiêu lưu và chiến đấu của các siêu anh hùng."
AVENGERS: HỒI KẾT - PHIÊN BẢN ĐẶC BIỆT (CHIẾU LẠI),CGV Thảo Điền Pearl,29/09/2026,2D Phụ Đề Việt,20:30,"Thời gian cuối cùng đã đến cho bộ phim Avengers: Hồi Kết - Phiên bản Đặc biệt (Chỉếu Lại) tại rạp CGV Thảo Điền Pearl. Vào ngày 29/09/2026, khán giả được tận hưởng trải nghiệm chiếu phim tuyệt vời trong định dạng 2D Phụ Đề Việt, đồng thời tận hưởng giờ chiếu 20:30."
BÁT TIÊN ! TRUY TÌM LƯU LY ĐĂNG,CGV Thảo Điền Pearl,29/09/2026,2D Phụ Đề Anh & Việt,11:45,"Hôm nay, tôi đã có cơ hội được xem suất chiếu ""BÁT TIÊN ! TRUY TÌM LƯU LY ĐĂNG"" tại CGV Thảo Điền Pearl. Phim được chiếu với định dạng 2D Phụ Đề Anh & Việt và bắt đầu tại 11h45 tối. Tôi đã tận hưởng trải nghiệm chiếu phim này, cảm nhận được sự sôi động và hấp dẫn từ các chủ đề được trình bày. Phim đã mang đến cho tôi một trải nghiệm thú vị và ý nghĩa, là một lời khuyên hữu ích cho bất kỳ ai đang tìm kiếm sự khám phá và tự phát triển."
BÁT TIÊN ! TRUY TÌM LƯU LY ĐĂNG,CGV Thảo Điền Pearl,29/09/2026,2D Phụ Đề Anh & Việt,19:00,"Hôm nay, tôi đã có cơ hội tận hưởng một trải nghiệm tuyệt vời tại rạp chiếu CGV Thảo Điền Pearl với bộ phim ""BÁT TIÊN ! TRUY TÌM LƯU LY ĐĂNG"". Phim được chiếu trong định dạng 2D Phụ Đề Anh & Việt và bắt đầu tại 19:00. Với không gian rạp chiếu hiện đại và âm thanh sống động, tôi đã được chiêm ngưỡng màn hình lớn với hình ảnh và âm nhạc tràn ngập. Mỗi giây phút trong bộ phim đều khiến tôi cảm thấy hấp dẫn và bất ngờ."
HÒN ĐẢO QUÊN LÃNG,CGV Thảo Điền Pearl,29/09/2026,2D Phụ Đề Việt,10:30,"Hôm nay, tôi đã có cơ hội xem suất chiếu ""HÒN ĐẢO QUÊN LÃNG"" tại CGV Thảo Điền Pearl và trải nghiệm thật tuyệt vời. Phim được chiếu với định dạng 2D Phụ Đề Việt và thời gian chiếu là 10:30 vào ngày 29/09/2026. Mọi thứ đã được chuẩn bị kỹ lưỡng, tạo nên không khí yên tĩnh và hứng thú cho khán giả."
HÒN ĐẢO QUÊN LÃNG,CGV Thảo Điền Pearl,29/09/2026,2D Lồng Tiếng Việt,14:40,"Tôi vừa có trải nghiệm tuyệt vời tại suất chiếu ""HÒN ĐẢO QUÊN LÃNG"" tại rạp CGV Thảo Điền Pearl. Phim được chiếu với định dạng 2D và tiếng lồng tiếng Việt, mang đến trải nghiệm thú vị cho khán giả. Tôi đã đến rạp vào ngày 29/09/2026 và đã có thể xem suất chiếu vào lúc 14:40. Sự kiện này đã mang lại cho tôi những giây phút giải trí thú vị và đáng nhớ."
HÒN ĐẢO QUÊN LÃNG,CGV Thảo Điền Pearl,29/09/2026,2D Phụ Đề Việt,20:00,"Tôi đã đến rạp CGV Thảo Điền Pearl vào tối 29/09/2026 để xem suất chiếu HÒN ĐẢO QUÊN LÃNG. Khi vào rạp, tôi được hướng dẫn đến ghế có phụ đề Việt và thời gian chiếu là 20:00. Mặc dù là một dự án mô phỏng, trải nghiệm này đã mang đến cho tôi cảm giác thực sự xem phim tại rạp, với âm thanh rõ ràng và hình ảnh sống động trên màn hình."
LAPUTA: LÂU ĐÀI TRÊN KHÔNG,CGV Thảo Điền Pearl,29/09/2026,2D Phụ Đề Việt,12:50,"Hôm nay, tôi đã có cơ hội được trải nghiệm sự tuyệt vời của bộ phim LAPUTA: LÂU ĐÀI TRÊN KHÔNG tại rạp chiếu CGV Thảo Điền Pearl. Phim đã được chiếu vào ngày 29/09/2026 với giờ chiếu là 12:50. Với định dạng 2D Phụ Đề Việt, bộ phim đã mang đến trải nghiệm thú vị và hấp dẫn cho khán giả. Tôi đã có thể tận hưởng khoảnh khắc tuyệt vời cùng với tất cả các khán giả khác trong rạp chiếu."
LAPUTA: LÂU ĐÀI TRÊN KHÔNG,CGV Thảo Điền Pearl,29/09/2026,2D Phụ Đề Việt,17:30,"Hôm nay, tôi đã có cơ hội trải nghiệm suất chiếu LAPUTA: LÂU ĐÀI TRÊN KHÔNG tại rạp CGV Thảo Điền Pearl. Khi bước vào rạp, tôi đã được tận hưởng một không gian rộng rãi và hiện đại, tạo cảm giác thoải mái cho khán giả. Phim đã được chiếu với chất lượng 2D Phụ Đề Việt, mang đến một trải nghiệm thú vị và dễ theo dõi. Tôi đã xem phim vào giờ 17:30 và cảm thấy thời điểm này là hoàn hảo để thưởng thức một bộ phim hấp dẫn như LAPUTA."
LÊN HƯƠNG,CGV Thảo Điền Pearl,29/09/2026,2D Phụ Đề Anh,09:50,"Tôi vừa có cơ hội xem suất chiếu phim LÊN HƯƠNG tại rạp chiếu CGV Thảo Điền Pearl và thật tuyệt vời! Phim được chiếu với định dạng 2D Phụ Đề Anh và thời gian chiếu là 09:50. Mỗi khung hình đều đầy màu sắc và sinh động, làm cho tôi cảm thấy như đang đứng ngay bên cạnh nhân vật chính. Trải nghiệm xem phim này tại rạp chiếu chuyên nghiệp là một trải nghiệm tuyệt vời!"
LÊN HƯƠNG,CGV Thảo Điền Pearl,29/09/2026,2D Phụ Đề Anh,21:50,"Hôm nay, tôi có cơ hội trải nghiệm suất chiếu ""LÊN HƯƠNG"" tại rạp chiếu CGV Thảo Điền Pearl. Phim chiếu vào ngày 29/09/2026, định dạng 2D Phụ Đề Anh và giờ chiếu là 21:50. Đây là một trải nghiệm tuyệt vời, giúp tôi cảm nhận được âm thanh và hình ảnh chất lượng cao của phim."
MARNIE YÊU DẤU,CGV Thảo Điền Pearl,29/09/2026,2D Phụ Đề Việt,15:20,"Hôm nay, tôi đã có cơ hội tham gia vào suất chiếu của phim MARNIE YÊU DẤU tại rạp CGV Thảo Điền Pearl. Phim được chiếu vào ngày 29/09/2026 với giờ chiếu 15:20. Tôi được trải nghiệm watching phim trong định dạng 2D Phụ Đề Việt, tạo nên một không gian chiếu phim thú vị và thân thiện."
PHÁO HOA LÚC BÌNH MINH,CGV Thảo Điền Pearl,29/09/2026,2D Phụ Đề Anh & Việt,22:20,"Tôi đã có cơ hội đến rạp CGV Thảo Điền Pearl để xem suất chiếu phim PHÁO HOA LÚC BÌNH MINH vào ngày 29/09/2026. Trong khi đó, tôi được thưởng thức một bộ phim 2D với cả phụ đề Anh và Việt. Thời gian chiếu là 22:20, một thời điểm phù hợp để tôi có thể tận hưởng bộ phim này. Mặc dù chỉ có một buổi chiếu duy nhất, nhưng tôi hy vọng sẽ có cơ hội để trải nghiệm phim này một lần nữa trong tương lai."
TRẠI BUÔN NGƯỜI,CGV Thảo Điền Pearl,29/09/2026,2D Phụ Đề Anh,16:40,"Ngày 29/9/2026, rạp CGV Thảo Điền Pearl đã chào đón khán giả đến trải nghiệm suất chiếu mới của phim TRẠI BUÔN NGƯỜI với định dạng 2D Phụ Đề Anh. Khán giả có thể tận hưởng trải nghiệm xem phim với giờ chiếu là 16:40."
TRẠI BUÔN NGƯỜI,CGV Thảo Điền Pearl,29/09/2026,2D Phụ Đề Anh,19:20,"Tôi đã có một trải nghiệm tuyệt vời tại suất chiếu TRẠI BUÔN NGƯỜI tại CGV Thảo Điền Pearl vào ngày 29/09/2026. Phim được chiếu trong định dạng 2D Phụ Đề Anh với thời gian chiếu bắt đầu từ 19:20. Mặc dù không được thông tin chi tiết về nội dung phim, nhưng bầu không khí trong rạp và sự tập trung của khán giả đã tạo ra một trải nghiệm hấp dẫn."
TRẠI BUÔN NGƯỜI,CGV Thảo Điền Pearl,29/09/2026,2D Phụ Đề Anh,22:00,"Hôm 29/09/2026, rạp CGV Thảo Điền Pearl chào đón khán giả đến xem suất chiếu phim TRẠI BUÔN NGƯỜI. Đây là một trải nghiệm tuyệt vời, với định dạng phim 2D Phụ Đề Anh và giờ chiếu 22:00. Bạn sẽ được immers vào thế giới phim mới mẻ và hấp dẫn ngay khi bước vào rạp."
VÙNG ĐẤT QUỶ DỮ,CGV Thảo Điền Pearl,29/09/2026,2D Phụ Đề Việt,09:20,"Tôi vừa có cơ hội được trải nghiệm suất chiếu của bộ phim ""VÙNG ĐẤT QUỶ DỮ"" tại rạp chiếu CGV Thảo Điền Pearl. Ngày chiếu là 29/09/2026 và tôi được ngồi vào ghế 09:20. Sự kiện chiếu rạp được trang bị định dạng 2D Phụ Đề Việt, tạo nên một trải nghiệm giải trí tuyệt vời và đầy màu sắc."
VÙNG ĐẤT QUỶ DỮ,CGV Thảo Điền Pearl,29/09/2026,2D Phụ Đề Việt,12:20,"Tôi vừa bước vào rạp CGV Thảo Điền Pearl và không thể chờ đợi nữa để xem VÙNG ĐẤT QUỶ DỮ. Tôi đã đặt vé tại thời điểm 12:20 ngày 29/09/2026 và giờ đây tôi đã sẵn sàng để trải nghiệm bộ phim này. Thông tin cho thấy rằng đây là một phiên chiếu 2D Phụ Đề Việt, chắc chắn sẽ mang đến một trải nghiệm thú vị và gần gũi với khán giả. Tôi tự hào là đã có cơ hội đến xem phim đầu tiên tại rạp chiếu này!"
VÙNG ĐẤT QUỶ DỮ,CGV Thảo Điền Pearl,29/09/2026,2D Phụ Đề Việt,14:20,"Hôm nay, tôi đã có cơ hội trải nghiệm suất chiếu ""VÙNG ĐẤT QUỶ DỮ"" tại rạp chiếu CGV Thảo Điền Pearl. Thức đến, tôi đã cảm thấy thích thú khi biết rằng phim sẽ được chiếu với định dạng 2D Phụ Đề Việt. Sau một hồi chờ đợi, giờ chiếu 14:20 đã đến và tôi đã có thể thưởng thức bộ phim này. Thông tin lịch chiếu được công bố từ trước, nên tôi đã biết rõ thời điểm và địa điểm chiếu phim. Tất cả đều đã diễn ra một cách suôn sẻ và hấp dẫn, tôi đã có một trải nghiệm tuyệt vời."
VÙNG ĐẤT QUỶ DỮ,CGV Thảo Điền Pearl,29/09/2026,2D Phụ Đề Việt,17:00,"Tôi vừa có dịp tận hưởng suất chiếu VÙNG ĐẤT QUỶ DỮ tại CGV Thảo Điền Pearl vào tối 29/09/2026 và có thể nói là trải nghiệm tuyệt vời nhất. Phim được chiếu với định dạng 2D Phụ Đề Việt và giờ chiếu hợp lý 17:00, giúp khán giả có thể dễ dàng tận hưởng bộ phim mà không bị phân tâm. Sự hấp dẫn của màn ảnh đã cuốn hút khán giả ngay từ đầu."
VÙNG ĐẤT QUỶ DỮ,CGV Thảo Điền Pearl,29/09/2026,2D Phụ Đề Việt,18:40,"Tôi vừa có cơ hội xem suất chiếu ""VÙNG ĐẤT QUỶ DỮ"" tại rạp chiếu CGV Thảo Điền Pearl vào ngày 29/09/2026. Đây là một trải nghiệm tuyệt vời, được phát hành dưới định dạng 2D Phụ Đề Việt, giúp tôi có thể tiếp cận và tận hưởng nội dung phim một cách toàn diện. Tôi đã chọn buổi chiếu vào lúc 18:40 và có thể nói rằng, việc này đã mang lại cho tôi một trải nghiệm độc đáo và thú vị."
VÙNG ĐẤT QUỶ DỮ,CGV Thảo Điền Pearl,29/09/2026,2D Phụ Đề Việt,20:40,"Tôi vừa có cơ hội xem suất chiếu VÙNG ĐẤT QUỶ DỮ tại CGV Thảo Điền Pearl vào ngày 29/09/2026. Với định dạng 2D Phụ Đề Việt, trải nghiệm chiếu phim đã mang đến cho tôi một trải nghiệm thú vị và gần gũi với nội dung phim. Tôi đã chọn buổi chiếu vào lúc 20:40 và cảm thấy rằng thời gian chiếu phim đã phù hợp để tôi tận hưởng mọi chi tiết."
VÙNG ĐẤT QUỶ DỮ,CGV Thảo Điền Pearl,29/09/2026,2D Phụ Đề Việt,22:40,"Ngày 29/09/2026, tại rạp chiếu CGV Thảo Điền Pearl, khán giả đã có cơ hội được trải nghiệm màn chiếu tuyệt vời với phim VÙNG ĐẤT QUỶ DỮ. Với định dạng 2D Phụ Đề Việt và giờ chiếu 22:40, sự hấp dẫn của phim đã được mang đến với khán giả tại đây. Mọi người đã được ngồi thoải mái và tận hưởng màn chiếu tuyệt vời, tạo nên một trải nghiệm đáng nhớ."
ÚT LAN 2,CGV Thảo Điền Pearl,29/09/2026,2D Phụ Đề Anh,09:30,"Hôm nay, tôi có cơ hội được trải nghiệm suất chiếu ""ÚT LAN 2"" tại rạp chiếu CGV Thảo Điền Pearl. Phim được chiếu với định dạng 2D Phụ Đề Anh và bắt đầu chiếu vào lúc 09:30. Đây là một trải nghiệm tuyệt vời để tôi có thể tận hưởng bộ phim mới với chất lượng cao."
ÚT LAN 2,CGV Thảo Điền Pearl,29/09/2026,2D Phụ Đề Anh,16:20,"Tôi vừa có cơ hội xem suất chiếu ""ÚT LAN 2"" tại rạp chiếu CGV Thảo Điền Pearl và trải nghiệm thật tuyệt vời. Phim được chiếu theo định dạng 2D Phụ Đề Anh với giờ chiếu là 16:20. Tôi cảm thấy phim rất hấp dẫn và hấp dẫn, với hình ảnh và âm thanh được thiết kế tinh tế. Mỗi giây xem đều mang đến cho tôi những cảm xúc mới mẻ và thú vị."
AVENGERS: HỒI KẾT - PHIÊN BẢN ĐẶC BIỆT (CHIẾU LẠI),CGV Thảo Điền Pearl,30/09/2026,2D Phụ Đề Việt,09:40,"Tôi vừa có dịp xem suất chiếu ""AVENGERS: HỒI KẾT - PHIÊN BẢN ĐẶC BIỆT"" tại CGV Thảo Điền Pearl vào tối 30/09/2026. Khi bước vào rạp, không khí đang đám đông và tích cực chờ đón bộ phim hành động này. Sau khi ngồi và chờ đợi, phim được chiếu với hình ảnh 2D Phụ Đề Việt và giờ chiếu 09:40, mang đến một trải nghiệm thú vị và hấp dẫn cho khán giả."
AVENGERS: HỒI KẾT - PHIÊN BẢN ĐẶC BIỆT (CHIẾU LẠI),CGV Thảo Điền Pearl,30/09/2026,2D Phụ Đề Việt,13:15,"Hôm nay, tôi đã được trải nghiệm một ngày phim tuyệt vời khi xem AVENGERS: HỒI KẾT - PHIÊN BẢN ĐẶC BIỆT tại rạp chiếu CGV Thảo Điền Pearl. Phim chiếu rạng rỡ với định dạng 2D Phụ Đề Việt và bắt đầu tại 13:15. Đó là một trải nghiệm tuyệt vời, mang đến cho tôi một trải nghiệm phim tuyệt vời cùng với khán giả khác."
AVENGERS: HỒI KẾT - PHIÊN BẢN ĐẶC BIỆT (CHIẾU LẠI),CGV Thảo Điền Pearl,30/09/2026,2D Phụ Đề Việt,16:50,"Tôi vừa có cơ hội xem suất chiếu AVENGERS: HỒI KẾT - PHIÊN BẢN ĐẶC BIỆT tại CGV Thảo Điền Pearl vào ngày 30/09/2026. Trong không gian rạp chiếu thoải mái, tôi đã được trải nghiệm phần phụ đề tiếng Việt cho phim này. Thời gian chiếu là 16:50, tạo sự thú vị cho khán giả."
AVENGERS: HỒI KẾT - PHIÊN BẢN ĐẶC BIỆT (CHIẾU LẠI),CGV Thảo Điền Pearl,30/09/2026,2D Phụ Đề Việt,20:30,"Hôm nay, tôi đã có trải nghiệm tuyệt vời tại rạp chiếu CGV Thảo Điền Pearl khi xem AVENGERS: HỒI KẾT - PHIÊN BẢN ĐẶC BIỆT. Phim được chiếu với định dạng 2D Phụ Đề Việt và thời gian chiếu là 20:30. Không chỉ thế, tôi đã được tận hưởng không gian rạp chiếu hiện đại và thoải mái. Mọi thứ đã được chuẩn bị kỹ lưỡng để mang đến trải nghiệm phim tuyệt vời nhất cho khán giả."
BÁT TIÊN ! TRUY TÌM LƯU LY ĐĂNG,CGV Thảo Điền Pearl,30/09/2026,2D Phụ Đề Anh & Việt,11:45,"Tôi vừa đến rạp CGV Thảo Điền Pearl để xem phim BÁT TIÊN ! TRUY TÌM LƯU LY ĐĂNG, một bộ phim được định dạng là 2D Phụ Đề Anh & Việt. Phim chiếu rạp vào ngày 30/09/2026 và tôi may mắn được xem phim tại giờ 11:45. Không có gì để mong đợi với thời điểm chiếu đầu tiên như thế này, nhưng tôi vẫn sẵn sàng để trải nghiệm."
BÁT TIÊN ! TRUY TÌM LƯU LY ĐĂNG,CGV Thảo Điền Pearl,30/09/2026,2D Phụ Đề Anh & Việt,19:00,"Hôm nay, tôi đã có cơ hội xem suất chiếu ""BÁT TIÊN ! TRUY TÌM LƯU LY ĐĂNG"" tại rạp chiếu CGV Thảo Điền Pearl. Sự kiện này đã mang đến cho tôi trải nghiệm thú vị và đầy bất ngờ. Phim được chiếu dưới định dạng 2D Phụ Đề Anh & Việt, tạo nên không khí hấp dẫn và thú vị. Tôi đã xem phim vào lúc 19:00, và cảm thấy rất hài lòng với quyết định của mình."
HÒN ĐẢO QUÊN LÃNG,CGV Thảo Điền Pearl,30/09/2026,2D Phụ Đề Việt,10:30,"Hôm nay, tôi đã có cơ hội được trải nghiệm suất chiếu ""HÒN ĐẢO QUÊN LÃNG"" tại rạp chiếu CGV Thảo Điền Pearl. Phim được chiếu với định dạng 2D Phụ Đề Việt và thời gian chiếu là 10:30. Tôi được tận hưởng một trải nghiệm phim tuyệt vời tại rạp chiếu hiện đại với không gian thoải mái và âm thanh tốt."
HÒN ĐẢO QUÊN LÃNG,CGV Thảo Điền Pearl,30/09/2026,2D Lồng Tiếng Việt,14:40,"Hôm nay, tôi đã có cơ hội xem suất chiếu ""HÒN ĐẢO QUÊN LÃNG"" tại rạp CGV Thảo Điền Pearl. Thật tuyệt vời khi được tận hưởng bộ phim này với định dạng 2D lồng tiếng Việt. Phim được chiếu vào ngày 30/09/2026 và giờ chiếu là 14:40. Mọi thứ đã được chuẩn bị kỹ lưỡng, tạo nên một trải nghiệm thú vị và hấp dẫn."
HÒN ĐẢO QUÊN LÃNG,CGV Thảo Điền Pearl,30/09/2026,2D Phụ Đề Việt,20:00,"Hôm nay, tôi đã được tận hưởng suất chiếu ""HÒN ĐẢO QUÊN LÃNG"" tại rạp chiếu CGV Thảo Điền Pearl vào ngày 30/09/2026. Sự kiện này đã mang đến cho tôi trải nghiệm thú vị và bổ ích. Tôi đã có cơ hội xem phim 2D Phụ Đề Việt với chất lượng cao và thời gian chiếu 1 giờ, giúp tôi hoàn toàn hòa nhập vào thế giới phim."
LAPUTA: LÂU ĐÀI TRÊN KHÔNG,CGV Thảo Điền Pearl,30/09/2026,2D Phụ Đề Việt,12:50,"Hôm nay, tôi đã có cơ hội trải nghiệm suất chiếu ""LAPUTA: LÂU ĐÀI TRÊN KHÔNG"" tại rạp chiếu CGV Thảo Điền Pearl. Phim được chiếu dưới định dạng 2D Phụ Đề Việt và bắt đầu vào giờ 12:50. Không khí trong rạp rất sôi động và khán giả đều mong chờ đến hành trình phiêu lưu của chính phiêu lưu. Mặc dù chỉ có thông tin cơ bản về phim, tôi đã có thể cảm nhận được sự thú vị và hấp dẫn của nó."
LAPUTA: LÂU ĐÀI TRÊN KHÔNG,CGV Thảo Điền Pearl,30/09/2026,2D Phụ Đề Việt,17:30,"Hôm nay, tôi đã có cơ hội trải nghiệm suất chiếu LAPUTA: LÂU ĐÀI TRÊN KHÔNG tại rạp chiếu CGV Thảo Điền Pearl. Thông tin cho biết rằng đây là một suất chiếu 2D Phụ Đề Việt và sẽ được chiếu vào ngày 30/09/2026 với giờ chiếu là 17:30. Tôi hy vọng sẽ có một trải nghiệm giải trí tuyệt vời cùng với khán giả khác."
LÊN HƯƠNG,CGV Thảo Điền Pearl,30/09/2026,2D Phụ Đề Anh,09:50,"Tôi vừa có trải nghiệm tuyệt vời tại rạp chiếu CGV Thảo Điền Pearl với bộ phim LÊN HƯƠNG. Vào ngày 30/09/2026, tôi đã được tận hưởng bộ phim 2D Phụ Đề Anh trong lịch chiếu này vào giờ 09:50. Mặc dù là một trải nghiệm mô phỏng, nhưng tôi cảm thấy như được immers trong thế giới phim, với hình ảnh và âm thanh được thiết kế để làm cho khán giả như được đưa vào thế giới của bộ phim."
LÊN HƯƠNG,CGV Thảo Điền Pearl,30/09/2026,2D Phụ Đề Anh,21:50,"Tôi đã có cơ hội xem suất chiếu ""LÊN HƯƠNG"" tại CGV Thảo Điền Pearl vào ngày 30/09/2026 và trải nghiệm một trải nghiệm tuyệt vời. Phim được chiếu trong định dạng 2D Phụ Đề Anh với giờ chiếu 21:50. Không gian rạp chiếu được thiết kế tinh tế và ấm cúng, tạo không gian riêng tư cho mỗi khán giả. Phim được chiếu rõ ràng và sắc nét, mang đến cho khán giả một trải nghiệm giải trí tuyệt vời."
MARNIE YÊU DẤU,CGV Thảo Điền Pearl,30/09/2026,2D Phụ Đề Việt,15:20,"Tôi đã có cơ hội trải nghiệm suất chiếu ""MARNIE YÊU DẤU"" tại CGV Thảo Điền Pearl vào ngày 30/09/2026. Phim được chiếu với định dạng 2D Phụ Đề Việt và giờ chiếu là 15:20. Mỗi phút trong bộ phim đều mang đến một trải nghiệm độc đáo, kết hợp giữa các yếu tố văn hóa và cảm xúc sâu sắc. Sự kết hợp hoàn hảo giữa âm nhạc và hình ảnh đã tạo nên một trải nghiệm khán giả không thể quên."
PHÁO HOA LÚC BÌNH MINH,CGV Thảo Điền Pearl,30/09/2026,2D Phụ Đề Anh & Việt,22:20,"Ngày 30/09/2026, rạp CGV Thảo Điền Pearl đã chào đón khán giả đến trải nghiệm suất chiếu ""Pháo Hoa Lúc Bính Minh"" với thời gian chiếu tại 22:20. Sự kiện này mang đến không gian phim ảnh đầy rẫy cảm xúc và bí ẩn, hứa hẹn sẽ là trải nghiệm đáng nhớ cho tất cả những người yêu thích bộ phim này."
TRẠI BUÔN NGƯỜI,CGV Thảo Điền Pearl,30/09/2026,2D Phụ Đề Anh,16:40,"Tôi vừa có cơ hội xem suất chiếu ""TRẠI BUÔN NGƯỜI"" tại rạp CGV Thảo Điền Pearl vào ngày 30/09/2026. Lần này, tôi chọn định dạng 2D Phụ Đề Anh và giờ chiếu 16:40. Không khí rạp tràn ngập năng lượng và khán giả đều đặn đã sẵn sàng để trải nghiệm phim. Phim đã bắt đầu và tôi đã sẵn sàng để được đưa vào thế giới của bộ phim."
TRẠI BUÔN NGƯỜI,CGV Thảo Điền Pearl,30/09/2026,2D Phụ Đề Anh,19:20,"Hôm nay, tôi đã có cơ hội được trải nghiệm suất chiếu ""TRẠI BUÔN NGƯỜI"" tại rạp chiếu CGV Thảo Điền Pearl. Phim được chiếu dưới định dạng 2D Phụ Đề Anh và được phát hành vào ngày 30/09/2026. Tôi đã ngồi vào chỗ và chờ đợi một chút, sau đó phim đã bắt đầu. Thời gian chiếu là 19:20 và tôi cảm thấy được tận hưởng một bộ phim thú vị và đầy hấp dẫn."
TRẠI BUÔN NGƯỜI,CGV Thảo Điền Pearl,30/09/2026,2D Phụ Đề Anh,22:00,"Trải nghiệm xem suất chiếu TRẠI BUÔN NGƯỜI tại CGV Thảo Điền Pearl là một trải nghiệm tuyệt vời. Phim được chiếu với định dạng 2D Phụ Đề Anh, tạo ra một bầu không khí lãng mạn và lãnh đản. Thời điểm chiếu 22:00 tạo nên một không gian riêng tư và thoải mái cho khán giả. Đó là một trải nghiệm không thể quên khi được tận hưởng hình ảnh và âm nhạc của phim trong một không gian yên tĩnh và ấm áp."
VÙNG ĐẤT QUỶ DỮ,CGV Thảo Điền Pearl,30/09/2026,2D Phụ Đề Việt,09:20,"Hôm nay, tôi đã có cơ hội trải nghiệm sự thú vị khi xem suất chiếu ""VÙNG ĐẤT QUỶ DỮ"" tại rạp chiếu CGV Thảo Điền Pearl. Phim được chiếu ở định dạng 2D Phụ Đề Việt và đã bắt đầu vào lúc 09:20. Mặc dù chỉ là một lần xem, tôi đã cảm nhận được sự hấp dẫn và phong cách độc đáo của bộ phim này. Trải nghiệm xem phim trong không gian rạp chiếu hiện đại cùng với chất lượng hình ảnh và âm thanh vượt trội đã làm cho trải nghiệm trở nên tuyệt vời hơn."
VÙNG ĐẤT QUỶ DỮ,CGV Thảo Điền Pearl,30/09/2026,2D Phụ Đề Việt,12:20,"Tôi vừa tham gia suất chiếu ""VÙNG ĐẤT QUỶ DỮ"" tại rạp chiếu CGV Thảo Điền Pearl và trải nghiệm một thời gian tuyệt vời. Khi bước vào rạp, không khí đã được chuẩn bị đầy đủ cho đêm chiếu. Phim được chiếu trong định dạng 2D Phụ Đề Việt, giúp tôi dễ dàng theo dõi và thưởng thức. Sau khi ngồi và chờ đợi, cuối cùng là thời điểm phát sóng, và tôi đã được dành một khoảng thời gian để thưởng thức bộ phim này."
VÙNG ĐẤT QUỶ DỮ,CGV Thảo Điền Pearl,30/09/2026,2D Phụ Đề Việt,14:20,"Tôi vừa có cơ hội xem suất chiếu ""VÙNG ĐẤT QUỶ DỮ"" tại rạp chiếu CGV Thảo Điền Pearl vào ngày 30/09/2026. Đây là một trải nghiệm thú vị với định dạng 2D Phụ Đề Việt. Phim được chiếu vào giờ 14:20, và tôi đã tận hưởng từng khoảnh khắc trên màn hình."
VÙNG ĐẤT QUỶ DỮ,CGV Thảo Điền Pearl,30/09/2026,2D Phụ Đề Việt,17:00,"Tôi đã có dịp trải nghiệm suất chiếu VÙNG ĐẤT QUỶ DỮ tại rạp CGV Thảo Điền Pearl vào ngày 30/09/2026. Khi bước vào rạp, không khí đã được tạo ra một không gian ấm cúng và thú vị. Tôi đã chọn ghế ngồi ở vị trí lý tưởng, tạo cho mình một trải nghiệm tuyệt vời. Phim đã được chiếu với định dạng 2D Phụ Đề Việt và giờ chiếu là 17:00, tạo cho khán giả một trải nghiệm thú vị và tiện lợi."
VÙNG ĐẤT QUỶ DỮ,CGV Thảo Điền Pearl,30/09/2026,2D Phụ Đề Việt,18:40,"Tôi vừa có cơ hội xem suất chiếu ""VÙNG ĐẤT QUỶ DỮ"" tại rạp chiếu CGV Thảo Điền Pearl vào ngày 30/09/2026. Qua trải nghiệm ngắn trong phòng chiếu 2D Phụ Đề Việt, tôi cảm thấy bản thân được thả vào thế giới huyền bí và đầy phấn khích. Thời điểm 18:40 là một khung giờ hoàn hảo để hòa mình vào không gian phim, kết hợp với chất lượng hình ảnh và âm thanh, tôi cảm thấy mình đã trực tiếp trải nghiệm những khoảnh khắc phiêu lưu trong bộ phim."
VÙNG ĐẤT QUỶ DỮ,CGV Thảo Điền Pearl,30/09/2026,2D Phụ Đề Việt,20:40,"Tôi vừa có cơ hội xem suất chiếu ""VÙNG ĐẤT QUỶ DỮ"" tại rạp chiếu CGV Thảo Điền Pearl vào tối 30/09/2026. Đến với sự thú vị của 2D Phụ Đề Việt, tôi đã trải nghiệm một chiều sâu và phong cách độc đáo. Thời gian chiếu phim là 20:40, tạo nên một không gian riêng tư và yên tĩnh cho khán giả. Mặc dù chỉ là một đêm xem phim, nhưng trải nghiệm này đã để lại ấn tượng sâu sắc trong tôi."
VÙNG ĐẤT QUỶ DỮ,CGV Thảo Điền Pearl,30/09/2026,2D Phụ Đề Việt,22:40,"Tôi vừa rời khỏi rạp chiếu VÙNG ĐẤT QUỶ DỮ tại CGV Thảo Điền Pearl và tôi vẫn còn cảm thấy như được chiêm ngưỡng một thế giới mới. Phim được chiếu trong đêm 30/09/2026 với giờ chiếu 22:40 đã tạo cho tôi một trải nghiệm không thể quên. Màn chiếu 2D Phụ Đề Việt đã mang đến cho tôi một cảm giác như được đưa vào thế giới của bộ phim. Mỗi khung hình đều mang đến một câu chuyện mới, một thế giới mới, làm cho tôi không thể rời mắt khỏi màn ảnh. Tôi đã cảm nhận được sự sống động của phim trong từng chi tiết."
ÚT LAN 2,CGV Thảo Điền Pearl,30/09/2026,2D Phụ Đề Anh,09:30,"Tôi vừa có cơ hội xem suất chiếu phim ÚT LAN 2 tại rạp chiếu CGV Thảo Điền Pearl và thật tuyệt vời! Phim được chiếu trong định dạng 2D Phụ Đề Anh với thời gian 09:30, tạo nên một trải nghiệm hấp dẫn. Với sự chuẩn bị kỹ lưỡng, rạp chiếu đã mang đến một không gian thư giãn cho khán giả trong khi chờ đợi, khiến tôi mong chờ hơn nữa để trải nghiệm hành trình của phim."
ÚT LAN 2,CGV Thảo Điền Pearl,30/09/2026,2D Phụ Đề Anh,16:20,"Tôi vừa xem được suất chiếu ""ÚT LAN 2"" tại rạp chiếu CGV Thảo Điền Pearl vào ngày 30/09/2026. Phim được chiếu với định dạng 2D Phụ Đề Anh và thời gian chiếu là 16:20. Đó là một trải nghiệm thú vị và hấp dẫn, khiến tôi cảm thấy như mình đang tham gia vào thế giới phim."
LÊN HƯƠNG,CGV Vincom Thủ Đức,25/09/2026,2D Phụ Đề Anh | Rạp STARIUM,21:45,"Hôm nay, tôi đã có dịp được trải nghiệm suất chiếu phim ""LÊN HƯƠNG"" tại rạp chiếu CGV Vincom Thủ Đức. Phim chiếu rực rỡ trên màn hình 2D, với phụ đề Anh và định dạng STARIUM. Tôi đã chọn một buổi chiếu vào lúc 21:45 và đã tận hưởng từng phút giây của bộ phim. Màn chiếu được thiết kế tinh tế, tạo nên một không gian tuyệt vời cho khán giả."
LÊN HƯƠNG,CGV Vincom Thủ Đức,25/09/2026,2D Phụ Đề Anh,23:15,"Tôi đã tham gia suất chiếu phim LÊN HƯƠNG tại rạp chiếu CGV Vincom Thủ Đức vào ngày 25/09/2026. Với định dạng 2D Phụ Đề Anh, tôi đã trải nghiệm một màn chiếu sinh động và màu sắc rực rỡ. Phim được chiếu vào giờ 23:15, tạo không khí yên tĩnh và tập trung cho khán giả. Tôi cảm nhận được sự hứng thú và sự chú ý của khán giả xung quanh mình, tạo ra một bầu không khí thú vị và hấp dẫn."
TRẠI BUÔN NGƯỜI,CGV Vincom Thủ Đức,25/09/2026,2D Phụ Đề Anh,20:45,"Tôi vừa có cơ hội xem suất chiếu phim TRẠI BUÔN NGƯỜI tại rạp chiếu CGV Vincom Thủ Đức vào ngày 25/09/2026. Phim được chiếu trong định dạng 2D Phụ Đề Anh và bắt đầu từ 20:45. Mở đầu một chiều sâu của cảm xúc và khám phá, phim mang đến trải nghiệm thú vị cho khán giả trong một đêm chiếu."
TRẠI BUÔN NGƯỜI,CGV Vincom Thủ Đức,25/09/2026,2D Phụ Đề Anh,21:30,"Hôm nay, tôi đã có cơ hội trải nghiệm suất chiếu ""TRẠI BUÔN NGƯỜI"" tại CGV Vincom Thủ Đức. Phim chiếu rạp với định dạng 2D Phụ Đề Anh bắt đầu từ 21:30 và tôi đã có thể tận hưởng toàn bộ nội dung phim. Quan sát trên màn hình lớn, tôi cảm nhận được sự hấp dẫn và thú vị từ từng khoảnh khắc. Sự sống động và chi tiết của phim đã mang đến cho tôi trải nghiệm đáng nhớ."
TRẠI BUÔN NGƯỜI,CGV Vincom Thủ Đức,25/09/2026,2D Phụ Đề Anh,22:15,"Trái buổn người đã lên màn ảnh tại CGV Vincom Thủ Đức vào ngày 25/9/2026, mang đến một trải nghiệm điện ảnh độc đáo. Với định dạng 2D Phụ Đề Anh và giờ chiếu 22h15, khán giả có thể tận hưởng một chiều nhìn mới. Đây là cơ hội để khám phá một bộ phim độc đáo, sẵn sàng chào đón bạn đến rạp chiếu."
TRẠI BUÔN NGƯỜI,CGV Vincom Thủ Đức,25/09/2026,2D Phụ Đề Anh,23:00,"Hôm 25/09/2026, rạp CGV Vincom Thủ Đức trở thành địa điểm lý tưởng để trải nghiệm phim TRẠI BUÔN NGƯỜI. Với định dạng 2D Phụ Đề Anh và giờ chiếu chính xác là 23:00, khán giả có thể tận hưởng trải nghiệm xem phim tuyệt vời của mình."
VÙNG ĐẤT QUỶ DỮ,CGV Vincom Thủ Đức,25/09/2026,2D Phụ Đề Việt,23:30,"Tôi vừa đến rạp CGV Vincom Thủ Đức vào tối 25/9/2026 để xem suất chiếu VÙNG ĐẤT QUỶ DỮ. Thời tiết đã tối tăm, không khí rạp đầy sôi động với hàng trăm khán giả cùng mong chờ. Tôi đã chọn ghế ở vị trí tuyệt vời và chuẩn bị sẵn sàng để trải nghiệm những khoảnh khắc tuyệt vời này. Phim đã bắt đầu và tôi đang được chiêm ngưỡng một tác phẩm nghệ thuật tuyệt vời."
ÚT LAN 2,CGV Vincom Thủ Đức,25/09/2026,2D Phụ Đề Anh,21:00,"Ngày 25/09/2026, rạp chiếu CGV Vincom Thủ Đức đã trở thành nơi diễn ra một trải nghiệm chiếu phim đáng nhớ với bộ phim ÚT LAN 2. Với định dạng 2D Phụ Đề Anh, bộ phim đã mang đến cho khán giả một không gian phim ảnh đầy sự sống động. Khi giờ chiếu 21:00 bắt đầu, mọi người đã sẵn sàng để bị thu hút vào thế giới mà bộ phim đang đưa họ. Mỗi giây, mỗi phút đều mang đến một trải nghiệm mới, khiến khán giả không thể rời mắt khỏi màn ảnh."
ÚT LAN 2,CGV Vincom Thủ Đức,25/09/2026,2D Phụ Đề Anh,22:45,"Tôi đã tham gia xem màn trình chiếu ""ÚT LAN 2"" tại rạp chiếu CGV Vincom Thủ Đức vào ngày 25/09/2026. Màn chiếu này được tổ chức tại một thời điểm phù hợp với nhiều người, với giờ chiếu là 22:45. Mặc dù chỉ là một trải nghiệm xem phim đơn thuần, màn chiếu đã mang lại cho tôi một trải nghiệm thú vị và hấp dẫn."
AVENGERS: HỒI KẾT - PHIÊN BẢN ĐẶC BIỆT (CHIẾU LẠI),CGV Vincom Thủ Đức,26/09/2026,2D Phụ Đề Việt | Rạp STARIUM																 & Infinity Vision,13:20,"Tôi vừa có dịp xem suất chiếu ""AVENGERS: HỒI KẾT - PHIÊN BẢN ĐẶC BIỆT"" tại rạp CGV Vincom Thủ Đức và thật tuyệt vời! Phim được chiếu vào ngày 26/09/2026, với định dạng 2D Phụ Đề Việt | Rạp STARIUM & Infinity Vision. Tôi đã chọn giờ 13:20 để thưởng thức, và trải nghiệm đó thực sự đáng nhớ với chất lượng hình ảnh và âm thanh tuyệt vời."
HÒN ĐẢO QUÊN LÃNG,CGV Vincom Thủ Đức,26/09/2026,2D Lồng Tiếng Việt,10:50,"Tôi đã có mặt tại rạp CGV Vincom Thủ Đức để trải nghiệm suất chiếu ""HÒN ĐẢO QUÊN LÃNG"" vào ngày 26/09/2026. Thông qua màn hình 2D lồng tiếng Việt, tôi đã được chinh phục bởi những khoảnh khắc hào hứng và cảm xúc sâu sắc. Thời gian 10:50 đã trở thành một khoảnh khắc không thể quên, mang đến cho tôi một trải nghiệm phim ảnh tuyệt vời."
HÒN ĐẢO QUÊN LÃNG,CGV Vincom Thủ Đức,26/09/2026,2D Lồng Tiếng Việt,14:10,"Tôi đã có cơ hội xem suất chiếu ""HÒN ĐẢO QUÊN LÃNG"" tại rạp chiếu CGV Vincom Thủ Đức vào ngày 26/09/2026. Phim được chiếu trong định dạng 2D và lồng tiếng Việt. Tôi đã có thời điểm xem phim vào lúc 14:10. Qua trải nghiệm, tôi cảm thấy được tham gia vào một cuộc phiêu lưu hấp dẫn cùng với nhân vật chính. Phim đã mang đến cho tôi một cảm giác thú vị và kích thích."
HÒN ĐẢO QUÊN LÃNG,CGV Vincom Thủ Đức,26/09/2026,2D Lồng Tiếng Việt,18:45,"Hôm nay, tôi đã được tận hưởng suất chiếu ""HÒN ĐẢO QUÊN LÃNG"" tại CGV Vincom Thủ Đức. Phim được chiếu với định dạng 2D và lồng tiếng Việt, tạo cảm giác gần gũi và dễ chịu cho khán giả. Tôi đã chọn xem phim vào lúc 18:45 và trải nghiệm một không gian thoải mái trong rạp chiếu. Sự hài lòng với suất chiếu này đã khiến tôi muốn quay lại xem lại phim này."
HÒN ĐẢO QUÊN LÃNG,CGV Vincom Thủ Đức,26/09/2026,2D Lồng Tiếng Việt,19:50,"Tôi vừa có cơ hội xem suất chiếu ""HÒN ĐẢO QUÊN LÃNG"" tại rạp chiếu CGV Vincom Thủ Đức vào ngày 26/09/2026. Phim được trình chiếu với định dạng 2D và lồng tiếng Việt. Thông tin thời gian chiếu là 19:50, khiến cho trải nghiệm của tôi vô cùng thú vị và tiện lợi. Tôi cảm thấy như mình đang ở trong thế giới tuyệt vời của film khi xem phim tại rạp."
LAPUTA: LÂU ĐÀI TRÊN KHÔNG,CGV Vincom Thủ Đức,26/09/2026,2D Phụ Đề Việt,15:00,"Hôm nay, tôi đã có cơ hội được trải nghiệm suất chiếu ""LAPUTA: LÂU ĐÀI TRÊN KHÔNG"" tại rạp chiếu CGV Vincom Thủ Đức. Phim được chiếu với định dạng 2D Phụ Đề Việt và giờ chiếu là 15:00. Sự kiện này đã mang đến cho tôi một không gian độc đáo và hấp dẫn để thưởng thức."
LÊN HƯƠNG,CGV Vincom Thủ Đức,26/09/2026,2D Phụ Đề Anh,09:30,"Hôm nay, tôi đã có dịp được trải nghiệm suất chiếu ""LÊN HƯƠNG"" tại rạp chiếu CGV Vincom Thủ Đức. Phim được chiếu dưới định dạng 2D Phụ Đề Anh với giờ chiếu là 09:30. Tôi đã dành thời gian để xem phim và cảm nhận được không khí sôi động và hấp dẫn trong phòng chiếu. Sức hút của phim đã khiến tôi không thể rời mắt khỏi màn hình trong suốt thời gian chiếu."
LÊN HƯƠNG,CGV Vincom Thủ Đức,26/09/2026,2D Phụ Đề Anh,18:00,"Tôi vừa có cơ hội trải nghiệm suất chiếu ""LÊN HƯƠNG"" tại rạp CGV Vincom Thủ Đức. Ngày chiếu hôm nay là 26/09/2026 và tôi đã được xem phim vào giờ 18:00. Phim được chiếu với định dạng 2D Phụ Đề Anh, tạo nên không gian mượt mà và dễ chịu cho khán giả. Mình cảm thấy ấn tượng với không gian rạp chiếu hiện đại và đội ngũ nhân viên thân thiện."
LÊN HƯƠNG,CGV Vincom Thủ Đức,26/09/2026,2D Phụ Đề Anh,19:15,"Tôi vừa có trải nghiệm tuyệt vời khi xem LÊN HƯƠNG tại rạp chiếu CGV Vincom Thủ Đức. Phim được chiếu vào ngày 26/09/2026, với định dạng 2D Phụ Đề Anh và giờ chiếu là 19:15. Màn chiếu rất rộng và rõ ràng, giúp tôi dễ dàng theo dõi toàn bộ nội dung phim. Không khí rạp chiếu sôi động và đông đúc, tạo cảm giác thú vị cho trải nghiệm xem phim."
LÊN HƯƠNG,CGV Vincom Thủ Đức,26/09/2026,2D Phụ Đề Anh,21:50,"Tôi vừa có cơ hội xem suất chiếu ""LÊN HƯƠNG"" tại rạp chiếu CGV Vincom Thủ Đức và đó là trải nghiệm tuyệt vời nhất. Phim được chiếu vào ngày 26/09/2026 với định dạng 2D Phụ Đề Anh và thời gian bắt đầu là 21:50. Mọi thứ đã được chuẩn bị kỹ lưỡng, tạo nên không khí điện gió cho khán giả."
LÊN HƯƠNG,CGV Vincom Thủ Đức,26/09/2026,2D Phụ Đề Anh,23:10,"Hôm nay, tôi đã có cơ hội trải nghiệm suất chiếu phim LÊN HƯƠNG tại CGV Vincom Thủ Đức. Phim được chiếu dưới định dạng 2D Phụ Đề Anh với giờ chiếu là 23:10. Không khí rạp chiếu đã được tạo nên bởi những người hâm mộ đã đến để cùng nhau tận hưởng bộ phim này. Sau khi ngồi và chờ đợi, cuối cùng cũng đã đến thời điểm phim bắt đầu. Tôi đã dành cả thời gian để theo dõi và cảm nhận từng khoảnh khắc trong bộ phim này. Qua trải nghiệm, tôi cảm thấy đã được trải nghiệm một bộ phim tuyệt vời và đáng nhớ."
MARNIE YÊU DẤU,CGV Vincom Thủ Đức,26/09/2026,2D Phụ Đề Việt,12:00,"Hôm nay, bạn có cơ hội trải nghiệm suất chiếu phim 2D Phụ Đề Việt tại rạp chiếu CGV Vincom Thủ Đức. Phim được chiếu vào ngày 26/09/2026, với thời gian chiếu là 12:00. Đây là một cơ hội tuyệt vời để bạn cùng với gia đình hoặc bạn bè chia sẻ trải nghiệm xem phim mới nhất. Hãy đến rạp chiếu và tận hưởng bộ phim hấp dẫn cùng với các phụ đề Việt."
MARNIE YÊU DẤU,CGV Vincom Thủ Đức,26/09/2026,2D Phụ Đề Việt,17:35,"Trong đêm thứ Sáu, 26/09/2026, rạp CGV Vincom Thủ Đức đã trở thành điểm đến lý tưởng cho những người yêu phim muốn trải nghiệm một chiều. Phim MARNIE YÊU DẤU đã chính thức ra mắt với định dạng 2D Phụ Đề Việt, đảm bảo cho khán giả trải nghiệm đầy đủ. Thời gian chiếu đầu tiên là 17:35, phù hợp với thói quen xem phim của đa số. Đây là dịp tuyệt vời để khám phá một bộ phim mới mẻ và được yêu thích."
TRẠI BUÔN NGƯỜI,CGV Vincom Thủ Đức,26/09/2026,2D Phụ Đề Anh,09:00,"Ngày 26/09/2026, rạp chiếu CGV Vincom Thủ Đức chào đón khán giả đến xem suất chiếu TRẠI BUÔN NGƯỜI của 2D Phụ Đề Anh vào lúc 09:00. Đây là dịp tuyệt vời để trải nghiệm sự hấp dẫn của bộ phim mới tại nơi đây."
TRẠI BUÔN NGƯỜI,CGV Vincom Thủ Đức,26/09/2026,2D Phụ Đề Anh,09:30,Tôi vừa đến rạp CGV Vincom Thủ Đức và được chiếu bộ TRẠI BUÔN NGƯỜI với định dạng 2D Phụ Đề Anh vào thời điểm 09:30. Không khí rạp đang được làm ồn và tôi có thể cảm nhận được sự hào hứng của khán giả xung quanh. Tôi đã có thể tận hưởng bộ phim này tại chỗ và có trải nghiệm tuyệt vời với chất lượng hình ảnh và âm thanh tuyệt hảo.
TRẠI BUÔN NGƯỜI,CGV Vincom Thủ Đức,26/09/2026,2D Phụ Đề Anh,10:00,"Hôm nay, tôi đã có cơ hội được xem suất chiếu TRẠI BUÔN NGƯỜI tại rạp CGV Vincom Thủ Đức. Sự kiện chiếu rạp diễn ra vào ngày 26/09/2026 và tôi đã may mắn được chọn để trải nghiệm. Phim được chiếu với định dạng 2D Phụ Đề Anh và giờ chiếu là 10:00. Mặc dù không biết nhiều về nội dung phim, nhưng sự hấp dẫn và thú vị từ những phụ đề tiếng Anh đã khiến tôi không thể rời mắt. Tôi đã có một trải nghiệm thú vị và cảm thấy hài lòng sau khi xem suất chiếu này."
TRẠI BUÔN NGƯỜI,CGV Vincom Thủ Đức,26/09/2026,2D Phụ Đề Anh | Rạp STARIUM,10:30,"Tôi đã có cơ hội tham gia xem suất chiếu TRẠI BUÔN NGƯỜI tại rạp chiếu CGV Vincom Thủ Đức vào ngày 26/09/2026. Khi bước vào rạp, tôi cảm thấy không khí sôi động và hứng thú. Phim được chiếu với định dạng 2D Phụ Đề Anh và Rạp STARIUM, giúp cho trải nghiệm xem phim trở nên sống động và thú vị hơn. Cuối cùng, tôi đã có một buổi chiếu phim thật tuyệt vời với thời gian chiếu là 10:30."
TRẠI BUÔN NGƯỜI,CGV Vincom Thủ Đức,26/09/2026,2D Phụ Đề Anh,11:00,"Hôm nay, tôi có cơ hội được trải nghiệm một đêm chiếu phim tại CGV Vincom Thủ Đức với bộ phim TRẠI BUÔN NGƯỜI. Phim được chiếu trong định dạng 2D Phụ Đề Anh với giờ chiếu là 11:00. Atmosphere rạp rất sôi động và nhiệt tình của khán giả đã tạo ra một trải nghiệm thú vị và giải trí cho tất cả mọi người."
TRẠI BUÔN NGƯỜI,CGV Vincom Thủ Đức,26/09/2026,2D Phụ Đề Anh,11:45,"Khi bước vào rạp CGV Vincom Thủ Đức vào chiều 26/9/2026, không khí sôi động chuẩn bị cho màn chiếu đầu tiên của ""TRẠI BUÔN NGƯỜI"" đã tạo ra sức hút không thể phủ nhận. Sự kiện này hứa hẹn sẽ là một trải nghiệm đáng nhớ với mỗi khán giả. Phim được định dạng là 2D Phụ Đề Anh và sẽ bắt đầu chiếu tại 11:45. Tất cả những ai tham gia sẽ được chào đón vào một thế giới đầy màu sắc và cảm xúc."
TRẠI BUÔN NGƯỜI,CGV Vincom Thủ Đức,26/09/2026,2D Phụ Đề Anh,12:15,"Hôm nay, tôi đã có cơ hội trải nghiệm suất chiếu TRẠI BUÔN NGƯỜI tại CGV Vincom Thủ Đức. Phim được chiếu dưới định dạng 2D Phụ Đề Anh và bắt đầu vào lúc 12:15. Không cần phải chờ đợi quá lâu, suất chiếu đã được sắp xếp một cách hợp lý cho cả khán giả. Tôi cảm thấy thoải mái và tận hưởng trải nghiệm chiếu phim một cách tuyệt vời."
TRẠI BUÔN NGƯỜI,CGV Vincom Thủ Đức,26/09/2026,2D Phụ Đề Anh,12:45,"Tôi vừa có cơ hội xem suất chiếu ""TRẠI BUÔN NGƯỜI"" tại rạp chiếu CGV Vincom Thủ Đức. Khi bước vào rạp, tôi đã được trải nghiệm một không gian thoải mái và hiện đại. Sau khi xem phim với định dạng 2D Phụ Đề Anh, tôi cảm thấy giải trí và thư giãn. Thời gian chiếu là 12:45, tạo cho tôi một khung thời gian cụ thể và thú vị."
TRẠI BUÔN NGƯỜI,CGV Vincom Thủ Đức,26/09/2026,2D Phụ Đề Anh,13:15,"Tôi đã có một trải nghiệm thú vị tại rạp chiếu CGV Vincom Thủ Đức với bộ phim TRẠI BUÔN NGƯỜI. Phim được chiếu dưới định dạng 2D Phụ Đề Anh và bắt đầu vào lúc 13:15. Môi trường rạp chiếu yên tĩnh, chờ đợi đến khi màn ảnh nổ ra với những cảnh phim ấn tượng. Mặc dù chưa có cảm xúc đặc biệt về phim, nhưng trải nghiệm xem phim tại CGV Vincom Thủ Đức đã rất thoải mái và thú vị."
TRẠI BUÔN NGƯỜI,CGV Vincom Thủ Đức,26/09/2026,2D Phụ Đề Anh,14:30,"Hôm nay, tôi đã có cơ hội được trải nghiệm suất chiếu ""TRẠI BUÔN NGƯỜI"" tại rạp CGV Vincom Thủ Đức. Phim chiếu vào ngày 26/09/2026 với định dạng 2D Phụ Đề Anh và giờ chiếu 14:30 đã mang đến cho tôi một trải nghiệm thú vị và hấp dẫn. Bất cứ ai cũng có thể tận hưởng một đêm giải trí tuyệt vời cùng với những nhân vật và câu chuyện hấp dẫn."
TRẠI BUÔN NGƯỜI,CGV Vincom Thủ Đức,26/09/2026,2D Phụ Đề Anh,15:30,"Hôm nay, tôi đã có dịp được trải nghiệm suất chiếu ""TRẠI BUÔN NGƯỜI"" tại CGV Vincom Thủ Đức. Phim chiếu rạp được định dạng 2D Phụ Đề Anh và được chiếu vào đúng giờ 15:30. Tôi có thể cảm nhận được sự hấp dẫn từ hình ảnh và âm thanh độc đáo của mỗi khung giờ. Sau khi xem, tôi cảm thấy như đã thoát khỏi thế giới của mình vào một thế giới mới, đầy thú vị và đầy màu sắc."
TRẠI BUÔN NGƯỜI,CGV Vincom Thủ Đức,26/09/2026,2D Phụ Đề Anh,16:00,"Tôi vừa có cơ hội tham gia vào một suất chiếu phim TRẠI BUÔN NGƯỜI tại rạp CGV Vincom Thủ Đức. Phim được chiếu với định dạng 2D Phụ Đề Anh vào ngày 26/09/2026, và tôi đã đến xem tại giờ 16:00. Mở đầu với bản đồ rộng lớn và nền tảng phiêu lưu đầy màu sắc, bộ phim này đã mang đến cho tôi những trải nghiệm đáng nhớ."
TRẠI BUÔN NGƯỜI,CGV Vincom Thủ Đức,26/09/2026,2D Phụ Đề Anh,16:30,"Hôm nay, tôi đã có cơ hội đến rạp chiếu CGV Vincom Thủ Đức để xem suất chiếu TRẠI BUÔN NGƯỜI. Phim được định dạng 2D Phụ Đề Anh và chiếu vào ngày 26/09/2026, với giờ chiếu là 16:30. Tôi có thể cảm nhận được không khí sôi động và hứng thú của khán giả khi chờ đợi và xem phim."
TRẠI BUÔN NGƯỜI,CGV Vincom Thủ Đức,26/09/2026,2D Phụ Đề Anh,17:15,"Tôi đã có cơ hội trải nghiệm suất chiếu ""TRẠI BUÔN NGƯỜI"" tại rạp chiếu CGV Vincom Thủ Đức vào ngày 26/09/2026. Khi bước vào rạp, không khí đã được tạo nên một bầu không khí sôi động và hào hứng. Tôi đã được ngồi vào ghế và sẵn sàng để đón nhận cảm giác phim. Sau một hồi chờ đợi, màn ảnh bắt đầu chiếu và tôi đã được đưa vào thế giới của bộ phim. Màn chiếu được thiết kế bởi phụ đề Anh, giúp tôi có thể theo dõi và tận hưởng từng khoảnh khắc của phim một cách dễ dàng. Phim được chiếu với chất lượng cao, giúp tôi cảm nhận được sự chân thực và hấp dẫn của bộ phim."
TRẠI BUÔN NGƯỜI,CGV Vincom Thủ Đức,26/09/2026,2D Phụ Đề Anh,18:15,"Hôm nay, tôi có cơ hội được xem suất chiếu ""TRẠI BUÔN NGƯỜI"" tại rạp chiếu CGV Vincom Thủ Đức vào ngày 26/09/2026. Phim được chiếu với định dạng 2D Phụ Đề Anh và giờ chiếu là 18:15. Đây là trải nghiệm thú vị và đầy cảm xúc, tôi đã được để ý đến những chi tiết chi tiết và âm thanh sống động trong phim."
TRẠI BUÔN NGƯỜI,CGV Vincom Thủ Đức,26/09/2026,2D Phụ Đề Anh | Rạp STARIUM,19:00,"Tôi vừa đến rạp CGV Vincom Thủ Đức để xem suất chiếu phim TRIА BUОН NGƯỜI vào đêm 26/09/2026. Khi bước vào rạp, tôi được hướng dẫn đến khu vực chiếu phim 2D. Sau một chút chờ đợi, tôi đã có chỗ ngồi và chuẩn bị sẵn sàng để trải nghiệm bộ phim này. Phim sẽ bắt đầu vào giờ 19:00, tôi đang rất mong chờ để được tận hưởng."
TRẠI BUÔN NGƯỜI,CGV Vincom Thủ Đức,26/09/2026,2D Phụ Đề Anh,20:00,"Ngày 26/9/2026, rạp CGV Vincom Thủ Đức trở thành địa điểm premier cho bộ phim TRẠI BUÔN NGƯỜI. Với định dạng 2D Phụ Đề Anh và giờ chiếu 20:00, khán giả có cơ hội trải nghiệm bộ phim với trải nghiệm tuyệt vời nhất. Hãy đến và khám phá thế giới mới của bộ phim này."
TRẠI BUÔN NGƯỜI,CGV Vincom Thủ Đức,26/09/2026,2D Phụ Đề Anh,20:30,"Hôm 26/09/2026, rạp CGV Vincom Thủ Đức đã chào đón khán giả đến trải nghiệm bộ phim ""TRẠI BUÔN NGƯỜI"" với định dạng 2D Phụ Đề Anh và giờ chiếu 20:30. Đây là một đêm chiếu phim sôi động, nơi khán giả có thể tận hưởng cảm xúc và hành động đầy năng lượng của bộ phim."
TRẠI BUÔN NGƯỜI,CGV Vincom Thủ Đức,26/09/2026,2D Phụ Đề Anh,21:00,"Tôi vừa đặt vé xem phim TRẠI BUÔN NGƯỜI tại rạp CGV Vincom Thủ Đức vào ngày 26/09/2026, giờ chiếu là 21:00. Đây là một trải nghiệm tuyệt vời với định dạng 2D Phụ Đề Anh, hứa hẹn sẽ mang đến một không gian phim ảnh ấn tượng và sống động. Tôi mong chờ một thời gian tuyệt vời với bộ phim mới nhất này!"
TRẠI BUÔN NGƯỜI,CGV Vincom Thủ Đức,26/09/2026,2D Phụ Đề Anh | Rạp STARIUM,21:45,"Hôm nay, tôi đã có cơ hội trải nghiệm suất chiếu ""TRẠI BUÔN NGƯỜI"" tại rạp chiếu CGV Vincom Thủ Đức. Phim được chiếu trong định dạng 2D Phụ Đề Anh với thời gian chiếu vào lúc 21:45. Không khí rạp chiếu đầy đủ và được chuẩn bị kỹ lưỡng cho một trải nghiệm giải trí tuyệt vời."
TRẠI BUÔN NGƯỜI,CGV Vincom Thủ Đức,26/09/2026,2D Phụ Đề Anh,22:15,"Tôi vừa có cơ hội xem suất chiếu ""TRẠI BUÔN NGƯỜI"" tại rạp CGV Vincom Thủ Đức vào ngày 26/09/2026. Không khí rạp sôi động và mọi người đều đang chờ đợi phim mới này. Tôi chọn ghế ngồi gần màn hình để tận hưởng trải nghiệm xem phim. Phim được chiếu với định dạng 2D Phụ Đề Anh và giờ chiếu là 22:15, tạo nên một không khí thú vị cho đêm chiếu."
TRẠI BUÔN NGƯỜI,CGV Vincom Thủ Đức,26/09/2026,2D Phụ Đề Anh,22:45,"Hôm nay, tôi đã có cơ hội tham gia suất chiếu đầu tiên của phim TRẠI BUÔN NGƯỜI tại rạp CGV Vincom Thủ Đức. Phim được chiếu dưới định dạng 2D Phụ Đề Anh và bắt đầu tại thời gian 22:45. Mặc dù không được biết quá nhiều về nội dung phim, nhưng tôi có thể cảm nhận được sự sôi động và hấp dẫn khi xem. Phim đã mang đến cho tôi một trải nghiệm tuyệt vời, với hình ảnh và âm thanh được trình diễn một cách tinh tế và chuyên nghiệp. Tôi sẽ không quên trải nghiệm này!"
TRẠI BUÔN NGƯỜI,CGV Vincom Thủ Đức,26/09/2026,2D Phụ Đề Anh,23:15,"Ngày 26/09/2026, rạp CGV Vincom Thủ Đức chào đón khán giả đến tham gia suất chiếu phim TRẠI BUÔN NGƯỜI với định dạng 2D Phụ Đề Anh. Phim được chiếu trong giờ 23:15, tạo nên một không gian yên tĩnh và tập trung cho khán giả trải nghiệm. Với thiết kế 2D Phụ Đề Anh, không gian rạp đã được trang bị đầy đủ các yếu tố để tạo ra một trải nghiệm phim chất lượng cao."
VÙNG ĐẤT QUỶ DỮ,CGV Vincom Thủ Đức,26/09/2026,2D Phụ Đề Việt,13:45,"Hôm nay, tôi đã có cơ hội xem suất chiếu ""VÙNG ĐẤT QUỶ DỮ"" tại rạp chiếu CGV Vincom Thủ Đức. Phim được chiếu với định dạng 2D Phụ Đề Việt và thời gian chiếu là 13:45. Tôi đã được trải nghiệm một trải nghiệm thú vị và đầy hấp dẫn khi xem phim này, với những khoảnh khắc hành động và cốt truyện hấp dẫn. Phim được chiếu với chất lượng tốt và âm thanh rõ ràng, tạo nên một trải nghiệm xem phim tuyệt vời."
VÙNG ĐẤT QUỶ DỮ,CGV Vincom Thủ Đức,26/09/2026,2D Phụ Đề Việt | Rạp STARIUM,17:00,"Tôi đã có cơ hội xem suất chiếu VÙNG ĐẤT QUỶ DỮ tại rạp chiếu CGV Vincom Thủ Đức vào ngày 26/09/2026. Thời gian chiếu là 17:00, định dạng là 2D Phụ Đề Việt và được phát tại rạp STARIUM. Trong suốt khoảng thời gian xem phim, trải nghiệm được mang đến cho tôi là một sự kết hợp hoàn hảo giữa hình ảnh và âm thanh, tạo nên một không gian giải trí tuyệt vời."
VÙNG ĐẤT QUỶ DỮ,CGV Vincom Thủ Đức,26/09/2026,2D Phụ Đề Việt,21:10,"Tôi vừa có trải nghiệm tuyệt vời tại rạp chiếu CGV Vincom Thủ Đức khi xem suất chiếu VÙNG ĐẤT QUỶ DỮ vào ngày 26/09/2026. Với định dạng 2D Phụ Đề Việt và giờ chiếu 21:10, không khí tại rạp đã được tạo nên một không gian điện ảnh đầy thú vị. Tôi đã tận hưởng từng khoảnh khắc trong bộ phim, cảm nhận được sự phấn khích và hứng thú từ khán giả xung quanh."
VÙNG ĐẤT QUỶ DỮ,CGV Vincom Thủ Đức,26/09/2026,2D Phụ Đề Việt,23:45,"Tôi đã có một trải nghiệm tuyệt vời tại rạp chiếu CGV Vincom Thủ Đức tối 26/09/2026 khi xem phim ""VÙNG ĐẤT QUỶ DỮ"" với định dạng 2D Phụ Đề Việt. Phim chiếu vào lúc 23:45 và tôi đã có cơ hội tận hưởng không khí sôi động của rạp chiếu. Mặc dù là một trải nghiệm mô phỏng, nhưng tôi hy vọng sẽ có một lần thật trong tương lai để trải nghiệm một lần nữa."
ÚT LAN 2,CGV Vincom Thủ Đức,26/09/2026,2D Phụ Đề Anh,15:45,"Tôi đã có dịp tham gia dự chiếu bộ phim ÚT LAN 2 tại rạp chiếu CGV Vincom Thủ Đức vào ngày 26/09/2026. Bộ phim được chiếu dưới định dạng 2D Phụ Đề Anh và bắt đầu tại giờ 15:45. Trong khoảng thời gian đó, tôi đã được trải nghiệm một bộ phim đầy hấp dẫn, mang đến cho tôi những khoảnh khắc tuyệt vời và để lại những ấn tượng không thể quên."
AVENGERS: HỒI KẾT - PHIÊN BẢN ĐẶC BIỆT (CHIẾU LẠI),CGV Vincom Thủ Đức,27/09/2026,2D Phụ Đề Việt | Rạp STARIUM																 & Infinity Vision,13:20,"Tôi đã có cơ hội đến rạp chiếu CGV Vincom Thủ Đức và chứng kiến suất chiếu AVENGERS: HỒI KẾT - PHIÊN BẢN ĐẶC BIỆT. Đến với buổi chiếu này, tôi đã trải nghiệm cảm giác phấn khích và hồi hộp khi được chứng kiến hình ảnh sống động của các nhân vật trong phim trên màn hình rộng lớn. Thời gian 13:20 đã trở nên đáng nhớ khi tôi cùng nhau khám phá những khoảnh khắc tuyệt vời trong thế giới phiêu lưu của Avengers."
HÒN ĐẢO QUÊN LÃNG,CGV Vincom Thủ Đức,27/09/2026,2D Lồng Tiếng Việt,10:50,"Ngày 27/09/2026, rạp chiếu CGV Vincom Thủ Đức trở thành địa điểm không thể bỏ qua khi chiếu bộ phim ""HÒN ĐẢO QUÊN LÃNG"" với định dạng 2D và lồng tiếng Việt. Phim được chiếu vào giờ 10:50, mang đến trải nghiệm xem phim độc đáo và hấp dẫn cho khán giả."
HÒN ĐẢO QUÊN LÃNG,CGV Vincom Thủ Đức,27/09/2026,2D Lồng Tiếng Việt,14:10,"Hôm nay, tôi đã có dịp đến rạp CGV Vincom Thủ Đức để xem suất chiếu đầu tiên của bộ phim HÒN ĐẢO QUÊN LÃNG. Phim được chiếu với định dạng 2D lồng tiếng Việt và giờ chiếu là 14:10. Tôi đã được tận hưởng trải nghiệm xem phim tại rạp này và cảm thấy được chào đón nồng nhiệt bởi nhân viên. Không khí trong rạp rất sôi động và khán giả cũng rất phấn khích. Tôi đã có một trải nghiệm tuyệt vời và hy vọng sẽ có cơ hội trở lại rạp này để xem thêm bộ phim này."
HÒN ĐẢO QUÊN LÃNG,CGV Vincom Thủ Đức,27/09/2026,2D Lồng Tiếng Việt,18:45,"Hôm nay, tôi đã có cơ hội xem suất chiếu phim HòN ĐẢO QUÊN LÃNG tại rạp chiếu CGV Vincom Thủ Đức. Phim được định dạng 2D và lồng tiếng Việt, với giờ chiếu là 18:45. Tôi đã dành thời gian để trải nghiệm và cảm nhận sự tuyệt vời của bộ phim này. Màn chiếu đã mang đến cho tôi một trải nghiệm độc đáo và hấp dẫn, tôi có thể cảm nhận được sự chân thực và sâu sắc của nội dung."
HÒN ĐẢO QUÊN LÃNG,CGV Vincom Thủ Đức,27/09/2026,2D Lồng Tiếng Việt,19:50,"Tôi vừa có cơ hội xem suất chiếu ""HÒN ĐẢO QUÊN LÃNG"" tại rạp CGV Vincom Thủ Đức. Đây là một trải nghiệm tuyệt vời khi được chiêm ngưỡng phim 2D lồng tiếng Việt với định dạng chất lượng cao vào ngày 27/09/2026. Phim chiếu tại 19:50 và tôi đã có cơ hội tận hưởng không khí sôi động và sự chú ý của khán giả."
LAPUTA: LÂU ĐÀI TRÊN KHÔNG,CGV Vincom Thủ Đức,27/09/2026,2D Phụ Đề Việt,15:00,Tôi vừa đến rạp CGV Vincom Thủ Đức và được công chiếu bộ phim LAPUTA: LÂU ĐÀI TRÊN KHÔNG vào ngày 27/09/2026. Tôi đã chọn ghế 15h và chờ đợi đến khi phim bắt đầu. Phim được chiếu với định dạng 2D Phụ Đề Việt và giờ chiếu là 15h. Tôi cảm thấy hào hứng khi được trải nghiệm suất chiếu đầu tiên của bộ phim này.
LÊN HƯƠNG,CGV Vincom Thủ Đức,27/09/2026,2D Phụ Đề Anh,09:30,"Ngày 27/9/2026, rạp chiếu CGV Vincom Thủ Đức trở thành điểm đến tuyệt vời để cùng nhau trải nghiệm bản phát hành đầu tiên của bộ phim LÊN HƯƠNG. Với định dạng 2D Phụ Đề Anh và giờ chiếu 09:30, khán giả đã có một trải nghiệm đáng nhớ. Phim đã mang đến một không gian thú vị và hấp dẫn, khiến tất cả mọi người đều không thể rời mắt."
LÊN HƯƠNG,CGV Vincom Thủ Đức,27/09/2026,2D Phụ Đề Anh,18:00,"Hôm nay, tôi đã có cơ hội xem suất chiếu LÊN HƯƠNG tại rạp chiếu CGV Vincom Thủ Đức. Phim được chiếu ở định dạng 2D Phụ Đề Anh và giờ chiếu là 18:00. Tôi đã tận hưởng trải nghiệm xem phim này tại rạp, cảm thấy được tận hưởng không khí sôi động và thân thiện của rạp chiếu."
LÊN HƯƠNG,CGV Vincom Thủ Đức,27/09/2026,2D Phụ Đề Anh,19:15,"Tôi vừa có cơ hội xem suất chiếu ""LÊN HƯƠNG"" tại rạp chiếu CGV Vincom Thủ Đức vào ngày 27/09/2026. Khi bước vào rạp, không khí hào hùng và đầy kịch tính đã khiến tôi cảm nhận được sự sôi động của bộ phim. Phim được chiếu với định dạng 2D Phụ Đề Anh và giờ chiếu là 19:15, tạo nên một trải nghiệm thú vị và hấp dẫn cho khán giả. Mỗi khung hình đều mang đến một cảm giác đầy khủng khiếp và đầy phấn khích, khiến tôi không thể rời mắt khỏi màn hình."
LÊN HƯƠNG,CGV Vincom Thủ Đức,27/09/2026,2D Phụ Đề Anh,21:50,"Tôi vừa có cơ hội xem suất chiếu ""LÊN HƯƠNG"" tại CGV Vincom Thủ Đức vào ngày 27/09/2026. Trong buổi chiếu, phim được phát ra với định dạng 2D Phụ Đề Anh và giờ chiếu là 21:50. Tính đến thời điểm mô phỏng, trải nghiệm xem phim này đã rất ấn tượng với chất lượng hình ảnh và âm thanh vượt trội."
LÊN HƯƠNG,CGV Vincom Thủ Đức,27/09/2026,2D Phụ Đề Anh,22:45,"Tôi vừa có cơ hội xem suất chiếu ""LÊN HƯƠNG"" tại rạp chiếu CGV Vincom Thủ Đức vào ngày 27/09/2026. Tôi đã chọn vé cho buổi chiếu tối 22:45 và trải nghiệm không khí hào hứng của khán giả. Thông qua màn ảnh 2D, tôi đã được tận hưởng màn trình diễn tài năng và sự khích lệ của bộ phim. Đây là một trải nghiệm tuyệt vời, tôi đã cảm nhận được sự sôi động và hào hứng trong không khí rạp chiếu."
MARNIE YÊU DẤU,CGV Vincom Thủ Đức,27/09/2026,2D Phụ Đề Việt,12:00,"Tôi vừa có cơ hội xem suất chiếu phim ""MARNIE YÊU DẤU"" tại rạp chiếu CGV Vincom Thủ Đức và nó thực sự ấn tượng. Phim được chiếu vào ngày 27/09/2026 với giờ chiếu 12:00, định dạng 2D Phụ Đề Việt. Mặc dù chưa có trải nghiệm thực tế về phim này, nhưng dựa trên thông tin, tôi mong chờ sẽ được trải nghiệm cảm xúc và câu chuyện hấp dẫn trong bộ phim này."
MARNIE YÊU DẤU,CGV Vincom Thủ Đức,27/09/2026,2D Phụ Đề Việt,17:35,"Hôm nay, tôi đã có cơ hội tham gia vào suất chiếu đầu tiên của bộ phim MARNIE YÊU DẤU tại CGV Vincom Thủ Đức. Ngày chiếu là 27/09/2026 và giờ chiếu là 17:35. Bộ phim được chiếu định dạng 2D Phụ Đề Việt, tạo không gian thoải mái cho khán giả. Trong suốt thời gian chiếu, khán giả đã có trải nghiệm thú vị và đầy cảm xúc, cùng với những phụ đề Việt hóa rõ ràng giúp nâng cao trải nghiệm."
TRẠI BUÔN NGƯỜI,CGV Vincom Thủ Đức,27/09/2026,2D Phụ Đề Anh,09:00,"Hôm nay, tôi đã có cơ hội được trải nghiệm suất chiếu ""TRẠI BUÔN NGƯỜI"" tại rạp chiếu CGV Vincom Thủ Đức. Phim được chiếu vào ngày 27/09/2026 với định dạng 2D Phụ Đề Anh và giờ chiếu là 09:00. Mặc dù chưa có thông tin chi tiết về nội dung phim, nhưng tôi có thể cảm nhận được sự sôi động và hào hứng của khán giả trong phòng. Tôi mong chờ một trải nghiệm thú vị và hấp dẫn tại suất chiếu này!"
TRẠI BUÔN NGƯỜI,CGV Vincom Thủ Đức,27/09/2026,2D Phụ Đề Anh,09:30,"Hôm nay, tôi đã được may mắn khi được đi xem suất chiếu TRẠI BUÔN NGƯỜI tại CGV Vincom Thủ Đức. Phim chiếu rạp được định dạng 2D Phụ Đề Anh và dự kiến sẽ được phát hành vào ngày 27/09/2026. Tôi đã chọn buổi chiếu vào lúc 09:30, và trải nghiệm này đã thật sự ấn tượng với tôi. Tôi đã có cơ hội tận hưởng một đêm giải trí tuyệt vời cùng với mọi người."
TRẠI BUÔN NGƯỜI,CGV Vincom Thủ Đức,27/09/2026,2D Phụ Đề Anh,10:00,"Hôm nay, tôi đã trải nghiệm suất chiếu ""TRẠI BUÔN NGƯỜI"" tại rạp chiếu CGV Vincom Thủ Đức. Phim được chiếu với định dạng 2D Phụ Đề Anh và giờ chiếu là 10:00. Đây là một trải nghiệm thú vị, giúp tôi cảm nhận được nội dung phim trong một không gian hoàn hảo."
TRẠI BUÔN NGƯỜI,CGV Vincom Thủ Đức,27/09/2026,2D Phụ Đề Anh | Rạp STARIUM,10:30,"Khi bước vào rạp CGV Vincom Thủ Đức vào chiều ngày 27/09/2026, tôi đã được trải nghiệm một suất chiếu phim TRẠI BUÔN NGƯỜI tuyệt vời. Phim được chiếu trong định dạng 2D Phụ Đề Anh với hệ thống stereo, mang đến trải nghiệm xem phim với chiều sâu hình ảnh phong phú. Phim được chiếu vào giờ 10:30 chiều, tạo nên một không gian yên tĩnh và tập trung cho cả khán giả và nhân vật trên màn hình."
TRẠI BUÔN NGƯỜI,CGV Vincom Thủ Đức,27/09/2026,2D Phụ Đề Anh,11:00,"Hôm nay, tôi đã có cơ hội được trải nghiệm suất chiếu TRẠI BUÔN NGƯỜI tại rạp chiếu CGV Vincom Thủ Đức. Phim được chiếu với định dạng 2D Phụ Đề Anh và bắt đầu từ giờ 11:00. Mặc dù chỉ là một buổi chiếu phim, nhưng trải nghiệm đã mang đến cho tôi những khoảnh khắc thư giãn và thú vị."
TRẠI BUÔN NGƯỜI,CGV Vincom Thủ Đức,27/09/2026,2D Phụ Đề Anh,11:45,"Tôi đã có cơ hội được xem suất chiếu ""Trái bầu nơ"" tại rạp chiếu CGV Vincom Thủ Đức vào ngày 27/09/2026. Thông tin thời gian chiếu là 11:45 và định dạng là 2D Phụ Đề Anh. Ngoài ra, tôi biết rằng suất chiếu này sẽ mang đến cho tôi một trải nghiệm độc đáo và thú vị."
TRẠI BUÔN NGƯỜI,CGV Vincom Thủ Đức,27/09/2026,2D Phụ Đề Anh,12:15,"Hôm nay, tôi đã có cơ hội xem suất chiếu TRẠI BUÔN NGƯỜI tại rạp chiếu CGV Vincom Thủ Đức. Phim được chiếu với định dạng 2D Phụ Đề Anh và giờ chiếu là 12:15. Tôi rất hào hứng khi được trải nghiệm phim này tại rạp chiếu hiện đại và được phục vụ bởi nhân viên chuyên nghiệp. Mọi thứ đã được chuẩn bị hoàn hảo, tạo nên một trải nghiệm xem phim tuyệt vời."
TRẠI BUÔN NGƯỜI,CGV Vincom Thủ Đức,27/09/2026,2D Phụ Đề Anh,12:45,"Hôm nay, tôi đã được trải nghiệm một suất chiếu phim TRẠI BUÔN NGƯỜI tại rạp chiếu CGV Vincom Thủ Đức. Thời điểm tôi đến, phim đã bắt đầu chiếu với giờ 12:45. Tôi cảm thấy thật hào hứng khi được xem một bộ phim 2D Phụ Đề Anh này tại một rạp chiếu chất lượng. Mặc dù chưa từng xem phim này trước đây, nhưng tôi hy vọng sẽ có một trải nghiệm thú vị và cảm nhận được những cảm xúc sâu sắc qua hình ảnh và âm thanh."
TRẠI BUÔN NGƯỜI,CGV Vincom Thủ Đức,27/09/2026,2D Phụ Đề Anh,13:15,"Hôm nay, tôi đã có cơ hội tham gia vào một trải nghiệm tuyệt vời khi xem suất chiếu ""TRẠI BUÔN NGƯỜI"" tại rạp chiếu CGV Vincom Thủ Đức. Phim được chiếu vào ngày 27/09/2026 với định dạng 2D Phụ Đề Anh và giờ chiếu 13:15. Mặc dù chưa có kinh nghiệm xem phim này, nhưng không khí trong rạp đầy sôi động và enthuusi đã tạo ra một không gian tuyệt vời để trải nghiệm."
TRẠI BUÔN NGƯỜI,CGV Vincom Thủ Đức,27/09/2026,2D Phụ Đề Anh,14:30,Tôi vừa có dịp đến rạp CGV Vincom Thủ Đức để xem suất chiếu TRẠI BUÔN NGƯỜI. Phim được chiếu với định dạng 2D Phụ Đề Anh và giờ chiếu là 14:30. Không khí rạp đã trở nên sôi động và thú vị khi khán giả bắt đầu đến. Tôi đã có cơ hội trải nghiệm và tận hưởng màn trình diễn của phim.
TRẠI BUÔN NGƯỜI,CGV Vincom Thủ Đức,27/09/2026,2D Phụ Đề Anh,15:30,"Ngày 27/9/2026, rạp chiếu CGV Vincom Thủ Đức trở thành địa điểm phải đến để trải nghiệm màn chiếu ấn tượng của bộ phim TRẠI BUÔN NGƯỜI. Bộ phim được chiếu với định dạng 2D Phụ Đề Anh và giờ chiếu hợp lý 15:30. Sự hấp dẫn từ màn hình lớn và chất lượng hình ảnh cao chắc chắn sẽ mang đến cho khán giả một trải nghiệm tuyệt vời."
TRẠI BUÔN NGƯỜI,CGV Vincom Thủ Đức,27/09/2026,2D Phụ Đề Anh,16:00,"Hôm nay, tôi đã được tận hưởng một trải nghiệm tuyệt vời khi xem ""TRẠI BUÔN NGƯỜI"" tại rạp chiếu CGV Vincom Thủ Đức. Phim được chiếu vào ngày 27/09/2026 với định dạng 2D Phụ Đề Anh và giờ chiếu là 16:00. Mặc dù chỉ xem một lần, nhưng tôi đã cảm nhận được sự hấp dẫn và sự kết hợp hoàn hảo giữa hình ảnh và âm thanh. Mỗi giây phút chiếu phim đều mang đến cho tôi một trải nghiệm mới mẻ và thú vị."
TRẠI BUÔN NGƯỜI,CGV Vincom Thủ Đức,27/09/2026,2D Phụ Đề Anh,16:30,"Hôm nay, bạn có cơ hội để trải nghiệm sự sôi nổi và đầy năng lượng của rạp chiếu CGV Vincom Thủ Đức với bộ phim ""TRẠI BUÔN NGƯỜI"". Phim được chiếu trong định dạng 2D Phụ Đề Anh và giờ chiếu hợp lý là 16:30. Nếu bạn đang tìm kiếm một trải nghiệm giải trí thú vị và hấp dẫn, thì đây là một lựa chọn tuyệt vời cho bạn. Hãy đến và tận hưởng bộ phim này tại CGV Vincom Thủ Đức!"
TRẠI BUÔN NGƯỜI,CGV Vincom Thủ Đức,27/09/2026,2D Phụ Đề Anh,17:15,"Tôi vừa có cơ hội đến rạp chiếu chiếu TRẠI BUÔN NGƯỜI tại CGV Vincom Thủ Đức và trải nghiệm là tuyệt vời. phim được chiếu với định dạng 2D Phụ Đề Anh và giờ chiếu 17:15, tạo nên một bầu không khí thư giãn và tập trung cho khán giả. Sau khi chiếu, tôi cảm thấy thoải mái và dễ chịu, như thể mình đã đi đến một thế giới mới."
TRẠI BUÔN NGƯỜI,CGV Vincom Thủ Đức,27/09/2026,2D Phụ Đề Anh,18:15,"Tôi vừa có cơ hội xem suất chiếu ""TRẠI BUÔN NGƯỜI"" tại rạp CGV Vincom Thủ Đức. Thông tin trên màn hình cho thấy là một bộ phim 2D Phụ Đề Anh với định dạng chuyên nghiệp. Phim chiếu tại rạp vào ngày 27/09/2026 với thời gian 18:15, tạo không gian thư giãn và giải trí phù hợp cho khán giả."
TRẠI BUÔN NGƯỜI,CGV Vincom Thủ Đức,27/09/2026,2D Phụ Đề Anh | Rạp STARIUM,19:00,"Tôi vừa có cơ hội xem suất chiếu ""Trái Bôn Người"" tại rạp chiếu CGV Vincom Thủ Đức vào ngày 27/09/2026. Đây là một trải nghiệm tuyệt vời, với phim được chiếu dưới định dạng 2D Phụ Đề Anh và được chiếu tại rạp STARIUM. Thời gian chiếu của tôi là 19:00 và tôi đã tận hưởng một không gian thoải mái tại rạp chiếu."
TRẠI BUÔN NGƯỜI,CGV Vincom Thủ Đức,27/09/2026,2D Phụ Đề Anh,20:00,"Tôi đã có cơ hội xem suất chiếu TRẠI BUÔN NGƯỜI tại rạp CGV Vincom Thủ Đức vào ngày 27/09/2026. Đây là một trải nghiệm thú vị, với định dạng 2D Phụ Đề Anh và giờ chiếu là 20:00. Phim đã mang đến một trải nghiệm giải trí chất lượng cao cho khán giả, giúp tôi cảm thấy phấn khích và hứng thú."
TRẠI BUÔN NGƯỜI,CGV Vincom Thủ Đức,27/09/2026,2D Phụ Đề Anh,20:30,"Tôi vừa đến rạp CGV Vincom Thủ Đức và có cơ hội trải nghiệm suất chiếu TRẠI BUÔN NGƯỜI vào ngày 27/09/2026. Đây là một định dạng 2D Phụ Đề Anh với thời gian chiếu là 20:30. Mặc dù không có thông tin chi tiết về nội dung phim, nhưng tôi vẫn có thể cảm nhận được sự sôi động và hấp dẫn của suất chiếu này. Sự đồng nhất giữa hình ảnh và âm thanh đã tạo nên một trải nghiệm phim tuyệt vời."
TRẠI BUÔN NGƯỜI,CGV Vincom Thủ Đức,27/09/2026,2D Phụ Đề Anh,21:00,"Hôm 27/09/2026, rạp CGV Vincom Thủ Đức đã trở thành địa điểm lựa chọn của tôi để trải nghiệm bộ phim TRIA BUÔN NGƯỜI. Với định dạng 2D Phụ Đề Anh và giờ chiếu 21:00, tôi đã có một trải nghiệm đầy ấn tượng. phim này được chiếu dưới dạng chất lượng cao, tạo nên một không gian phim ảnh tuyệt vời cho khán giả."
TRẠI BUÔN NGƯỜI,CGV Vincom Thủ Đức,27/09/2026,2D Phụ Đề Anh | Rạp STARIUM,21:45,"Tôi vừa có cơ hội xem suất chiếu TRẠI BUÔN NGƯỜI tại rạp chiếu CGV Vincom Thủ Đức. Chiếc rạp được trang bị hệ thống 2D Phụ Đề Anh hiện đại và chất lượng cao, tạo ra trải nghiệm xem phim tuyệt vời. Phim bắt đầu chiếu vào lúc 21:45 và tôi đã tận hưởng mỗi khoảnh khắc trong bộ phim này."
TRẠI BUÔN NGƯỜI,CGV Vincom Thủ Đức,27/09/2026,2D Phụ Đề Anh,22:15,"Tôi vừa có dịp trải nghiệm suất chiếu TRẠI BUÔN NGƯỜI tại rạp chiếu CGV Vincom Thủ Đức vào ngày 27/09/2026. Phim được chiếu trong định dạng 2D Phụ Đề Anh với giờ chiếu là 22:15. Trong không gian rạp chiếu ấm cúng, tôi đã được giải trí và thưởng thức bộ phim này."
TRẠI BUÔN NGƯỜI,CGV Vincom Thủ Đức,27/09/2026,2D Phụ Đề Anh,23:10,"Hôm nay, tôi đã có cơ hội trải nghiệm suất chiếu ""TRẠI BUÔN NGƯỜI"" tại rạp chiếu CGV Vincom Thủ Đức. Tôi đã đến rạp vào ngày 27/09/2026 và được ngồi vào ghế 23:10. Không khí rạp chiếu sôi động và hứng khởi, tạo nên một bầu không khí thú vị cho trải nghiệm xem phim."
VÙNG ĐẤT QUỶ DỮ,CGV Vincom Thủ Đức,27/09/2026,2D Phụ Đề Việt,13:45,"Tôi vừa có cơ hội xem suất chiếu ""VÙNG ĐẤT QUỶ DỮ"" tại rạp chiếu CGV Vincom Thủ Đức vào ngày 27/09/2026. Phim được định dạng 2D Phụ Đề Việt và chiếu tại giờ 13:45. Trải nghiệm xem phim tại rạp đã mang đến cho tôi một trải nghiệm mới mẻ và thú vị, với hình ảnh sắc nét và âm thanh sống động. Phim đã hấp dẫn tôi từ đầu đến cuối."
VÙNG ĐẤT QUỶ DỮ,CGV Vincom Thủ Đức,27/09/2026,2D Phụ Đề Việt | Rạp STARIUM,17:00,"Ngày 27/9/2026, rạp CGV Vincom Thủ Đức chào đón khán giả đến thưởng thức bộ phim VÙNG ĐẤT QUỶ DỮ với định dạng 2D Phụ Đề Việt và rạp STARIUM. Phim sẽ được chiếu vào lúc 17:00, mang đến trải nghiệm hấp dẫn và thú vị cho khán giả."
VÙNG ĐẤT QUỶ DỮ,CGV Vincom Thủ Đức,27/09/2026,2D Phụ Đề Việt,21:10,Tôi đã có cơ hội được tham dự suất chiếu đầu tiên của phim VÙNG ĐẤT QUỶ DỮ tại rạp CGV Vincom Thủ Đức. Phim được chiếu vào ngày 27/09/2026 với giờ chiếu 21:10 và định dạng 2D Phụ Đề Việt. Mỗi khung hình đều mang đến một trải nghiệm mới mẻ và hấp dẫn. Tôi cảm thấy mình đã được cuốn vào thế giới của phim ngay từ đầu.
VÙNG ĐẤT QUỶ DỮ,CGV Vincom Thủ Đức,27/09/2026,2D Phụ Đề Việt,23:45,"Tôi vừa có trải nghiệm tuyệt vời tại suất chiếu phim VÙNG ĐẤT QUỶ DỮ tại rạp chiếu CGV Vincom Thủ Đức. Tháng 9 năm 2026, tôi đã có dịp đến xem phim này tại buổi chiếu tối vào lúc 23h45. Phim được chiếu với định dạng 2D Phụ Đề Việt, mang đến trải nghiệm xem phim thú vị và dễ chịu. Mặc dù chỉ là một đêm chiếu phim, nhưng tôi đã cảm nhận được sự hấp dẫn và sôi động của bộ phim, khiến cho thời gian trôi qua nhanh chóng."
ÚT LAN 2,CGV Vincom Thủ Đức,27/09/2026,2D Phụ Đề Anh,15:45,"Tôi đã có cơ hội tham gia suất chiếu ""ÚT LAN 2"" tại rạp chiếu CGV Vincom Thủ Đức vào ngày 27/09/2026. Khi bước vào rạp, không gian được trang trí tinh tế và phòng chiếu được thiết kế sang trọng. Tôi đã chọn ghế ngồi gần màn hình và chuẩn bị sẵn sàng cho trải nghiệm chiếu phim. Phim bắt đầu vào giờ 15:45 và tôi đã sẵn sàng để tận hưởng những khoảnh khắc tuyệt vời trên màn hình."
ÚT LAN 2,CGV Vincom Thủ Đức,27/09/2026,2D Phụ Đề Anh,23:20,"Hôm nay, tôi đã có cơ hội xem suất chiếu ""ÚT LAN 2"" tại rạp chiếu CGV Vincom Thủ Đức. Phim chiếu sáng trên màn hình 2D Phụ Đề Anh vào giờ 23:20 và đã mang lại cho tôi trải nghiệm tuyệt vời. Không khí trong rạp đã được tạo nên bởi sự hào hứng của khán giả, cùng với những hình ảnh đẹp mắt trên màn ảnh. Tôi đã tận hưởng từng khoảnh khắc của phim và đã rất hài lòng với chất lượng chiếu."
AVENGERS: HỒI KẾT - PHIÊN BẢN ĐẶC BIỆT (CHIẾU LẠI),CGV Vivo City,01/10/2026,4DX2D Phụ Đề Việt | Rạp 4DX																 & Infinity Vision,11:00,"Tham gia suất chiếu AVENGERS: HỒI KẾT - PHIÊN BẢN ĐẶC BIỆT tại rạp chiếu CGV Vivo City là một trải nghiệm không thể quên. Thông qua định dạng 4DX2D Phụ Đề Việt | Rạp 4DX & Infinity Vision, khán giả được ngập đắm trong một thế giới phiêu lưu đầy thú vị. Ngày chiếu vào 01/10/2026, khán giả có thể tận hưởng những khoảnh khắc phiêu lưu đầy năng lượng tại thời điểm 11:00."
AVENGERS: HỒI KẾT - PHIÊN BẢN ĐẶC BIỆT (CHIẾU LẠI),CGV Vivo City,01/10/2026,IMAX2D Phụ Đề Việt | Rạp IMAX,12:00,"Tôi vừa có cơ hội xem suất chiếu AVENGERS: HỒI KẾT - PHIÊN BẢN ĐẶC BIỆT tại rạp CGV Vivo City và đó là một trải nghiệm tuyệt vời! Phim được chiếu tại IMAX2D Phụ Đề Việt với thời gian chiếu là 12:00, tạo nên một không gian hình ảnh rộng lớn và sâu sắc. Tôi cảm nhận được sự đam mê và nồng nhiệt của khán giả khi phim bắt đầu và cảm thấy mình đang part thuộc một câu chuyện đầy action và phiêu lưu."
AVENGERS: HỒI KẾT - PHIÊN BẢN ĐẶC BIỆT (CHIẾU LẠI),CGV Vivo City,01/10/2026,IMAX2D Phụ Đề Việt | Rạp IMAX,15:30,"Khi bước vào rạp chiếu CGV Vivo City vào ngày 01/10/2026, tôi đã được trải nghiệm một màn chiếu AVENGERS: HỒI KẾT - PHIÊN BẢN ĐẶC BIỆT tuyệt vời. Với định dạng IMAX2D Phụ Đề Việt, màn ảnh rộng lớn và âm thanh đậm đà, tôi đã cảm nhận được sự hiện diện khổng lồ của Avengers trong bộ phim này. Giờ 15:30, rạp đã được lấp đầy bởi sự tấp nập và sự mong chờ của khán giả, tạo nên một bầu không khí sôi động và chờ mong trước sự ra đời của siêu nhân này."
AVENGERS: HỒI KẾT - PHIÊN BẢN ĐẶC BIỆT (CHIẾU LẠI),CGV Vivo City,01/10/2026,2D Phụ Đề Việt																 | Rạp Infinity Vision,16:20,"Tôi đã có cơ hội xem suất chiếu AVENGERS: HỒI KẾT - PHIÊN BẢN ĐẶC BIỆT tại rạp chiếu CGV Vivo City vào ngày 01/10/2026. Thông tin cho tôi cho thấy phim được chiếu dưới định dạng 2D Phụ Đề Việt và rạp Infinity Vision. Thời gian chiếu là 16:20, tạo nên một trải nghiệm thú vị và hấp dẫn cho khán giả."
AVENGERS: HỒI KẾT - PHIÊN BẢN ĐẶC BIỆT (CHIẾU LẠI),CGV Vivo City,01/10/2026,IMAX2D Phụ Đề Việt | Rạp IMAX,19:00,"Tôi đã có cơ hội tham gia vào một suất chiếu AVENGERS: HỒI KẾT - PHIÊN BẢN ĐẶC BIỆT tại rạp chiếu CGV Vivo City. Ngày chiếu là 01/10/2026, và tôi được xem trong phiên IMAX2D với phụ đề Việt. Thời gian chiếu là 19:00, tạo không khí hào hứng và thăng hoa cho trải nghiệm xem phim của tôi. Mọi chi tiết đều được chuẩn bị kỹ lưỡng để mang đến một trải nghiệm tuyệt vời cho khán giả."
AVENGERS: HỒI KẾT - PHIÊN BẢN ĐẶC BIỆT (CHIẾU LẠI),CGV Vivo City,01/10/2026,2D Phụ Đề Việt																 | Rạp Infinity Vision,20:00,"Tôi đã có cơ hội tận hưởng suất chiếu AVENGERS: HỒI KẾT - PHIÊN BẢN ĐẶC BIỆT tại CGV Vivo City, nơi tôi được trải nghiệm một trải nghiệm phim tuyệt vời. Phim được chiếu với định dạng 2D Phụ Đề Việt và được chiếu tại rạp Infinity Vision vào ngày 01/10/2026. Tôi đã ngồi vào rạp vào lúc 20:00 và tận hưởng từng khoảnh khắc của bộ phim."
AVENGERS: HỒI KẾT - PHIÊN BẢN ĐẶC BIỆT (CHIẾU LẠI),CGV Vivo City,01/10/2026,4DX2D Phụ Đề Việt | Rạp 4DX																 & Infinity Vision,21:50,"Đúng lúc bạn đang chờ đợi, hệ thống 4DX2D Phụ Đề Việt tại rạp CGV Vivo City đã sẵn sàng cho buổi chiếu AVENGERS: HỒI KẾT - PHIÊN BẢN ĐẶC BIỆT (CHIẾU LẠI). Với định dạng 4DX2D, trải nghiệm của bạn sẽ được nâng cao đến mức mới nhất. Hãy đến và trải nghiệm phim này tại rạp CGV Vivo City vào ngày 01/10/2026, lúc 21:50, để được trải nghiệm phiêu lưu cùng các siêu nhân của Marvel!"
AVENGERS: HỒI KẾT - PHIÊN BẢN ĐẶC BIỆT (CHIẾU LẠI),CGV Vivo City,01/10/2026,IMAX2D Phụ Đề Việt | Rạp IMAX,22:30,"Tôi vừa có dịp được trải nghiệm suất chiếu ""AVENGERS: HỒI KẾT - PHIÊN BẢN ĐẶC BIỆT"" tại CGV Vivo City và thật tuyệt vời! Sắp xếp ở rạp IMAX, trải nghiệm đã mang đến cho tôi một không gian rộng rãi và hiện đại. Khi vào rạp vào giờ 22:30, mọi thứ đã được chuẩn bị kỹ lưỡng cho một trải nghiệm tuyệt vời. Tôi đã cảm nhận được sự hứng khởi và hồi hộp khi chờ đợi mỗi cảnh phim, và cuối cùng, trải nghiệm đã đáp ứng mong đợi của tôi, mang đến cho tôi những khoảnh khắc hành động mạo hiểm và thú vị."
BÁT TIÊN ! TRUY TÌM LƯU LY ĐĂNG,CGV Vivo City,01/10/2026,2D Phụ Đề Anh & Việt,15:40,"Tôi vừa có cơ hội xem suất chiếu ""BÁT TIÊN ! TRUY TÌM LƯU LY ĐĂNG"" tại rạp chiếu CGV Vivo City vào ngày 01/10/2026. Phim được trình chiếu với định dạng 2D Phụ Đề Anh & Việt và bắt đầu chiếu từ 15:40. Mọi người đều đã rất hào hứng và chờ đợi để tận hưởng trải nghiệm chiếu phim này."
BÓNG MA NHÀ HÁT,CGV Vivo City,01/10/2026,2D Phụ Đề Anh,23:40,"Tôi vừa trở về nhà và vẫn còn nhớ rõ khoảnh khắc tuyệt vời khi xem phim BÓNG MA NHÀ HÁT tại CGV Vivo City. Khi tôi bước vào rạp, tôi đã biết được rằng tôi sắp trải nghiệm một đêm chiếu phim tuyệt vời. Phim được chiếu với định dạng 2D Phụ Đề Anh và giờ chiếu là 23:40, đã bắt đầu một hành trình phiêu lưu hấp dẫn. Tôi đã được trải nghiệm một màn chiếu phim ấn tượng, với hình ảnh và âm thanh sống động."
HÒN ĐẢO QUÊN LÃNG,CGV Vivo City,01/10/2026,4DX2D Lồng Tiếng Việt | Rạp 4DX,19:45,"Tôi vừa có cơ hội xem phim HÒN ĐẢO QUÊN LÃNG tại rạp CGV Vivo City và trải nghiệm thật tuyệt vời. Phim được chiếu với định dạng 4DX2D lồng tiếng Việt, tạo nên một không gian sinh động và hấp dẫn. Tôi đã chọn thời điểm 19:45 để xem phim và cảm thấy hào hứng khi bước vào rạp. Không khí rạp sôi động và các chi tiết thiết kế 4DX đã tạo nên một trải nghiệm độc đáo và thú vị."
LAPUTA: LÂU ĐÀI TRÊN KHÔNG,CGV Vivo City,01/10/2026,2D Phụ Đề Việt,13:30,"Ngày 01/10/2026, rạp CGV Vivo City đã trở thành nơi để tôi có trải nghiệm tuyệt vời khi xem suất chiếu LAPUTA: LÂU ĐÀI TRÊN KHÔNG. Phim được chiếu theo định dạng 2D Phụ Đề Việt với giờ chiếu cụ thể là 13:30. Với không khí sôi động và khán giả đầy mong chờ, tôi đã tận hưởng từng khoảnh khắc của bộ phim này."
LAPUTA: LÂU ĐÀI TRÊN KHÔNG,CGV Vivo City,01/10/2026,2D Phụ Đề Việt,18:10,Tôi vừa bước vào rạp CGV Vivo City và được thông báo rằng ngày hôm nay là ngày chiếu phim LAPUTA: LÂU ĐÀI TRÊN KHÔNG. Phim được chiếu tại định dạng 2D Phụ Đề Việt và giờ chiếu là 18:10. Tôi cảm thấy phấn khích khi chờ đợi màn trình diễn của bộ phim này.
LÊN HƯƠNG,CGV Vivo City,01/10/2026,2D Phụ Đề Anh,14:10,"Tôi vừa có cơ hội xem suất chiếu ""LÊN HƯƠNG"" tại rạp chiếu CGV Vivo City vào ngày 01/10/2026. Trong buổi chiếu, phim được trình chiếu với định dạng 2D Phụ Đề Anh và giờ chiếu là 14:10. trải nghiệm xem phim thật tuyệt vời, tôi cảm thấy được immersive trong câu chuyện. Mỗi chi tiết, từ hình ảnh đến âm thanh, đều được tinh chỉnh để mang đến trải nghiệm giải trí hoàn hảo cho khán giả."
LÊN HƯƠNG,CGV Vivo City,01/10/2026,2D Phụ Đề Anh,22:40,"Tôi vừa có cơ hội xem suất chiếu phim LÊN HƯƠNG tại rạp CGV Vivo City vào ngày 01/10/2026. Đây là một trải nghiệm tuyệt vời với định dạng 2D Phụ Đề Anh. Phim chiếu màn hình 22:40, tạo không khí hào hứng và sôi động cho khán giả. Tôi đã tận hưởng từng khoảnh khắc trên màn ảnh, cảm nhận được sự rực rỡ và sâu sắc của bộ phim."
MARNIE YÊU DẤU,CGV Vivo City,01/10/2026,2D Phụ Đề Việt,11:15,"Hôm nay, tôi đã có cơ hội xem suất chiếu ""MARNIE YÊU DẤU"" tại rạp CGV Vivo City. Với định dạng 2D Phụ Đề Việt, phim đã mang đến cho khán giả một trải nghiệm độc đáo và sâu sắc. Thật là một lần xem phim tuyệt vời, giúp tôi có thể tận hưởng nội dung phim một cách chân thực và toàn diện."
MARNIE YÊU DẤU,CGV Vivo City,01/10/2026,2D Phụ Đề Việt,16:00,"Hôm nay, tôi đã có dịp được trải nghiệm suất chiếu phim MARNIE YÊU DẤU tại rạp chiếu CGV Vivo City. Vào ngày 01/10/2026, tôi đã có cơ hội xem phim này trên màn hình lớn 2D Phụ Đề Việt trong giờ chiếu 16:00. Qua trải nghiệm, tôi cảm thấy mình đã được thắp sáng bởi một câu chuyện đầy cảm xúc và sâu sắc. Màn ảnh lớn và chất lượng hình ảnh tuyệt vời đã mang đến cho tôi một cảm giác được thổi bay bởi những khoảnh khắc động cảm trong phim."
PHÁO HOA LÚC BÌNH MINH,CGV Vivo City,01/10/2026,2D Phụ Đề Anh & Việt,09:30,"Tôi đã có cơ hội trải nghiệm suất chiếu phim PHÁO HOA LÚC BÌNH MINH tại rạp chiếu CGV Vivo City vào ngày 01/10/2026. Với định dạng 2D Phụ Đề Anh & Việt, bộ phim được chiếu trong giờ 09:30. Sự kiện này đã mang đến cho tôi một trải nghiệm độc đáo và thú vị, cho phép tôi hiểu hơn về bộ phim và cảm nhận được không khí sôi động của rạp chiếu."
TRẠI BUÔN NGƯỜI,CGV Vivo City,01/10/2026,2D Phụ Đề Anh,09:40,"Tôi vừa có cơ hội xem suất chiếu ""TRẠI BUÔN NGƯỜI"" tại rạp CGV Vivo City vào ngày 01/10/2026. Phim được chiếu trong định dạng 2D Phụ Đề Anh và bắt đầu tại giờ 09:40. trải nghiệm xem phim ở rạp đã mang lại cho tôi một trải nghiệm sống động và đầy cảm xúc."
TRẠI BUÔN NGƯỜI,CGV Vivo City,01/10/2026,2D Phụ Đề Anh,10:20,"Hôm nay, tôi đã được tận hưởng suất chiếu TRẠI BUÔN NGƯỜI tại CGV Vivo City. Khi bước vào rạp, tôi đã được ngồi vào ghế thoải mái và chờ đợi cho đến thời điểm 10:20, khi phim bắt đầu chiếu. Phim được chiếu với định dạng 2D Phụ Đề Anh, tạo nên một không khí thoải mái và dễ chịu cho khán giả. Tôi đã tận hưởng từng phút giây của phim và cảm thấy như mình đã ""tìm thấy"" mình trong câu chuyện. Sự hòa quyện giữa âm nhạc và hình ảnh đã tạo nên một trải nghiệm tuyệt vời, khiến tôi không thể rời mắt khỏi màn ảnh."
TRẠI BUÔN NGƯỜI,CGV Vivo City,01/10/2026,2D Phụ Đề Anh,11:30,Tôi vừa có dịp được trải nghiệm suất chiếu TRẠI BUÔN NGƯỜI tại rạp chiếu CGV Vivo City vào ngày 01/10/2026. Phim được chiếu dưới định dạng 2D Phụ Đề Anh và bắt đầu vào giờ 11:30. trải nghiệm xem phim này thật tuyệt vời với chất lượng hình ảnh và âm thanh ấn tượng. Tôi đã có cơ hội tận hưởng từng khoảnh khắc của phim và cảm nhận được sự phấn khích từ khán giả xung quanh.
TRẠI BUÔN NGƯỜI,CGV Vivo City,01/10/2026,2D Phụ Đề Anh,12:20,"Hôm nay, tôi đã trải nghiệm một sự kiện điện ảnh đáng nhớ khi xem suất chiếu ""Trái Buồn Người"" tại CGV Vivo City. Phim được chiếu vào ngày 01/10/2026 với định dạng 2D Phụ Đề Anh và giờ chiếu là 12:20. Khi bước vào rạp, tôi đã cảm nhận được không khí sôi động và hứng thú của khán giả xung quanh. Trong suốt thời gian chiếu, tôi đã được đưa vào thế giới phim mà tôi không thể rời mắt. Sự hòa hợp giữa hình ảnh và âm thanh đã mang đến cho tôi một trải nghiệm giải trí đáng nhớ."
TRẠI BUÔN NGƯỜI,CGV Vivo City,01/10/2026,2D Phụ Đề Anh,13:00,"Hôm nay, tôi đã có cơ hội trải nghiệm suất chiếu ""TRẠI BUÔN NGƯỜI"" tại CGV Vivo City. Phim được chiếu dưới định dạng 2D Phụ Đề Anh và đã bắt đầu từ 13 giờ. Đây là một trải nghiệm thú vị, với sự kết hợp giữa hình ảnh và âm thanh hấp dẫn, giúp tôi cảm nhận được không gian và tình huống của phim trong một cách chân thực và hấp dẫn."
TRẠI BUÔN NGƯỜI,CGV Vivo City,01/10/2026,4DX2D Phụ Đề Anh | Rạp 4DX,14:30,"Thời điểm 01/10/2026, khán giả có cơ hội trải nghiệm suất chiếu độc đáo của phim TRẠI BUÔN NGƯỜI tại rạp CGV Vivo City. Phim được chiếu trong định dạng 4DX2D Phụ Đề Anh | Rạp 4DX, mang đến trải nghiệm xem phim ấn tượng và độc đáo. Trong một buổi chiều cuối tuần, khán giả có thể chọn thời điểm 14:30 để tham gia trải nghiệm này, được phục vụ bởi không gian rạp chiếu hiện đại."
TRẠI BUÔN NGƯỜI,CGV Vivo City,01/10/2026,2D Phụ Đề Anh,15:00,"Tôi đã tham gia xem suất chiếu ""TRẠI BUÔN NGƯỜI"" tại rạp chiếu CGV Vivo City vào ngày 01/10/2026 và trải nghiệm một màn chiếu tuyệt vời với định dạng 2D Phụ Đề Anh. Màn chiếu diễn ra vào giờ 15:00 và tạo cho tôi một không gian yên tĩnh và tập trung để thưởng thức bộ phim. Tôi cảm thấy được immers trong từng khoảnh khắc của bộ phim và khám phá thế giới phim ảnh."
TRẠI BUÔN NGƯỜI,CGV Vivo City,01/10/2026,2D Phụ Đề Anh,16:30,"Hôm nay, tôi đã có cơ hội trải nghiệm suất chiếu TRẠI BUÔN NGƯỜI tại CGV Vivo City. Phim được chiếu dưới định dạng 2D Phụ Đề Anh và bắt đầu tại 16:30. Sau khi xem phim, tôi cảm thấy được làm phiền bởi những cuộc gọi không mong muốn, nhưng cũng nhận ra rằng việc trả lời họ có thể mang lại những cơ hội tuyệt vời."
TRẠI BUÔN NGƯỜI,CGV Vivo City,01/10/2026,4DX2D Phụ Đề Anh | Rạp 4DX,17:00,"Trải nghiệm xem suất chiếu TRẠI BUÔN NGƯỜI tại CGV Vivo City vào ngày 01/10/2026 là một trải nghiệm độc đáo và thú vị. Với định dạng 4DX2D và phụ đề Anh, khán giả sẽ được immerse vào thế giới phim với cảm giác sống thực. Trong buổi chiếu vào lúc 17:00, không khí trong rạp trở nên sôi động và tập trung, tạo nên một bầu không khí thú vị cho khán giả."
TRẠI BUÔN NGƯỜI,CGV Vivo City,01/10/2026,2D Phụ Đề Anh,17:40,"Tôi vừa có dịp xem suất chiếu ""TRẠI BUÔN NGƯỜI"" tại rạp CGV Vivo City vào tối 01/10/2026 và thật tuyệt vời! Phim được chiếu với định dạng 2D Phụ Đề Anh, tạo nên một trải nghiệm xem phim độc đáo và hấp dẫn. Thời gian chiếu là 17:40, giúp tôi tận hưởng từng khoảnh khắc trong phim mà không lo phải chờ đợi. Tất cả đều tạo nên một trải nghiệm tuyệt vời cho tôi."
TRẠI BUÔN NGƯỜI,CGV Vivo City,01/10/2026,2D Phụ Đề Anh,18:30,Tôi vừa có trải nghiệm tuyệt vời tại rạp chiếu CGV Vivo City với bộ phim TRIA BUÔN NGƯỜI. Phim được chiếu vào ngày 01/10/2026 dưới định dạng 2D Phụ Đề Anh với giờ chiếu 18:30. Môi trường trong rạp đã được trang bị để tạo ra một trải nghiệm tuyệt vời cho khán giả.
TRẠI BUÔN NGƯỜI,CGV Vivo City,01/10/2026,2D Phụ Đề Anh,19:20,"Tôi vừa tham gia suất chiếu ""TRẠI BUÔN NGƯỜI"" tại rạp chiếu CGV Vivo City và trải nghiệm thật tuyệt vời! Phim được chiếu với định dạng 2D Phụ Đề Anh vào ngày 01/10/2026, bắt đầu từ giờ 19:20. Mặc dù chỉ là một suất chiếu, nhưng không khí tại rạp đã rất sôi động và hứng thú, tôi chắc chắn sẽ trở lại để thưởng thức phim này!"
TRẠI BUÔN NGƯỜI,CGV Vivo City,01/10/2026,2D Phụ Đề Anh,20:20,"Tôi vừa có cơ hội xem suất chiếu ""TRẠI BUÔN NGƯỜI"" tại rạp chiếu CGV Vivo City vào ngày 01/10/2026. Phim được chiếu với định dạng 2D Phụ Đề Anh và giờ chiếu là 20:20. Tôi đã được trải nghiệm một buổi chiếu tuyệt vời, với hình ảnh và âm thanh được trình chiếu một cách sắc nét và sinh động. Mọi thứ đã được chuẩn bị kĩ lưỡng để mang đến cho khán giả một trải nghiệm thú vị và hấp dẫn."
TRẠI BUÔN NGƯỜI,CGV Vivo City,01/10/2026,2D Phụ Đề Anh,21:00,"Tôi vừa có cơ hội xem suất chiếu ""TRẠI BUÔN NGƯỜI"" tại CGV Vivo City vào ngày 01/10/2026 với định dạng 2D Phụ Đề Anh và giờ chiếu 21:00. Không khí rạp phim sôi động và cả khán giả đều sẵn sàng để theo dõi bộ phim này. Mỗi khung hình đều mang đến những khoảnh khắc đầy sự hồi hộp và hấp dẫn. Tôi cảm thấy mình đã được đưa vào thế giới của bộ phim ngay từ đầu."
TRẠI BUÔN NGƯỜI,CGV Vivo City,01/10/2026,2D Phụ Đề Anh,22:00,"Tôi vừa có cơ hội xem suất chiếu TRẠI BUÔN NGƯỜI tại rạp chiếu CGV Vivo City vào ngày 01/10/2026. Trong màn chiếu đêm 22:00, tôi đã được trải nghiệm một trải nghiệm phim ảnh tuyệt vời với định dạng 2D Phụ Đề Anh. Màn chiếu của TRẠI BUÔN NGƯỜI đã mang đến cho tôi một không khí sôi động và hấp dẫn, khiến tôi không thể rời mắt khỏi màn hình."
TRẠI BUÔN NGƯỜI,CGV Vivo City,01/10/2026,2D Phụ Đề Anh,23:00,"Tôi vừa đến rạp CGV Vivo City để xem suất chiếu TRẠI BUÔN NGƯỜI vào ngày 01/10/2026. Thông tin cho biết là đây là một suất chiếu 2D Phụ Đề Anh vào giờ 23:00, hứa hẹn là một trải nghiệm thú vị và ấn tượng. Tôi rất mong chờ để trải nghiệm bộ phim này tại rạp chiếu hiện đại và thoải mái của CGV Vivo City."
VÙNG ĐẤT QUỶ DỮ,CGV Vivo City,01/10/2026,2D Phụ Đề Việt,12:10,"Tôi đã có cơ hội tận hưởng suất chiếu VÙNG ĐẤT QUỶ DỮ tại rạp chiếu CGV Vivo City vào ngày 01/10/2026. Khi bước vào rạp, không khí trở nên hào hứng và expectant, mọi người đều đang mong chờ một trải nghiệm phim độc đáo. Sau khi ngồi vào ghế, tôi bắt đầu cảm nhận sự sống động của 2D Phụ Đề Việt, tạo nên một không gian hình ảnh độc đáo và hấp dẫn. Thời gian trôi qua nhanh chóng, và tôi đã hoàn toàn bị thu hút vào thế giới phim, không cần nghĩ về bất kỳ điều gì khác ngoài màn ảnh lớn."
VÙNG ĐẤT QUỶ DỮ,CGV Vivo City,01/10/2026,2D Phụ Đề Việt,14:20,"Hôm nay, tôi đã trải nghiệm suất chiếu VÙNG ĐẤT QUỶ DỮ tại rạp chiếu CGV Vivo City. Phim được chiếu với định dạng 2D Phụ Đề Việt và giờ chiếu là 14:20. Khi bước vào rạp, tôi cảm thấy hào hứng với không khí sôi động và đông người. Sau khi xem phim, tôi cảm thấy phấn khích và muốn chia sẻ trải nghiệm thú vị này với mọi người."
VÙNG ĐẤT QUỶ DỮ,CGV Vivo City,01/10/2026,2D Phụ Đề Việt,20:40,"Tôi vừa có cơ hội xem một suất chiếu phim tuyệt vời tại rạp CGV Vivo City với bộ phim VÙNG ĐẤT QUỶ DỮ. Phim được chiếu vào ngày 01/10/2026 với thời gian chiếu 20:40 và định dạng 2D Phụ Đề Việt. Mặc dù chỉ là một trải nghiệm mô phỏng, nhưng nó đã mang lại cho tôi cảm giác như đang ở trong một thế giới mới và đầy màu sắc."
VÙNG ĐẤT QUỶ DỮ,CGV Vivo City,01/10/2026,2D Phụ Đề Việt,23:30,"Tôi vừa có trải nghiệm tuyệt vời khi xem suất chiếu ""VÙNG ĐẤT QUỶ DỮ"" tại CGV Vivo City vào ngày 01/10/2026. Phim được chiếu với định dạng 2D Phụ Đề Việt và giờ chiếu là 23:30. Mọi thứ đã được chuẩn bị kỹ lưỡng, tạo nên một không khí thoải mái và hấp dẫn cho khán giả. Tôi đã có một buổi xem phim ấn tượng và đáng nhớ."
ÚT LAN 2,CGV Vivo City,01/10/2026,2D Phụ Đề Anh,10:00,"Tôi đã có cơ hội trải nghiệm và thưởng thức bộ phim ÚT LAN 2 tại rạp chiếu CGV Vivo City vào ngày 01/10/2026. Phim được chiếu với định dạng 2D Phụ Đề Anh và giờ chiếu 10:00. trải nghiệm xem phim này đã mang lại cho tôi một không gian giải trí thú vị và cuốn hút, giúp tôi có thể tận hưởng hoàn toàn nội dung của bộ phim."
TRÁI TIM QUÁI THÚ,CGV Vivo City,02/10/2026,2D Phụ Đề Việt,15:20,Tôi vừa có cơ hội xem suất chiếu TRÁI TIM QUÁI THÚ tại rạp chiếu CGV Vivo City vào ngày 02/10/2026. Phim được trình chiếu với định dạng 2D Phụ Đề Việt và phát hành vào lúc 15:20. Tôi cảm nhận được sự hấp dẫn và cuốn hút khi trải nghiệm phim này tại rạp chiếu.
TRÁI TIM QUÁI THÚ,CGV Vivo City,02/10/2026,2D Phụ Đề Việt,20:00,"Tôi đã có dịp được trải nghiệm suất chiếu ""TRÁI TIM QUÁ THÚ"" tại rạp chiếu CGV Vivo City vào ngày 02/10/2026. Phim được chiếu với định dạng 2D Phụ Đề Việt và giờ chiếu là 20:00. Trong trải nghiệm của tôi, ""TRÁI TIM QUÁ THÚ"" đã mang đến cho khán giả một chiều sâu cảm xúc sâu sắc và thú vị."
TRÁI TIM QUÁI THÚ,CGV Vivo City,02/10/2026,2D Phụ Đề Việt,22:20,"Tôi vừa có cơ hội được trải nghiệm suất chiếu ""TRÁI TIM QUÁI THÚ"" tại rạp chiếu CGV Vivo City. Khi bước vào rạp, tôi được đón bởi không gian ấm cúng và ánh sáng rực rỡ. Phim được chiếu với định dạng 2D Phụ Đề Việt và giờ chiếu là 22:20, tạo cảm giác hào hứng và chờ đợi. Mỗi khung hình đều làm tôi bị thu hút bởi những cảnh quay ấn tượng và hành động đầy đặn. Tôi đã cảm nhận được sự phấn khích và hứng thú khi xem phim này, trở thành một phần của câu chuyện đầy cảm xúc và hồi hộp."
ÁN MẠNG KARAOKE,CGV Vivo City,02/10/2026,2D Phụ Đề Anh,10:20,"Tôi đã tham gia xem suất chiếu ÁN MẠNG KARAOKE tại rạp chiếu CGV Vivo City vào ngày 02/10/2026. Đây là một trải nghiệm thú vị với định dạng 2D Phụ Đề Anh. Tôi đã xem phim vào giờ 10:20 và cảm thấy được giải trí. Mặc dù là một dự án mô phỏng, nhưng tôi tin rằng đây sẽ là một suất chiếu tuyệt vời cho những người yêu thích phim."
ÁN MẠNG KARAOKE,CGV Vivo City,02/10/2026,2D Phụ Đề Anh,12:30,"Hôm nay, tôi đã có trải nghiệm tuyệt vời tại rạp chiếu CGV Vivo City khi chiếu bộ phim ""ÁN MẠNG KARAOKE"". Phim được chiếu với định dạng 2D Phụ Đề Anh vào ngày 02/10/2026 và bắt đầu chiếu lúc 12:30. Tôi đã tận hưởng không khí sôi động và âm thanh rõ ràng trong khi theo dõi hành trình phiêu lưu của các nhân vật. Việc chiếu phim tại CGV Vivo City mang đến một trải nghiệm tuyệt vời cho khán giả."
ÁN MẠNG KARAOKE,CGV Vivo City,02/10/2026,2D Phụ Đề Anh,14:40,"Tôi vừa có cơ hội xem suất chiếu ""ÁN MẠNG KARAOKE"" tại rạp chiếu CGV Vivo City vào ngày 02/10/2026. Phim được chiếu với định dạng 2D Phụ Đề Anh và bắt đầu tại giờ 14:40. Mặc dù không có nhiều chi tiết về nội dung phim, nhưng tôi đã có thể tận hưởng một trải nghiệm thú vị và hấp dẫn."
ÁN MẠNG KARAOKE,CGV Vivo City,02/10/2026,2D Phụ Đề Anh,16:50,"Tôi đã có cơ hội trải nghiệm suất chiếu ÁN MẠNG KARAOKE tại rạp CGV Vivo City vào ngày 02/10/2026. Phim được chiếu với định dạng 2D Phụ Đề Anh và thời gian chiếu là 16:50. Mặc dù không có thông tin chi tiết về nội dung phim, nhưng tôi cảm thấy sự sôi động và hấp dẫn khi xem xét chiếu này. Tôi sẽ cần thời gian để trải nghiệm đầy đủ nội dung phim nhưng chắc chắn sẽ là một trải nghiệm thú vị."
ÁN MẠNG KARAOKE,CGV Vivo City,02/10/2026,2D Phụ Đề Anh,19:00,"Hôm nay, tôi đã có cơ hội trải nghiệm suất chiếu ""ÁN MẠNG KARAOKE"" tại rạp chiếu CGV Vivo City. Phim chiếu vào ngày 02/10/2026, định dạng là 2D Phụ Đề Anh, và giờ chiếu là 19:00. Tôi đã có cơ hội trải nghiệm sự thú vị và hấp dẫn của bộ phim này, tạo nên một trải nghiệm đáng nhớ cho bản thân."
ÁN MẠNG KARAOKE,CGV Vivo City,02/10/2026,2D Phụ Đề Anh,21:10,"Hôm nay, tôi có cơ hội xem suất chiếu ""ÁN MẠNG KARAOKE"" tại rạp CGV Vivo City. Phim được chiếu dưới định dạng 2D Phụ Đề Anh vào ngày 02/10/2026 với giờ chiếu là 21:10. Đây là một trải nghiệm thú vị và hấp dẫn, giúp tôi cảm nhận được sự thú vị của phim."
ÁN MẠNG KARAOKE,CGV Vivo City,02/10/2026,2D Phụ Đề Anh,23:20,"Hôm nay, tôi đã có cơ hội tham gia suất chiếu đặc biệt của phim ""ÁN MẠNG KARAOKE"" tại rạp CGV Vivo City. Thông tin lịch chiếu cho biết phim sẽ chiếu vào ngày 02/10/2026 với giờ chiếu 23:20 dưới định dạng 2D Phụ Đề Anh. Qua trải nghiệm này, tôi đã có cơ hội chiêm ngưỡng màn ảnh với chất lượng cao, tạo nên một trải nghiệm giải trí tuyệt vời cho tôi."
TRÁI TIM QUÁI THÚ,CGV Vivo City,03/10/2026,2D Phụ Đề Việt,15:20,"Ngày 03/10/2026, tôi đã được tận hưởng suất chiếu đầu tiên của bộ phim TRÁI TIM QUÁ THÚ tại CGV Vivo City. Phim được định dạng 2D Phụ Đề Việt và được chiếu tại thời điểm 15:20. Trong suốt quá trình xem, tôi cảm nhận được sự hấp dẫn và sự trầm lắng từ những cảnh quay chất lượng cao của bộ phim này. Đó là một trải nghiệm đầy cảm xúc và ý nghĩa."
TRÁI TIM QUÁI THÚ,CGV Vivo City,03/10/2026,2D Phụ Đề Việt,20:00,"Tôi đã có dịp được trải nghiệm suất chiếu TRÁI TIM QUÁ THÚ tại rạp CGV Vivo City vào ngày 03/10/2026. Phim được chiếu trong định dạng 2D Phụ Đề Việt và bắt đầu ở giờ 20:00. trải nghiệm xem phim tại suất chiếu này đã mang lại cho tôi một không gian riêng tư và thoải mái, đồng thời mang đến trải nghiệm giải trí tuyệt vời."
TRÁI TIM QUÁI THÚ,CGV Vivo City,03/10/2026,2D Phụ Đề Việt,22:20,"Tôi vừa có cơ hội xem suất chiếu TRÁI TIM QUÁI THÚ tại CGV Vivo City vào ngày 03/10/2026, một sự kiện điện ảnh không thể bỏ qua. Phim được chiếu ở định dạng 2D Phụ Đề Việt và giờ chiếu là 22:20, tạo nên một trải nghiệm độc đáo và hấp dẫn cho khán giả. Mặc dù chỉ có thông tin cơ bản, nhưng tôi cảm thấy được mang đến một không gian riêng biệt khi xem phim tại rạp."
ÁN MẠNG KARAOKE,CGV Vivo City,03/10/2026,2D Phụ Đề Anh,10:20,"Tôi vừa có trải nghiệm tuyệt vời khi xem suất chiếu phim ÁN MẠNG KARAOKE tại rạp chiếu CGV Vivo City. Phim được chiếu vào ngày 03/10/2026 với định dạng 2D Phụ Đề Anh. Tôi đã có mặt trong rạp vào thời điểm 10:20, sẵn sàng để tận hưởng bộ phim này. Mọi chi tiết đều được sắp xếp một cách hoàn hảo, tạo nên một trải nghiệm tuyệt vời cho khán giả."
ÁN MẠNG KARAOKE,CGV Vivo City,03/10/2026,2D Phụ Đề Anh,12:30,"Tôi vừa tham gia suất chiếu ""ÁN MẠNG KARAOKE"" tại rạp chiếu CGV Vivo City và trải nghiệm thật tuyệt vời! Phim được chiếu vào ngày 03/10/2026 với định dạng 2D Phụ Đề Anh và giờ chiếu là 12:30. Mọi thứ đã được chuẩn bị kỹ lưỡng và tôi đã có một trải nghiệm tuyệt vời, được tận hưởng màn hình lớn và âm thanh sống động."
ÁN MẠNG KARAOKE,CGV Vivo City,03/10/2026,2D Phụ Đề Anh,14:40,"Tôi vừa có cơ hội xem suất chiếu ""ÁN MẠNG KARAOKE"" tại rạp chiếu CGV Vivo City và trải nghiệm thật tuyệt vời. Phim được chiếu với định dạng 2D Phụ Đề Anh và giờ chiếu là 14:40. Mặc dù chỉ là một đêm chiếu alone, nhưng không khí trong rạp vẫn được giữ ấm với sự đông đảo khán giả. Mỗi giây đều trôi qua nhanh chóng, khiến tôi cảm thấy như đang trải nghiệm một giấc mơ."
ÁN MẠNG KARAOKE,CGV Vivo City,03/10/2026,2D Phụ Đề Anh,16:50,"Hôm nay, tôi đã có cơ hội đến xem chiếu ÁN MẠNG KARAOKE tại CGV Vivo City và trải nghiệm một khoảnh khắc tuyệt vời. Phim được chiếu vào ngày 03/10/2026 với định dạng 2D Phụ Đề Anh và giờ chiếu là 16:50. Đó là một trải nghiệm thú vị và được chiêu đãi bởi một không gian rộng rãi và hiện đại."
ÁN MẠNG KARAOKE,CGV Vivo City,03/10/2026,2D Phụ Đề Anh,19:00,"Tôi vừa có cơ hội xem suất chiếu ""ÁN MẠNG KARAOKE"" tại rạp chiếu CGV Vivo City và thật tuyệt vời! Phim được chiếu vào ngày 03/10/2026 với định dạng 2D Phụ Đề Anh và bắt đầu chiếu vào giờ 19:00. Tôi đã tận hưởng không khí sôi động và âm thanh đậm đà trong suốt thời gian xem."
ÁN MẠNG KARAOKE,CGV Vivo City,03/10/2026,2D Phụ Đề Anh,21:10,"Hôm nay, tôi đã có cơ hội được tận hưởng một đêm chiếu phim tuyệt vời tại CGV Vivo City. Phim ""ÁN MẠNG KARAOKE"" đã xuất hiện trên màn ảnh, với định dạng 2D Phụ Đề Anh và giờ chiếu là 21:10. Tôi đã có trải nghiệm tuyệt vời trong đêm chiếu này, với không gian rạp chiếu thoải mái và màn hình lớn giúp tôi cảm nhận được hình ảnh phim một cách rõ ràng."
ÁN MẠNG KARAOKE,CGV Vivo City,03/10/2026,2D Phụ Đề Anh,23:20,"Hôm nay, tôi đã có cơ hội được tham gia vào một sự kiện phim thú vị tại CGV Vivo City. Phim ÁN MẠNG KARAOKE đã được chiếu tại rạp vào ngày 03/10/2026 và tôi đã có dịp trải nghiệm nó. Thông tin chiếu phim cho biết nó là định dạng 2D Phụ Đề Anh và có giờ chiếu là 23:20. Khi bước vào rạp, tôi đã được tận hưởng một bầu không khí sôi động và được chào đón nồng nhiệt bởi khán giả khác. Mỗi giây phút xem phim đều mang đến cho tôi một trải nghiệm mới và thú vị, khiến tôi không thể rời mắt khỏi màn ảnh."
TRÁI TIM QUÁI THÚ,CGV Vivo City,04/10/2026,2D Phụ Đề Việt,15:20,"Tôi vừa có cơ hội xem suất chiếu ""TRÁI TIM QUÁI THÚ"" tại rạp chiếu CGV Vivo City và trải nghiệm thật tuyệt vời. Phim được chiếu với định dạng 2D Phụ Đề Việt và giờ chiếu hợp lý 15:20, cho phép tôi tận hưởng toàn bộ nội dung phim mà không cảm thấy vội vàng. Mỗi khoảnh khắc trong phim đều làm tôi cảm thấy phấn chấn và hứng thú, khiến cho trải nghiệm xem phim trở nên thật sự đặc biệt."
TRÁI TIM QUÁI THÚ,CGV Vivo City,04/10/2026,2D Phụ Đề Việt,20:00,"Tôi vừa có cơ hội trải nghiệm suất chiếu ""TRÁI TIM QUÁI THÚ"" tại rạp chiếu CGV Vivo City. Ngày chiếu là 04/10/2026, và tôi đã ngồi vào xem phim vào lúc 20:00. Mặc dù chỉ là một chương trình chiếu đơn giản, nhưng tôi đã có một trải nghiệm thú vị và được tận hưởng những hình ảnh chất lượng cao trên màn hình 2D Phụ Đề Việt. Phim chiếu sáng với độ phân giải cao, tạo ra một trải nghiệm xem phim tuyệt vời cho khán giả."
TRÁI TIM QUÁI THÚ,CGV Vivo City,04/10/2026,2D Phụ Đề Việt,22:20,"Ngày 04/10/2026, CGV Vivo City chính thức chào đón khán giả đến xem suất chiếu phim TRÁI TIM QUÁI THÚ trong đêm 22:20. Với định dạng 2D Phụ Đề Việt, trải nghiệm xem phim tại rạp sẽ mang đến sự gần gũi và sinh động cho khán giả. Hãy đến và tận hưởng đêm chiếu này!"
ÁN MẠNG KARAOKE,CGV Vivo City,04/10/2026,2D Phụ Đề Anh,10:20,"Hôm nay, tôi đã có cơ hội được trải nghiệm một suất chiếu phim ÁN MẠNG KARAOKE tại rạp chiếu CGV Vivo City. Phim được chiếu với định dạng 2D Phụ Đề Anh và giờ chiếu là 10:20. Đó là một trải nghiệm thú vị, tôi có thể tận hưởng bộ phim này trong không gian rạp chiếu hiện đại và tiện nghi."
ÁN MẠNG KARAOKE,CGV Vivo City,04/10/2026,2D Phụ Đề Anh,12:30,"Tôi vừa có cơ hội trải nghiệm suất chiếu ""ÁN MẠNG KARAOKE"" tại rạp chiếu CGV Vivo City vào ngày 04/10/2026. Sự xuất hiện của hình ảnh 2D Phụ Đề Anh đã mang đến một không gian thú vị và bắt mắt, khiến tôi cảm thấy như đang ở trong thế giới karaoke. Thời gian 12:30 đã giúp tôi tận hưởng trải nghiệm một cách trọn vẹn, không bị chôn vùi trong đám đông."
ÁN MẠNG KARAOKE,CGV Vivo City,04/10/2026,2D Phụ Đề Anh,14:40,"Hôm nay, tôi đã tham gia xem suất chiếu ÁN MẠNG KARAOKE tại rạp CGV Vivo City. Sự kiện được tổ chức vào ngày 04/10/2026, dưới định dạng 2D Phụ Đề Anh và thời gian 14:40. Trải nghiệm xem phim đã mang lại cho tôi một không gian giải trí thú vị và hấp dẫn."
ÁN MẠNG KARAOKE,CGV Vivo City,04/10/2026,2D Phụ Đề Anh,16:50,"Tôi vừa có cơ hội trải nghiệm và xem suất chiếu ""ÁN MẠNG KARAOKE"" tại rạp chiếu CGV Vivo City vào ngày 04/10/2026. Khi bước vào rạp, không khí sôi động và năng động đã tạo ra cảm giác hứng thú cho tôi. Phim được chiếu dưới định dạng 2D Phụ Đề Anh và bắt đầu vào giờ 16:50. Trải nghiệm xem phim đã là một trải nghiệm thú vị và tôi đã tận hưởng nó."
ÁN MẠNG KARAOKE,CGV Vivo City,04/10/2026,2D Phụ Đề Anh,19:00,"Tôi vừa rời rãp CGV Vivo City sau màn chiếu ""ÁN MẠNG KARAOKE"" vào tối 04/10/2026. Chiếc phim với định dạng 2D Phụ Đề Anh đã ấn tượng và hấp dẫn khán giả. Tối nay, tôi được tận hưởng màn trình diễn sôi động và ấn tượng của bộ phim. Giá vé hợp lý, thời gian chiếu sớm (19:00) giúp tôi có thể tận hưởng toàn bộ màn chiếu mà không cảm thấy nhàm chán."
ÁN MẠNG KARAOKE,CGV Vivo City,04/10/2026,2D Phụ Đề Anh,21:10,"Tôi vừa có cơ hội xem suất chiếu ""ÁN MẠNG KARAOKE"" tại CGV Vivo City vào ngày 04/10/2026 và trải nghiệm thật tuyệt vời. Phim được chiếu trong định dạng 2D Phụ Đề Anh với giờ chiếu là 21:10, mang đến một không gian chiếu phim tuyệt vời. Mỗi khung hình đều làm tôi thấy phấn khích và hứng thú, khiến cho thời gian xem phim trôi qua nhanh chóng."
ÁN MẠNG KARAOKE,CGV Vivo City,04/10/2026,2D Phụ Đề Anh,23:20,"Hôm nay, tôi đã có cơ hội tham gia suất chiếu ""ÁN MẠNG KARAOKE"" tại rạp CGV Vivo City. Phim được chiếu vào ngày 4/10/2026 với định dạng 2D Phụ Đề Anh và giờ chiếu 23:20. Đây là một trải nghiệm thú vị và hấp dẫn, phù hợp cho mọi người yêu thích âm nhạc và phim ảnh."
AVENGERS: HỒI KẾT - PHIÊN BẢN ĐẶC BIỆT (CHIẾU LẠI),CGV Vivo City,25/09/2026,4DX2D Phụ Đề Việt | Rạp 4DX																 & Infinity Vision,21:50,"Khi bước vào rạp chiếu CGV Vivo City vào tối 25/9/2026, không khí trở nên sôi động và phấn khích với sự ra mắt của AVENGERS: HỒI KẾT - PHIÊN BẢN ĐẶC BIỆT. Với định dạng 4DX2D Phụ Đề Việt | Rạp 4DX và Infinity Vision, trải nghiệm xem phim trở nên sống động và chân thực. Bạn sẽ được đặt vào trong thế giới hành động đầy phấn khích và chiến đấu giữa những siêu anh hùng."
AVENGERS: HỒI KẾT - PHIÊN BẢN ĐẶC BIỆT (CHIẾU LẠI),CGV Vivo City,25/09/2026,IMAX2D Phụ Đề Việt | Rạp IMAX,22:30,"Tôi đã có trải nghiệm tuyệt vời khi xem suất chiếu ""AVENGERS: HỒI KẾT - PHIÊN BẢN ĐẶC BIỆT"" tại rạp chiếu CGV Vivo City vào ngày 25/09/2026. Phim được chiếu trên IMAX2D với phụ đề Việt và được điều chỉnh cho rạp IMAX. Tôi đã ngồi vào rạp vào giờ 22:30 và đã tận hưởng màn hình lớn, sống động của bộ phim. Mọi thứ đều được điều chỉnh hoàn hảo, tạo cho tôi trải nghiệm xem phim tuyệt vời."
TRẠI BUÔN NGƯỜI,CGV Vivo City,25/09/2026,2D Phụ Đề Anh,21:00,"Trải nghiệm xem suất chiếu TRẠI BUÔN NGƯỜI tại CGV Vivo City vào ngày 25/09/2026 thật sự đáng nhớ. Phim được chiếu với định dạng 2D Phụ Đề Anh và giờ chiếu là 21:00. Mỗi khung hình được thiết kế để mang đến trải nghiệm hình ảnh sống động và chân thực, giúp khán giả hòa mình vào thế giới phim. Sự kết hợp giữa âm thanh và hình ảnh đã tạo nên một không gian cảm giác sống động, khiến khán giả không thể rời mắt."
TRẠI BUÔN NGƯỜI,CGV Vivo City,25/09/2026,2D Phụ Đề Anh,22:00,"Hôm nay, tôi đã có cơ hội tận hưởng suất chiếu TRẠI BUÔN NGƯỜI tại CGV Vivo City. Phim được chiếu vào ngày 25/09/2026 với định dạng 2D Phụ Đề Anh và giờ chiếu là 22:00. Môi trường rạp chiếu sôi động và năng động, tạo nên một trải nghiệm phim hấp dẫn và thú vị."
TRẠI BUÔN NGƯỜI,CGV Vivo City,25/09/2026,2D Phụ Đề Anh,23:00,"Tôi đã có dịp xem suất chiếu TRẠI BUÔN NGƯỜI tại rạp CGV Vivo City vào ngày 25/09/2026. Trong sự kiện này, tôi được trải nghiệm hình ảnh sống động của phim được thể hiện trên màn hình. Thời gian chiếu tối là 23:00, tạo không khí yên tĩnh và tập trung cho khán giả. Phụ đề trong hình ảnh 2D Anh cũng đã tạo được sự sắc nét và dễ chịu cho tôi trong suốt quá trình xem."
TRẠI BUÔN NGƯỜI,CGV Vivo City,25/09/2026,2D Phụ Đề Anh,23:30,"Tôi vừa trải qua một đêm chiếu phim tuyệt vời tại CGV Vivo City với bộ phim ""TRẠI BUÔN NGƯỜI"" được chiếu vào ngày 25/09/2026. Phim được chiếu với định dạng 2D Phụ Đề Anh và giờ chiếu là 23:30. Mặc dù chưa có nhiều thông tin về nội dung phim, nhưng tôi đã cảm nhận được sự hấp dẫn của bộ phim từ những khoảnh khắc đầu tiên. Cảnh chiếu màn hình mượt mà, hình ảnh sắc nét và âm thanh sống động đã mang đến trải nghiệm xem phim tuyệt vời. Tôi đã bị thu hút bởi các nhân vật và câu chuyện được kể trong phim, mặc dù chưa rõ hết."
VÙNG ĐẤT QUỶ DỮ,CGV Vivo City,25/09/2026,2D Phụ Đề Việt,20:50,"Tôi đã được mời đến rạp chiếu CGV Vivo City để xem suất chiếu ""VÙNG ĐẤT QUỢ DỮ"" vào ngày 25/09/2026. Với định dạng 2D Phụ Đề Việt và giờ chiếu 20:50, tôi đang cảm anticipating để được trải nghiệm phim này. Không khí hứng thú và sự hấp dẫn từ các phụ đề Việt sẽ surely tạo ra một trải nghiệm thú vị và đáng nhớ."
VÙNG ĐẤT QUỶ DỮ,CGV Vivo City,25/09/2026,2D Phụ Đề Việt,22:50,"Ngày 25/9/2026, rạp chiếu CGV Vivo City chào đón khán giả đến dự suất chiếu ""VÙNG ĐẤT QUỶ DỮ"" với định dạng 2D Phụ Đề Việt và giờ chiếu 22:50. Đây là cơ hội tuyệt vời để trải nghiệm bộ phim độc đáo này cùng cộng đồng yêu phim. Hãy đến và tận hưởng màn ảnh huyền bí tại rạp!"
VÙNG ĐẤT QUỶ DỮ,CGV Vivo City,25/09/2026,2D Phụ Đề Việt,23:40,"Hôm 25/09/2026, tôi đã có dịp tham gia vào một trải nghiệm tuyệt vời khi xem suất chiếu phim VÙNG ĐẤT QUỶ DỮ tại CGV Vivo City. Sau một ngày dài, tôi đã có thời gian để thư giãn và tận hưởng bộ phim này. Phim được chiếu với định dạng 2D Phụ Đề Việt và thời gian chiếu là 23:40, tạo nên một không gian riêng tư và yên tĩnh cho khán giả. Tôi đã có thể tận hưởng toàn bộ sự tuyệt vời của bộ phim này, từ các cảnh quay đến âm nhạc và phụ đề. Đó là một trải nghiệm đáng nhớ và tôi chắc chắn sẽ quay lại xem lại phim này."
AVENGERS: HỒI KẾT - PHIÊN BẢN ĐẶC BIỆT (CHIẾU LẠI),CGV Vivo City,26/09/2026,IMAX2D Phụ Đề Việt | Rạp IMAX,08:30,"Tôi vừa có cơ hội xem suất chiếu AVENGERS: HỒI KẾT - PHIÊN BẢN ĐẶC BIỆT tại rạp CGV Vivo City và đây thật là một trải nghiệm tuyệt vời! Tôi đã chọn buổi chiếu IMAX2D Phụ Đề Việt vào lúc 08:30, và cảm thấy như mình đã được trải nghiệm trong thế giới huyền thoại của Marvel. Hình ảnh và âm thanh sống động đã làm cho phim trở nên sống động và hấp dẫn. Tôi không thể chờ đợi để được trải nghiệm thêm!"
AVENGERS: HỒI KẾT - PHIÊN BẢN ĐẶC BIỆT (CHIẾU LẠI),CGV Vivo City,26/09/2026,4DX2D Phụ Đề Việt | Rạp 4DX																 & Infinity Vision,11:00,"Tôi vừa có cơ hội xem suất chiếu AVENGERS: HỒI KẾT - PHIÊN BẢN ĐẶC BIỆT tại rạp CGV Vivo City và đó là một trải nghiệm tuyệt vời! Phim được chiếu trong định dạng 4DX2D Phụ Đề Việt | Rạp 4DX và Infinity Vision, tạo nên một không gian phim ảnh đặc biệt. Giờ chiếu 11:00 là thời điểm lý tưởng để tôi tận hưởng bộ phim này, và tôi thực sự không muốn bỏ lỡ bất kỳ khoảnh khắc nào trong suốt thời lượng chiếu."
AVENGERS: HỒI KẾT - PHIÊN BẢN ĐẶC BIỆT (CHIẾU LẠI),CGV Vivo City,26/09/2026,IMAX2D Phụ Đề Việt | Rạp IMAX,12:00,"Tôi vừa có cơ hội xem suất chiếu ""AVENGERS: HỒI KẾT - PHIÊN BẢN ĐẶC BIỆT"" tại rạp chiếu CGV Vivo City và đó là một trải nghiệm tuyệt vời! Phim được chiếu với định dạng IMAX2D Phụ Đề Việt, tạo ra một không gian xem phim rộng lớn và rõ nét. Tôi đã chọn buổi chiếu lúc 12:00 và cảm thấy thật may mắn khi có thể tận hưởng phim này trong thời điểm đầu tiên."
AVENGERS: HỒI KẾT - PHIÊN BẢN ĐẶC BIỆT (CHIẾU LẠI),CGV Vivo City,26/09/2026,IMAX2D Phụ Đề Việt | Rạp IMAX,15:30,"Tôi vừa có trải nghiệm tuyệt vời tại rạp chiếu CGV Vivo City khi xem AVENGERS: HỒI KẾT - PHIÊN BẢN ĐẶC BIỆT. Phim được chiếu trong định dạng IMAX2D Phụ Đề Việt và có giờ chiếu là 15:30. Ngoài ra, phim còn được chiếu tại rạp IMAX, mang đến trải nghiệm xem phim ấn tượng với hình ảnh lớn và rõ nét."
AVENGERS: HỒI KẾT - PHIÊN BẢN ĐẶC BIỆT (CHIẾU LẠI),CGV Vivo City,26/09/2026,2D Phụ Đề Việt																 | Rạp Infinity Vision,16:30,"Tôi vừa có dịp xem suất chiếu ""AVENGERS: HỒI KẾT - PHIÊN BẢN ĐẶC BIỆT"" tại rạp chiếu CGV Vivo City vào ngày 26/09/2026. Phim được chiếu với định dạng 2D Phụ Đề Việt và rạp Infinity Vision, giúp cho trải nghiệm xem phim trở nên sống động và chân thực. Tôi đã đến sớm và đã có chỗ ngồi tại giờ chiếu 16:30, sẵn sàng để tận hưởng hành trình phiêu lưu của Avengers."
AVENGERS: HỒI KẾT - PHIÊN BẢN ĐẶC BIỆT (CHIẾU LẠI),CGV Vivo City,26/09/2026,IMAX2D Phụ Đề Việt | Rạp IMAX,19:00,"Tôi vừa có dịp xem suất chiếu AVENGERS: HỒI KẾT - PHIÊN BẢN ĐẶC BIỆT tại rạp CGV Vivo City và đó thực sự là một trải nghiệm tuyệt vời. Phim được chiếu vào ngày 26/09/2026 với thời gian chiếu là 19:00 tại IMAX2D Phụ Đề Việt | Rạp IMAX. Tôi cảm thấy thật tuyệt khi được tận hưởng màn hình rộng và lớn cùng nhiều chi tiết chi tiết trên màn ảnh, tạo nên một không gian xem phim như tuyệt vời nhất."
AVENGERS: HỒI KẾT - PHIÊN BẢN ĐẶC BIỆT (CHIẾU LẠI),CGV Vivo City,26/09/2026,2D Phụ Đề Việt																 | Rạp Infinity Vision,20:00,"Tôi vừa có cơ hội xem suất chiếu AVENGERS: HỒI KẾT - PHIÊN BẢN ĐẶC BIỆT tại CGV Vivo City vào ngày 26/09/2026. Tôi đã được ngồi ở rạp Infinity Vision, nơi tôi có thể tận hưởng trải nghiệm chiếu phim tuyệt vời cùng với phụ đề Việt. Giờ chiếu 20:00 đã mang đến cho tôi một không gian yên tĩnh và thoải mái để tôi có thể theo dõi từng khoảnh khắc trong bộ phim."
AVENGERS: HỒI KẾT - PHIÊN BẢN ĐẶC BIỆT (CHIẾU LẠI),CGV Vivo City,26/09/2026,4DX2D Phụ Đề Việt | Rạp 4DX																 & Infinity Vision,21:50,"Tôi vừa có cơ hội xem suất chiếu Avengers: Hoí Kết - Phiên Bản Đặc Biệt tại rạp CGV Vivo City và đó là trải nghiệm tuyệt vời! Sau một ngày dài chờ đợi, tôi đã finally sitting vào ghế và bắt đầu hành trình phiêu lưu cùng các siêu anh hùng. Giờ chiếu 21:50 đã mang đến cho tôi cảm giác hào hứng và sẵn sàng cho những giây phút đầy hành động và phiêu lưu. Sự kết hợp hoàn hảo giữa hình ảnh 4DX2D và phụ đề Việt đã tạo nên một trải nghiệm độc đáo và thú vị."
AVENGERS: HỒI KẾT - PHIÊN BẢN ĐẶC BIỆT (CHIẾU LẠI),CGV Vivo City,26/09/2026,IMAX2D Phụ Đề Việt | Rạp IMAX,22:30,"Tôi đã có cơ hội trải nghiệm suất chiếu ""AVENGERS: HỒI KẾT - PHIÊN BẢN ĐẶC BIỆT"" tại CGV Vivo City vào ngày 26/09/2026. Khi bước vào rạp, không khí đầy sự hứng khởi và phấn khích đã tạo nên một bầu không khí thú vị. Việc xem phim IMAX2D Phụ Đề Việt với thời gian chiếu 22:30 đã mang lại cho tôi trải nghiệm tuyệt vời, với hình ảnh và âm thanh sống động, tái tạo lại những khoảnh khắc kinh dị và hành động đáng nhớ trong bộ phim."
BÁT TIÊN ! TRUY TÌM LƯU LY ĐĂNG,CGV Vivo City,26/09/2026,2D Phụ Đề Anh & Việt,15:40,"Tôi vừa có cơ hội xem suất chiếu ""BÁT TIÊN ! TRUY TÌM LƯU LY ĐĂNG"" tại CGV Vivo City vào ngày 26/09/2026. Phim được chiếu với định dạng 2D Phụ Đề Anh & Việt và bắt đầu chiếu tại 15:40. Qua trải nghiệm, tôi cảm nhận được sự cuốn hút và hấp dẫn của bộ phim, dù chỉ là suất chiếu duy nhất."
BÁT TIÊN ! TRUY TÌM LƯU LY ĐĂNG,CGV Vivo City,26/09/2026,2D Phụ Đề Anh & Việt,22:40,"Tôi vừa có cơ hội xem suất chiếu ""BÁT TIÊN ! TRUY TÌM LƯU LY ĐĂNG"" tại CGV Vivo City vào ngày 26/09/2026 và đó là một trải nghiệm tuyệt vời. Phim được chiếu với định dạng 2D Phụ Đề Anh & Việt và bắt đầu tại 22:40, khiến cho tôi cảm thấy hấp dẫn và muốn theo dõi từng giây từng phút. Mặc dù chỉ có thời gian ngắn, nhưng tôi đã cảm nhận được sự thú vị và hấp dẫn từ phần trình diễn của ""BÁT TIÊN ! TRUY TÌM LƯU LY ĐĂNG""."
HÒN ĐẢO QUÊN LÃNG,CGV Vivo City,26/09/2026,4DX2D Phụ Đề Việt | Rạp 4DX,08:40,"Hôm nay, tôi đã có cơ hội được trải nghiệm suất chiếu phim HÒN ĐẢO QUÊN LÃNG tại rạp chiếu CGV Vivo City. Phim được chiếu theo định dạng 4DX2D Phụ Đề Việt | Rạp 4DX, mang đến trải nghiệm điện ảnh độc đáo và hấp dẫn. Tôi đã được ngồi vào ghế 4DX, nơi tôi được trải nghiệm chuyển động và âm thanh đồng bộ với phim. Sau một khoảng thời gian chiếu, tôi cảm thấy đã được đặt vào thế giới phim, trải nghiệm cảm xúc và sự phấn khích của nhân vật. Đó là một trải nghiệm thật sự đáng nhớ và thú vị."
HÒN ĐẢO QUÊN LÃNG,CGV Vivo City,26/09/2026,4DX2D Lồng Tiếng Việt | Rạp 4DX,19:45,"Tôi vừa có trải nghiệm tuyệt vời tại suất chiếu phim Hồn Đảo Quên Lặng tại rạp CGV Vivo City vào ngày 26/09/2026. Phim được chiếu trong định dạng 4DX2D với lồng tiếng Việt, tạo nên một trải nghiệm đặc biệt. Tôi đã chọn giờ chiếu 19:45 và cảm thấy mình đang ở trong thế giới huyền bí và cảm động khi xem phim. Màn chiếu được thực hiện một cách chuyên nghiệp và chi tiết, giúp tôi được hấp thụ toàn bộ nội dung của phim."
LAPUTA: LÂU ĐÀI TRÊN KHÔNG,CGV Vivo City,26/09/2026,2D Phụ Đề Việt,13:30,"Hôm nay, tôi đã có cơ hội xem suất chiếu ""LAPUTA: LÂU ĐÀI TRÊN KHÔNG"" tại CGV Vivo City. Phim này được chiếu ở định dạng 2D Phụ Đề Việt và có giờ chiếu là 13:30. Mặc dù chỉ là một đoạn chiếu, tôi đã cảm thấy được hấp dẫn và thú vị về nội dung phim. Không khí trong rạp chiếu khá sôi động và tất cả khán giả đều đang chờ đợi giây phút cuối cùng. Tôi hy vọng sẽ có thêm cơ hội xem phim này khi được chiếu tiếp!"
LAPUTA: LÂU ĐÀI TRÊN KHÔNG,CGV Vivo City,26/09/2026,2D Phụ Đề Việt,18:15,"Tôi đã có cơ hội được trải nghiệm suất chiếu ""LAPUTA: LÂU ĐÀI TRÊN KHÔNG"" tại rạp chiếu CGV Vivo City vào ngày 26/09/2026. Không khí rạp tràn ngập cảm hứng và sự phấn khích khi phim được chiếu trên màn hình lớn. Thời điểm 18:15, ánh sáng rạp chiếu dim và màn hình lớn được khử bóng, tạo không gian hoàn hảo để để chúng ta hoàn toàn nhập mình vào thế giới của bộ phim. Mọi thứ đã sẵn sàng cho một trải nghiệm tuyệt vời."
LÊN HƯƠNG,CGV Vivo City,26/09/2026,2D Phụ Đề Anh,23:30,"Hôm nay, tôi đã có cơ hội được xem LÊN HƯƠNG tại rạp chiếu CGV Vivo City. Phim được chiếu vào ngày 26/09/2026 với định dạng 2D Phụ Đề Anh và giờ chiếu 23:30. Tôi đã tận hưởng không khí sôi động và cảm giác phấn khích khi xem phim này tại rạp."
MARNIE YÊU DẤU,CGV Vivo City,26/09/2026,2D Phụ Đề Việt,11:15,"Tôi đã có cơ hội xem suất chiếu MARNIE YÊU DẤU tại CGV Vivo City vào ngày 26/09/2026, và đó là một trải nghiệm tuyệt vời. Được chiếu ở rạp với định dạng 2D Phụ Đề Việt, phim đã mang đến cho tôi một không gian cảm xúc sâu sắc và đầy ý nghĩa. Tôi đã ngồi vào ghế và bắt đầu hành trình của mình trong thế giới mà phim mang đến, và đó là một trải nghiệm không thể quên được."
MARNIE YÊU DẤU,CGV Vivo City,26/09/2026,2D Phụ Đề Việt,16:00,"Tôi vừa có cơ hội xem suất chiếu ""MARNIE YÊU DẤU"" tại rạp chiếu CGV Vivo City và trải nghiệm là thật tuyệt vời! Phim được chiếu với định dạng 2D Phụ Đề Việt và giờ chiếu là 16:00, tạo nên không khí hưng phấn và thân mật. Trong suốt chiều dài chiếu, tôi cảm nhận được sự quyến rũ và cảm xúc sâu sắc của bộ phim, khiến cho trải nghiệm xem phim trở nên đặc biệt và đáng nhớ."
PHÁO HOA LÚC BÌNH MINH,CGV Vivo City,26/09/2026,2D Phụ Đề Anh & Việt,09:30,"Tôi vừa có dịp được trải nghiệm suất chiếu phim ""Pháo Hoa Lúc Bình Minh"" tại rạp CGV Vivo City. Phim được chiếu với định dạng 2D Phụ Đề Anh & Việt và giờ chiếu là 09:30. Đây là một trải nghiệm thú vị và hấp dẫn, đặc biệt là khi được xem trong một môi trường rạp chiếu hiện đại."
TRẠI BUÔN NGƯỜI,CGV Vivo City,26/09/2026,2D Phụ Đề Anh,08:50,"Ngày 26/9/2026, CGV Vivo City chào đón khán giả đến tận trại bom người với một trải nghiệm chiếu phim độc đáo. Tại rạp, khán giả được đặt chân đến thế giới 2D phụ đề Anh với bộ phim TRẠI BUÔN NGƯỜI. Mỗi khung hình tràn ngập màu sắc, ánh sáng và âm thanh, mang đến một cảm giác sống động cho khán giả. Khi được chiếu vào màn hình, mọi thứ bắt đầu di chuyển và sôi động. Đó là một trải nghiệm chiếu phim không thể quên, kết hợp cả cảm giác hứng thú và kích thích giác quan."
TRẠI BUÔN NGƯỜI,CGV Vivo City,26/09/2026,2D Phụ Đề Anh,09:40,"Tôi đã có cơ hội xem suất chiếu TRẠI BUÔN NGƯỜI tại rạp chiếu CGV Vivo City vào ngày 26/09/2026. Khi bước vào phòng chiếu, tôi được trang bị một chiếc kính 3D để tận hưởng trải nghiệm phim 2D Phụ Đề Anh. Phim bắt đầu phát sóng vào giờ 09:40, và tôi đã tận hưởng từng khoảnh khắc của phim trong không gian yên tĩnh và thoải mái của rạp chiếu."
TRẠI BUÔN NGƯỜI,CGV Vivo City,26/09/2026,2D Phụ Đề Anh,10:20,"Tôi vừa có dịp tham gia buổi chiếu TRẠI BUÔN NGƯỜI tại rạp CGV Vivo City và trải nghiệm là thật tuyệt vời. Phim được chiếu ở định dạng 2D Phụ Đề Anh với giờ chiếu 10:20. Không chỉ vậy, tôi đã được tận hưởng không gian rạp chiếu hiện đại và thoải mái. Tất cả đã tạo nên một trải nghiệm thú vị và giải trí cho tôi."
TRẠI BUÔN NGƯỜI,CGV Vivo City,26/09/2026,2D Phụ Đề Anh,11:30,"Tôi đã có cơ hội xem suất chiếu TRẠI BUÔN NGƯỜI tại CGV Vivo City vào ngày 26/09/2026. Với định dạng 2D Phụ Đề Anh và giờ chiếu 11:30, trải nghiệm này đã mang đến cho tôi một không gian xem phim thoải mái và rõ ràng. Phim đã được chiếu một cách mượt mà, mang đến cho khán giả một trải nghiệm giải trí tuyệt vời."
TRẠI BUÔN NGƯỜI,CGV Vivo City,26/09/2026,2D Phụ Đề Anh,12:20,"Tôi vừa đến rạp CGV Vivo City để trải nghiệm suất chiếu TRẠI BUÔN NGƯỜI vào ngày 26/09/2026. Phim được chiếu dưới định dạng 2D Phụ Đề Anh và bắt đầu vào giờ 12:20. Tôi đã có một trải nghiệm tuyệt vời cùng với hàng nghìn khán giả khác, cùng nhau tận hưởng màn hình lớn và âm thanh sống động của bộ phim."
TRẠI BUÔN NGƯỜI,CGV Vivo City,26/09/2026,2D Phụ Đề Anh,13:00,"Tôi vừa có cơ hội xem suất chiếu TRẠI BUÔN NGƯỜI tại CGV Vivo City vào ngày 26/09/2026. Phim được chiếu với định dạng 2D Phụ Đề Anh và bắt đầu tại giờ 13:00. Khám phá không gian triệt điện đầy thú vị, bạn sẽ được đưa vào thế giới độc đáo của hành trình phiêu lưu này."
TRẠI BUÔN NGƯỜI,CGV Vivo City,26/09/2026,2D Phụ Đề Anh,14:00,"Hôm nay, tôi đã được trải nghiệm xem phim TRẠI BUÔN NGƯỜI tại rạp chiếu CGV Vivo City. Phim được chiếu với định dạng 2D Phụ Đề Anh và giờ chiếu là 14:00. Thông tin lịch chiếu cho thấy phim sẽ được chiếu vào ngày 26/09/2026. Mặc dù chưa biết nội dung phim cụ thể, nhưng tôi đã có thể cảm nhận được sự thú vị khi xem suất chiếu này. Mặc dù chỉ xem một lần, tôi đã có thể cảm nhận được sự hấp dẫn của phim."
TRẠI BUÔN NGƯỜI,CGV Vivo City,26/09/2026,4DX2D Phụ Đề Anh | Rạp 4DX,14:30,"Tôi vừa trải qua suất chiếu TRẠI BUÔN NGƯỜI tại rạp CGV Vivo City và đó là một trải nghiệm tuyệt vời! Vào ngày 26/09/2026, tôi đã ngồi vào rạp và chờ đợi cho đến giờ chiếu 14:30. Khi ánh sáng tắt, tôi đã được chào đón bởi một thế giới 4DX2D đầy màu sắc và âm thanh sống động. Phim đã đưa tôi vào một thế giới phi thực tế, nơi tôi cảm nhận được sự sống động và sâu sắc. Đó là một trải nghiệm không thể quên, và tôi đã hoàn toàn bị cuốn hút bởi thế giới trên màn hình."
TRẠI BUÔN NGƯỜI,CGV Vivo City,26/09/2026,2D Phụ Đề Anh,15:00,"Hôm nay, tôi đã có cơ hội trải nghiệm suất chiếu TRẠI BUÔN NGƯỜI tại rạp chiếu CGV Vivo City. Phim được chiếu dưới định dạng 2D Phụ Đề Anh với thời gian chiếu là 15:00. Không khí trong rạp bắt đầu sôi động khi phim bắt đầu phát. Mặc dù chỉ là một đoạn trích, nhưng TRẠI BUÔN NGƯỜI đã mang lại trải nghiệm tuyệt vời cho khán giả với âm thanh và hình ảnh sống động. Tôi cảm thấy như mình đã được đưa vào thế giới phim từ ngay đầu."
TRẠI BUÔN NGƯỜI,CGV Vivo City,26/09/2026,2D Phụ Đề Anh,16:40,"Hôm nay, tôi đã có cơ hội được trải nghiệm suất chiếu ""TRẠI BUÔN NGƯỜI"" tại rạp chiếu CGV Vivo City. Phim được chiếu với định dạng 2D Phụ Đề Anh và thời gian chiếu là 16:40. Khách hàng có thể tận hưởng bộ phim này tại rạp chiếu này."
TRẠI BUÔN NGƯỜI,CGV Vivo City,26/09/2026,4DX2D Phụ Đề Anh | Rạp 4DX,17:10,"Trải nghiệm xem suất chiếu TRẠI BUÔN NGƯỜI tại CGV Vivo City vào ngày 26/09/2026 thật đặc biệt. Phim được chiếu với định dạng 4DX2D và phụ đề Anh, tạo nên trải nghiệm xem phim đa chiều. Khán giả có thể tận hưởng phim với chất lượng hình ảnh và âm thanh tiên tiến. Trong khi đó, tại rạp 4DX, không gian chiếu phim được thiết kế đặc biệt để tạo ra cảm giác trải nghiệm độc đáo cho khán giả. Đến với suất chiếu này, khán giả sẽ được immerse trong thế giới phim với những cảm giác thực sự đậm đặc."
TRẠI BUÔN NGƯỜI,CGV Vivo City,26/09/2026,2D Phụ Đề Anh,17:40,"Tôi vừa có cơ hội xem suất chiếu TRẠI BUÔN NGƯỜI tại CGV Vivo City và trải nghiệm thật tuyệt vời. Phim được chiếu trên màn hình 2D Phụ Đề Anh với định dạng đặc biệt, tạo nên một không gian riêng biệt và hấp dẫn. Thời gian chiếu được chọn là 17:40, giúp tôi tận hưởng từng khoảnh khắc trong bộ phim một cách thoải mái và không bị phân tâm. overall, tôi rất hài lòng với trải nghiệm và mong chờ được quay lại xem suất chiếu này."
TRẠI BUÔN NGƯỜI,CGV Vivo City,26/09/2026,2D Phụ Đề Anh,18:30,"Tôi đã có dịp tham gia suất chiếu TRẠI BUÔN NGƯỜI tại CGV Vivo City vào ngày 26/09/2026. Phim được chiếu với định dạng 2D Phụ Đề Anh và giờ chiếu là 18:30. Qua trải nghiệm, tôi cảm thấy được mang đến một không gian phim ảnh đầy hấp dẫn và thú vị."
TRẠI BUÔN NGƯỜI,CGV Vivo City,26/09/2026,2D Phụ Đề Anh,19:20,"Tôi vừa có cơ hội xem suất chiếu TRẠI BUÔN NGƯỜI tại CGV Vivo City vào ngày 26/09/2026. Đây là một trải nghiệm tuyệt vời với định dạng 2D Phụ Đề Anh và giờ chiếu 19:20. Mặc dù không có thông tin chi tiết về nội dung phim, nhưng tôi đã cảm nhận được sự sôi động và hấp dẫn của màn hình lớn trong không gian rạp chiếu. Mọi thứ đã được chuẩn bị kỹ lưỡng để mang đến một trải nghiệm giải trí tuyệt vời cho khán giả."
TRẠI BUÔN NGƯỜI,CGV Vivo City,26/09/2026,2D Phụ Đề Anh,20:20,"Hôm nay, tôi đã có cơ hội xem suất chiếu TRẠI BUÔN NGƯỜI tại CGV Vivo City. Phim được chiếu theo định dạng 2D Phụ Đề Anh và bắt đầu vào lúc 20:20. Môi trường rạp chiếu rất yên tĩnh và thoải mái, giúp tôi có thể tập trung vào trải nghiệm xem phim."
TRẠI BUÔN NGƯỜI,CGV Vivo City,26/09/2026,2D Phụ Đề Anh,21:00,"Tôi đã có dịp trải nghiệm suất chiếu ""TRẠI BUÔN NGƯỜI"" tại rạp chiếu CGV Vivo City vào ngày 26/09/2026. Đó là một trải nghiệm tuyệt vời với định dạng 2D Phụ Đề Anh và giờ chiếu 21:00. Mỗi giây đều mang đến cho tôi một cảm giác sống đọng trong tâm trí, đưa tôi vào thế giới phim."
TRẠI BUÔN NGƯỜI,CGV Vivo City,26/09/2026,2D Phụ Đề Anh,22:00,"Hôm nay, tôi đã được tham gia một đêm chiếu phim tuyệt vời tại CGV Vivo City với bộ phim TRẠI BUÔN NGƯỜI. Phim được chiếu tại rạp với định dạng 2D Phụ Đề Anh và giờ chiếu là 22:00. Trong khi chờ đợi, tôi đã có thời gian để tận hưởng không gian rạp và chờ đợi phim bắt đầu. Khi phim bắt đầu, tôi đã được hoàn toàn bị thu hút bởi câu chuyện và diễn xuất của các diễn viên. Phim đã mang đến cho tôi một trải nghiệm tuyệt vời và tôi rất sẵn sàng để tiếp tục theo dõi."
TRẠI BUÔN NGƯỜI,CGV Vivo City,26/09/2026,2D Phụ Đề Anh,23:10,"Tôi vừa có cơ hội xem suất chiếu ""TRẠI BUÔN NGƯỜI"" tại rạp chiếu CGV Vivo City vào ngày 26/09/2026 và tôi thật sự ấn tượng. Phim được chiếu trong định dạng 2D Phụ Đề Anh với giờ chiếu 23:10. M atmosphere huyền bí và hấp dẫn đã cuốn hút tôi ngay từ đầu, giúp tôi đặt vào tâm thế chính diện trong từng khoảnh khắc."
VÙNG ĐẤT QUỶ DỮ,CGV Vivo City,26/09/2026,2D Phụ Đề Việt,12:10,"Tôi đã có cơ hội xem suất chiếu ""VÙNG ĐẤT QUỶ DỮ"" tại rạp chiếu CGV Vivo City vào ngày 26/09/2026. Phim được phát hành với định dạng 2D Phụ Đề Việt và đã bắt đầu chiếu ngay lúc 12:10. Đó là một trải nghiệm thú vị và ấn tượng, tạo nên một bầu không khí sôi động và hấp dẫn cho khán giả."
VÙNG ĐẤT QUỶ DỮ,CGV Vivo City,26/09/2026,2D Phụ Đề Việt,14:20,"Tôi đã tham gia xem suất chiếu ""VÙNG ĐẤT QUỶ DỮ"" tại rạp chiếu CGV Vivo City vào ngày 26/09/2026 và trải nghiệm là tuyệt vời! Thông qua các hiệu ứng đặc biệt và phụ đề Việt, tôi đã cảm nhận được sự sống động và sâu sắc của câu chuyện. Thời điểm 14:20, không gian rạp trở nên yên tĩnh và tập trung, giúp tôi hòa nhập sâu hơn vào thế giới phim."
VÙNG ĐẤT QUỶ DỮ,CGV Vivo City,26/09/2026,2D Phụ Đề Việt,20:50,"Hôm nay, tôi đã có cơ hội được trải nghiệm suất chiếu ""VÙNG ĐẤT QUỶ DỮ"" tại rạp chiếu CGV Vivo City. Phim được chiếu trong định dạng 2D Phụ Đề Việt và bắt đầu từ 20:50. Mặc dù chỉ có một lần xem nhưng tôi đã cảm nhận được sự hấp dẫn và thú vị của bộ phim này khi được phát hành."
VÙNG ĐẤT QUỶ DỮ,CGV Vivo City,26/09/2026,2D Phụ Đề Việt,23:40,"Tôi vừa có cơ hội xem suất chiếu ""VÙNG ĐẤT QUỶ DỮ"" tại rạp CGV Vivo City vào ngày 26/09/2026. Khi bước vào phòng chiếu, tôi được trải nghiệm một màn trình diễn phim 2D Phụ Đề Việt tuyệt vời với hình ảnh và âm thanh sống động. Phim chiếu sáng màn hình ở thời điểm 23:40 và tôi cảm thấy được cuốn vào thế giới mà phim mang đến. Màn chiếu này là một trải nghiệm thú vị và đáng nhớ."
ÚT LAN 2,CGV Vivo City,26/09/2026,2D Phụ Đề Anh,10:00,"Tôi vừa có cơ hội xem suất chiếu phim ÚT LAN 2 tại rạp chiếu CGV Vivo City vào ngày 26/09/2026. Phim được chiếu trong định dạng 2D Phụ Đề Anh với giờ chiếu 10:00. Đây là một trải nghiệm thú vị và hấp dẫn, giúp tôi có thể tận hưởng toàn bộ nội dung phim."
AVENGERS: HỒI KẾT - PHIÊN BẢN ĐẶC BIỆT (CHIẾU LẠI),CGV Vivo City,27/09/2026,IMAX2D Phụ Đề Việt | Rạp IMAX,08:30,"Vào chiều ngày 27/09/2026, tôi đã có cơ hội được trải nghiệm suất chiếu phim AVENGERS: HỒI KẾT - PHIÊN BẢN ĐẶC BIỆT tại CGV Vivo City. Thông qua rạp IMAX và định dạng IMAX2D Phụ Đề Việt, tôi được tận hưởng một trải nghiệm chiếu phim đầy đậm chất và hiện đại. Thời gian chiếu là 08:30, tạo sự thoải mái cho khán giả như tôi trong một buổi chiều rộn rã."
AVENGERS: HỒI KẾT - PHIÊN BẢN ĐẶC BIỆT (CHIẾU LẠI),CGV Vivo City,27/09/2026,4DX2D Phụ Đề Việt | Rạp 4DX																 & Infinity Vision,11:00,"Tôi vừa có cơ hội trải nghiệm suất chiếu AVENGERS: HỒI KẾT - PHIÊN BẢN ĐẶC BIỆT tại CGV Vivo City và đó là một trải nghiệm tuyệt vời! Sau khi ngồi xuống ghế, tôi đã được đưa vào thế giới 4DX2D với phụ đề tiếng Việt và trải nghiệm Infinity Vision. Mục tiêu của tôi là xem phim vào buổi sáng ngày 27/09/2026 và tôi cảm thấy thật tuyệt khi có thể tận hưởng màn hình lớn trong một không gian yên tĩnh."
AVENGERS: HỒI KẾT - PHIÊN BẢN ĐẶC BIỆT (CHIẾU LẠI),CGV Vivo City,27/09/2026,IMAX2D Phụ Đề Việt | Rạp IMAX,12:00,"Tôi đã có cơ hội trải nghiệm suất chiếu ""AVENGERS: HỒI KẾT - PHIÊN BẢN ĐẶC BIỆT"" tại rạp chiếu CGV Vivo City vào ngày 27/09/2026. Sự kiện này được tổ chức tại IMAX2D Phụ Đề Việt, tạo ra một không gian giải trí tuyệt vời. Khi đến với suất chiếu, tôi cảm nhận được sự sôi động và năng lượng của khán giả cùng với chất lượng hình ảnh và âm thanh vượt trội từ công nghệ IMAX."
AVENGERS: HỒI KẾT - PHIÊN BẢN ĐẶC BIỆT (CHIẾU LẠI),CGV Vivo City,27/09/2026,IMAX2D Phụ Đề Việt | Rạp IMAX,15:30,"Tôi vừa có cơ hội xem suất chiếu AVENGERS: HỒI KẾT - PHIÊN BẢN ĐẶC BIỆT tại rạp chiếu CGV Vivo City và trải nghiệm thật tuyệt vời. Phim được chiếu trong định dạng IMAX2D Phụ Đề Việt, tạo cho khán giả một trải nghiệm watching độc đáo và immersive. Ngày chiếu là 27/09/2026, và giờ chiếu là 15:30, là một thời điểm lý tưởng để tôi tận hưởng bộ phim này."
AVENGERS: HỒI KẾT - PHIÊN BẢN ĐẶC BIỆT (CHIẾU LẠI),CGV Vivo City,27/09/2026,2D Phụ Đề Việt																 | Rạp Infinity Vision,16:30,"Hôm nay, tôi đã có cơ hội xem suất chiếu ""AVENGERS: HỒI KẾT - PHIÊN BẢN ĐẶC BIỆT"" tại CGV Vivo City. Phim được chiếu vào ngày 27/09/2026 với giờ chiếu 16:30. Tôi đã tận hưởng trải nghiệm xem phim tại rạp Infinity Vision, nơi màn hình lớn và âm thanh sống động mang đến cảm giác immersion độc đáo. Đây là một trải nghiệm tuyệt vời cho những người hâm mộ Avengers."
AVENGERS: HỒI KẾT - PHIÊN BẢN ĐẶC BIỆT (CHIẾU LẠI),CGV Vivo City,27/09/2026,IMAX2D Phụ Đề Việt | Rạp IMAX,19:00,"Ngày 27/09/2026, rạp chiếu CGV Vivo City đã chào đón khán giả đến xem AVENGERS: HỒI KẾT - PHIÊN BẢN ĐẶC BIỆT (CHIẾU LẠI) với trải nghiệm chiếu IMAX2D Phụ Đề Việt | Rạp IMAX. Sau 19:00, khán giả đã có thể thưởng thức bộ phim hành động kinh điển này trên màn hình lớn và hiện đại. Một trải nghiệm tuyệt vời, không thể quên!"
AVENGERS: HỒI KẾT - PHIÊN BẢN ĐẶC BIỆT (CHIẾU LẠI),CGV Vivo City,27/09/2026,2D Phụ Đề Việt																 | Rạp Infinity Vision,20:00,"Tôi vừa có dịp xem suất chiếu ""AVENGERS: HỒI KẾT - PHIÊN BẢN ĐẶC BIỆT"" tại CGV Vivo City vào ngày 27/09/2026. Với định dạng 2D Phụ Đề Việt và giờ chiếu 20:00, trải nghiệm của tôi thật sự ấn tượng. Không khí rạp phim sôi động, ánh sáng Infinity Vision tạo nên một không gian tuyệt đẹp. Tôi đã tận hưởng từng khoảnh khắc của bộ phim với sự chú ý và sôi động."
AVENGERS: HỒI KẾT - PHIÊN BẢN ĐẶC BIỆT (CHIẾU LẠI),CGV Vivo City,27/09/2026,4DX2D Phụ Đề Việt | Rạp 4DX																 & Infinity Vision,21:50,"Khi bước vào rạp CGV Vivo City vào ngày 27/9/2026, khán giả đã sẵn sàng để trải nghiệm sự kết thúc tuyệt vời của AVENGERS: HỒI KẾT - PHIÊN BẢN ĐẶC BIỆT. Với định dạng 4DX2D Phụ Đề Việt và Rạp 4DX, Infinity Vision, không khí trong rạp đã trở nên sống động và hấp dẫn. Khi giờ chiếu 21:50 đến, khán giả đã được lôi cuốn vào thế giới hành động và phiêu lưu phiêu cùng các nhân vật yêu thích. Đó là một đêm không thể quên, mang đến những khoảnh khắc tuyệt vời và những cảm xúc sâu sắc."
AVENGERS: HỒI KẾT - PHIÊN BẢN ĐẶC BIỆT (CHIẾU LẠI),CGV Vivo City,27/09/2026,IMAX2D Phụ Đề Việt | Rạp IMAX,22:30,"Khi bước vào rạp CGV Vivo City vào ngày 27/9/2026, tôi đã có cơ hội trải nghiệm suất chiếu AVENGERS: HỒI KẾT - PHIÊN BẢN ĐẶC BIỆT, một sự kiện lớn trong thế giới điện ảnh. Với định dạng IMAX2D Phụ Đề Việt và rạp IMAX, không khí trong rạp đã trở nên hào hứng và đầy hứa hẹn. Tôi đã có thể tận hưởng bộ phim này vào giờ 22:30, tạo ra một trải nghiệm đáng nhớ và ấn tượng với khán giả."
BÁT TIÊN ! TRUY TÌM LƯU LY ĐĂNG,CGV Vivo City,27/09/2026,2D Phụ Đề Anh & Việt,15:40,"Tôi đã có một trải nghiệm thú vị khi xem suất chiếu ""BÁT TIÊN ! TRUY TÌM LƯU LY ĐĂNG"" tại CGV Vivo City vào ngày 27/09/2026. Với định dạng 2D Phụ Đề Anh & Việt và giờ chiếu 15:40, tôi đã được tận hưởng bộ phim này với chất lượng visuals và âm thanh tốt. Mặc dù chỉ là một trải nghiệm mô phỏng, nhưng tôi đã cảm nhận được sự sôi động và hấp dẫn của bộ phim này, khiến cho thời gian xem trôi qua nhanh chóng."
HÒN ĐẢO QUÊN LÃNG,CGV Vivo City,27/09/2026,4DX2D Phụ Đề Việt | Rạp 4DX,08:40,"Tôi đã có mặt tại rạp chiếu CGV Vivo City để trải nghiệm suất chiếu ""HÒN ĐẢO QUÊN LÃNG"" 4DX2D Phụ Đề Việt. Ngày chiếu hôm nay là 27/09/2026 và tôi đã có cơ hội xem phim vào giờ 08:40. Không khí trong rạp được tạo nên bởi hiệu ứng đặc biệt và âm thanh sống động, làm cho trải nghiệm xem phim trở nên thú vị và sống động. Tôi đã cảm nhận được sự sống động và đầy sức hấp dẫn từ bộ phim này."
HÒN ĐẢO QUÊN LÃNG,CGV Vivo City,27/09/2026,4DX2D Lồng Tiếng Việt | Rạp 4DX,19:45,"Tôi đã tham gia suất chiếu ""HÒN ĐẢO QUÊN LÃNG"" tại rạp chiếu CGV Vivo City vào ngày 27/09/2026. Sự kiện này được thực hiện theo định dạng 4DX2D với lồng tiếng Việt. Tôi đã chọn buổi chiếu tại 19:45 và trải nghiệm không thể quên trong đêm đó. Sự kết hợp giữa công nghệ 4DX và hình ảnh 2D mang đến một trải nghiệm độc đáo và thú vị, khiến cho đêm chiếu trở nên đáng nhớ."
LAPUTA: LÂU ĐÀI TRÊN KHÔNG,CGV Vivo City,27/09/2026,2D Phụ Đề Việt,13:30,"Tôi đã có cơ hội tham gia xem suất chiếu ""LAPUTA: LÂU ĐÀI TRÊN KHÔNG"" tại rạp chiếu CGV Vivo City vào ngày 27/09/2026. Giờ chiếu là 13:30, định dạng là 2D Phụ Đề Việt. trải nghiệm của tôi rất ấn tượng với phần phụ đề Việt được thiết kế tinh tế và bắt mắt, giúp tôi có thể dễ dàng theo dõi và tận hưởng bộ phim trong suốt thời lượng chiếu."
LAPUTA: LÂU ĐÀI TRÊN KHÔNG,CGV Vivo City,27/09/2026,2D Phụ Đề Việt,18:10,"Ngày 27/09/2026, rạp CGV Vivo City chào đón khán giả đến xem suất chiếu LAPUTA: LÂU ĐÀI TRÊN KHÔNG với định dạng 2D Phụ Đề Việt và giờ chiếu 18:10. Đây là một dịp để trải nghiệm bộ phim hấp dẫn này cùng với những phụ đề Việt."
LÊN HƯƠNG,CGV Vivo City,27/09/2026,2D Phụ Đề Anh,23:30,Tôi vừa xem suất chiếu LÊN HƯƠNG tại rạp CGV Vivo City vào ngày 27/09/2026. Phim được chiếu dưới định dạng 2D Phụ Đề Anh với giờ chiếu là 23:30. Có trải nghiệm tuyệt vời và cảm xúc đậm đà cùng với hình ảnh sống động trên màn hình là những gì tôi nhận được. Phim đã mang đến cho tôi một trải nghiệm đáng nhớ.
MARNIE YÊU DẤU,CGV Vivo City,27/09/2026,2D Phụ Đề Việt,11:15,"Hôm nay, tôi đã được tận hưởng suất chiếu ""MARNIE YÊU DẤU"" tại rạp chiếu CGV Vivo City. Vào lúc 11:15, tôi đã có thể trải nghiệm phim với định dạng 2D Phụ Đề Việt. Sau buổi chiếu, tôi cảm thấy ấn tượng với cách kể chuyện và nghệ thuật thiết kế của bộ phim. Mặc dù chỉ là một trải nghiệm thử nghiệm, nhưng tôi đã được cung cấp một cái nhìn đầu tiên về bộ phim và tôi mong chờ để xem bộ phim có thực sự thu hút như thế nào."
MARNIE YÊU DẤU,CGV Vivo City,27/09/2026,2D Phụ Đề Việt,16:00,"MARNIE YÊU DẤU đã được chiếu tại CGV Vivo City với ngày chiếu là 27/09/2026. Đây là một trải nghiệm phim 2D Phụ Đề Việt tại thời điểm hiện tại, với giờ chiếu chính là 16:00."
PHÁO HOA LÚC BÌNH MINH,CGV Vivo City,27/09/2026,2D Phụ Đề Anh & Việt,09:30,"Tôi vừa có cơ hội xem suất chiếu phim PHÁO HOA LÚC BÌNH MINH tại rạp CGV Vivo City và đó là một trải nghiệm tuyệt vời! Phim được chiếu dưới định dạng 2D Phụ Đề Anh & Việt, giúp tôi tận hưởng cả tiếng Việt và tiếng Anh cùng lúc. Khi bước vào rạp, tôi được ngồi vào ghế thoải mái và chờ đợi cho đến giờ chiếu 09:30. Mọi thứ đều được chuẩn bị kỹ lưỡng, tạo nên một không khí sôi động và mong chờ."
TRẠI BUÔN NGƯỜI,CGV Vivo City,27/09/2026,2D Phụ Đề Anh,08:50,"Ngày 27/9/2026, CGV Vivo City mang đến trải nghiệm xem phim tuyệt vời với suất chiếu TRẠI BUÔN NGƯỜI. Với định dạng 2D Phụ Đề Anh và thời gian chiếu 08:50, khán giả sẽ được trải nghiệm một trải nghiệm giải trí độc đáo và hấp dẫn."
TRẠI BUÔN NGƯỜI,CGV Vivo City,27/09/2026,2D Phụ Đề Anh,09:20,"Hôm nay, tôi đã có cơ hội tận hưởng trải nghiệm chiếu phim tuyệt vời tại rạp CGV Vivo City với bộ phim ""TRẠI BUÔN NGƯỜI"". Vào ngày 27/09/2026, tôi đã có dịp xem suất chiếu 09:20, được định dạng là 2D Phụ Đề Anh. Bộ phim đã mang đến cho tôi những khoảnh khắc hấp dẫn và thú vị, khiến tôi không thể rời mắt khỏi màn ảnh. Tôi rất vui khi được trải nghiệm phim này tại rạp chiếu hiện đại và tiện nghi của CGV Vivo City."
TRẠI BUÔN NGƯỜI,CGV Vivo City,27/09/2026,2D Phụ Đề Anh,10:20,"Hôm nay, tôi có cơ hội được xem suất chiếu TRẠI BUÔN NGƯỜI tại CGV Vivo City. Phim được chiếu với định dạng 2D Phụ Đề Anh và bắt đầu tại thời gian 10:20. Không khó để nhận thấy, suất chiếu này đã thu hút một lượng khán giả đông đảo. Cảm giác hứng khởi và năng động trong không gian rạp chiếu đã mang đến trải nghiệm đáng nhớ cho mỗi người."
TRẠI BUÔN NGƯỜI,CGV Vivo City,27/09/2026,2D Phụ Đề Anh,11:30,"Tôi đã có cơ hội xem suất chiếu phim TRẠI BUÔN NGƯỜI tại rạp chiếu CGV Vivo City vào ngày 27/09/2026. Khi bước vào phòng chiếu, tôi được trải nghiệm trải nghiệm 2D Phụ Đề Anh tuyệt vời cùng màn hình lớn và âm thanh sống động. Phim đã thu hút sự chú ý của khán giả xung quanh tôi, tạo không khí sôi động và vui vẻ trong rạp chiếu. Tôi đã có một trải nghiệm giải trí tuyệt vời và sẽ nhớ đến suất chiếu này mãi."
TRẠI BUÔN NGƯỜI,CGV Vivo City,27/09/2026,2D Phụ Đề Anh,12:10,"Hôm nay, tôi có cơ hội được trải nghiệm suất chiếu TRẠI BUÔN NGƯỜI tại rạp chiếu CGV Vivo City. Phim được chiếu dưới định dạng 2D Phụ Đề Anh và giờ chiếu là 12:10. Tôi cảm thấy hứng thú khi đặt vé và chờ đợi cho đến lúc phát hành. Sau một lúc chờ đợi, tôi đã có thể thưởng thức bộ phim này."
TRẠI BUÔN NGƯỜI,CGV Vivo City,27/09/2026,2D Phụ Đề Anh,13:00,Tôi vừa bước vào rạp CGV Vivo City và được thông báo rằng ngày hôm nay là ngày chiếu của bộ phim TRẠI BUÔN NGƯỜI. Tôi đã chọn ghế thuận tiện và chuẩn bị sẵn thiết bị để tận hưởng bộ phim. Phim sẽ được chiếu trong định dạng 2D Phụ Đề Anh và bắt đầu ở giờ 13:00. Tôi sẵn sàng để được chinh phục bởi một bộ phim hấp dẫn và thú vị.
TRẠI BUÔN NGƯỜI,CGV Vivo City,27/09/2026,2D Phụ Đề Anh,14:00,"Ngày 27/9/2026, tôi đã có dịp trải nghiệm suất chiếu phim ""Trái Buồn Người"" tại rạp CGV Vivo City. Khi bước vào rạp, không khí trở nên ấm áp và hào hứng, mọi người đều đang chào đón sự trở lại của bộ phim này. Tôi đã chọn ngồi vào vị trí thích hợp và chờ đợi cho đến thời điểm phim bắt đầu. Khi màn ảnh nổ ra, tôi đã cảm nhận được sự sống động của nhân vật và câu chuyện, đưa tôi vào một thế giới mới. Đây là một trải nghiệm tuyệt vời, không thể bỏ lỡ!"
TRẠI BUÔN NGƯỜI,CGV Vivo City,27/09/2026,4DX2D Phụ Đề Anh | Rạp 4DX,14:30,"Tôi đã có cơ hội trải nghiệm suất chiếu TRẠI BUÔN NGƯỜI tại rạp CGV Vivo City vào ngày 27/09/2026. Thông qua trải nghiệm 4DX2D, tôi được tận hưởng không gian độc đáo và cảm nhận được nhiều yếu tố khác nhau như âm thanh và chuyển động để tăng cường trải nghiệm xem phim. Phim được chiếu với chất lượng cao và phụ đề Anh, mang đến một trải nghiệm xem phim đa dạng và hấp dẫn."
TRẠI BUÔN NGƯỜI,CGV Vivo City,27/09/2026,2D Phụ Đề Anh,15:00,"Tôi vừa bước vào rạp CGV Vivo City và có thể cảm nhận được không khí sôi động cho suất chiếu TRẠI BUÔN NGƯỜI vào ngày 27/09/2026. Phim được chiếu với định dạng 2D Phụ Đề Anh và thời gian bắt đầu là 15:00, hứa hẹn sẽ là trải nghiệm thú vị cho khán giả."
TRẠI BUÔN NGƯỜI,CGV Vivo City,27/09/2026,2D Phụ Đề Anh,16:40,"Tôi vừa có cơ hội được dự xem suất chiếu mới nhất tại rạp CGV Vivo City, ""TRẠI BUÔN NGƯỜI"" đã xuất hiện trên màn ảnh với định dạng 2D Phụ Đề Anh. Thông qua trải nghiệm của mình, tôi cảm thấy phim này mang đến một cách giải trí thú vị và hấp dẫn, phù hợp với mọi người. Phim đã chiếu vào ngày 27/09/2026, giờ chiếu là 16:40, giúp khán giả có thể tận hưởng một buổi xem phim độc đáo."
TRẠI BUÔN NGƯỜI,CGV Vivo City,27/09/2026,4DX2D Phụ Đề Anh | Rạp 4DX,17:10,"Trải nghiệm xem suất chiếu TRẠI BUÔN NGƯỜI tại rạp chiếu CGV Vivo City vào ngày 27/09/2026 là một trải nghiệm tuyệt vời. Khi bước vào rạp, khán giả đã được chào đón bởi không gian 4DX2D đầy màu sắc và âm thanh sống động. Sau một hồi chờ đợi, phim bắt đầu chiếu và khán giả đã được đưa vào thế giới phiêu lưu của trò chơi. Với hệ thống 4DX2D, khán giả đã được trải nghiệm cảm giác mạnh mẽ và độc đáo khi xem phim. Phim đã khiến khán giả ngạc nhiên và ấn tượng với những khoảnh khắc phiêu lưu và hành động sôi động."
TRẠI BUÔN NGƯỜI,CGV Vivo City,27/09/2026,2D Phụ Đề Anh,17:40,"Tôi vừa có cơ hội xem suất chiếu đầu tiên của bộ phim TRẠI BUÔN NGƯỜI tại rạp chiếu CGV Vivo City vào ngày 27/09/2026. Phim được chiếu với định dạng 2D Phụ Đề Anh và thời gian chiếu là 17:40. Tôi cảm thấy ấn tượng với trải nghiệm xem phim này, cả hình ảnh và âm thanh đều được pha chế một cách tinh tế, mang đến một cảm giác huyền bí và đầy thử thách."
TRẠI BUÔN NGƯỜI,CGV Vivo City,27/09/2026,2D Phụ Đề Anh,18:30,"Tôi vừa bước vào rạp CGV Vivo City để theo dõi trận đấu giữa hai đội bóng yêu thích của tôi, và đây là trải nghiệm tuyệt vời nhất mà tôi đã có. Ngày chiếu là 27/9/2026, và tôi đã chọn đến giờ chiếu 18:30 để tận hưởng từng khoảnh khắc. Phim được chiếu với định dạng 2D Phụ Đề Anh, tạo nên một không gian riêng tư và yên tĩnh cho khán giả. Tôi đã ngồi một mình tại rạp, hoàn toàn tập trung vào màn hình rộng lớn, và cảm nhận được sự hào hứng khi trận đấu bắt đầu."
TRẠI BUÔN NGƯỜI,CGV Vivo City,27/09/2026,2D Phụ Đề Anh,19:20,"Tôi vừa có cơ hội được xem suất chiếu TRẠI BUÔN NGƯỜI tại rạp CGV Vivo City vào ngày 27/09/2026. Phim được chiếu với định dạng 2D Phụ Đề Anh và bắt đầu phát hành vào giờ 19:20. Mặc dù chưa có trải nghiệm thực tế, nhưng thông tin này cho tôi một cái nhìn tổng quan về thông tin chiếu rạp, có thể giúp tôi đánh giá và phân tích về phim sau này."
TRẠI BUÔN NGƯỜI,CGV Vivo City,27/09/2026,2D Phụ Đề Anh,20:20,"Tôi vừa về nhà và vẫn còn cảm thấy sôi sục từ trải nghiệm xem suất chiếu TRẠI BUÔN NGƯỜI tại rạp chiếu CGV Vivo City. Ngày 27/09/2026, tôi đã có cơ hội chứng kiến bộ phim 2D Phụ Đề Anh này trên màn ảnh lớn, và đó là một trải nghiệm thú vị. Thời điểm 20:20, rạp đông đúc nhưng không quá vắt hẹp, tạo nên không khí ấm áp cho khán giả. Màn chiếu đẹp mắt và âm thanh rõ ràng, giúp tôi fully submerge trong thế giới của bộ phim."
TRẠI BUÔN NGƯỜI,CGV Vivo City,27/09/2026,2D Phụ Đề Anh,21:00,"Tôi đã có cơ hội đến xem suất chiếu ""TRẠI BUÔN NGƯỜI"" tại rạp CGV Vivo City vào ngày 27/09/2026, một buổi chiếu 2D Phụ Đề Anh vào lúc 21:00. Quả thực, một trải nghiệm tuyệt vời với hình ảnh sống động và âm thanh đậm đà đã cuốn hút tôi vào thế giới của bộ phim."
TRẠI BUÔN NGƯỜI,CGV Vivo City,27/09/2026,2D Phụ Đề Anh,22:00,Trái buồn người là một bộ phim được chiếu tại CGV Vivo City vào ngày 27/09/2026. Bộ phim được định dạng 2D Phụ Đề Anh và bắt đầu chiếu vào giờ 22:00. Đây là một trải nghiệm thú vị để khán giả có thể tận hưởng.
TRẠI BUÔN NGƯỜI,CGV Vivo City,27/09/2026,2D Phụ Đề Anh,22:40,"Tôi đã có cơ hội xem suất chiếu của phim TRẠI BUÔN NGƯỜI tại CGV Vivo City vào ngày 27/09/2026. Phim được chiếu với định dạng 2D Phụ Đề Anh và thời gian chiếu là 22:40. trải nghiệm xem phim này đã mang đến cho tôi một không khí thoải mái và thú vị, giúp tôi có thể tận hưởng từng khoảnh khắc trên màn ảnh."
TRẠI BUÔN NGƯỜI,CGV Vivo City,27/09/2026,2D Phụ Đề Anh,23:10,Tôi đã tham gia xem suất chiếu TRẠI BUÔN NGƯỜI tại rạp CGV Vivo City vào ngày 27/09/2026 và trải nghiệm một đêm phim tuyệt vời. Phim được chiếu ở định dạng 2D Phụ Đề Anh với thời gian chiếu là 23:10. Không khí trong rạp trở nên hưng phấn và hấp dẫn khi tôi bước vào xem phim. Tôi đã tận hưởng từng khoảnh khắc của bộ phim và cảm thấy như mình đã được nhập vào thế giới phim.
VÙNG ĐẤT QUỶ DỮ,CGV Vivo City,27/09/2026,2D Phụ Đề Việt,12:20,"VÙNG ĐẤT QUỶ DỮ đã chính thức đến với rạp chiếu CGV Vivo City, mang đến cho khán giả một trải nghiệm thú vị. Phim chiếu ra vào ngày 27/09/2026 với giờ chiếu 12:20, định dạng 2D Phụ Đề Việt. Nếu bạn đang tìm kiếm một sự giải trí thú vị, VÙNG ĐẤT QUỶ DỮ là lựa chọn không thể bỏ qua. Hãy đến và trải nghiệm phim này ngay hôm nay!"
VÙNG ĐẤT QUỶ DỮ,CGV Vivo City,27/09/2026,2D Phụ Đề Việt,14:20,"Tôi đã có cơ hội được trải nghiệm suất chiếu VÙNG ĐẤT QUỶ DỮ tại CGV Vivo City vào ngày 27/09/2026. Phim được chiếu theo định dạng 2D Phụ Đề Việt và bắt đầu vào giờ 14:20. Thông qua trải nghiệm này, tôi đã có thể trải nghiệm được màn hình lớn và âm thanh sống động của phim, tạo nên một trải nghiệm giải trí tuyệt vời."
VÙNG ĐẤT QUỶ DỮ,CGV Vivo City,27/09/2026,2D Phụ Đề Việt,20:40,"Tôi vừa có cơ hội xem suất chiếu ""VÙNG ĐẤT QUỶ DỮ"" tại rạp CGV Vivo City vào ngày 27/09/2026, với thời gian chiếu là 20:40. Trong suốt trải nghiệm của mình, phim đã mang đến một cảm giác tràn đầy cảm xúc và sâu sắc, dù là một định dạng 2D Phụ Đề Việt. Màn chiếu đã làm cho tôi cảm thấy như đang được đưa vào một thế giới riêng biệt, đầy màu sắc và phong cách độc đáo. Mỗi khung hình đều có một câu chuyện riêng để kể, khiến tôi không thể rời mắt. Trong đó, ""VÙNG ĐẤT QUỶ DỮ"" đã trở thành một cái tên nổi bật, mang đến cho tôi một trải nghiệm khó quên."
VÙNG ĐẤT QUỶ DỮ,CGV Vivo City,27/09/2026,2D Phụ Đề Việt,23:40,"Tôi vừa xem phim VÙNG ĐẤT QUỶ DỮ tại rạp chiếu CGV Vivo City vào ngày 27/09/2026. Đây là một trải nghiệm tuyệt vời với định dạng 2D Phụ Đề Việt và giờ chiếu 23:40. Mỗi khung hình đều mang đến cho tôi một không gian riêng tư và sâu sắc, giúp tôi cảm nhận sâu sắc hơn về câu chuyện được kể. Tất cả đều tạo nên một bộ phim tuyệt vời và đáng xem."
ÚT LAN 2,CGV Vivo City,27/09/2026,2D Phụ Đề Anh,10:00,"Tôi vừa có cơ hội xem suất chiếu ""ÚT LAN 2"" tại rạp chiếu CGV Vivo City. Ngày chiếu là 27/09/2026 và tôi đã chọn buổi chiếu lúc 10:00. Phim được trình chiếu với định dạng 2D Phụ Đề Anh. Trải nghiệm xem phim rất thú vị và hấp dẫn, tôi đã có cảm giác được giải trí và thư giãn ngay trong khoảng thời gian ngắn."
AVENGERS: HỒI KẾT - PHIÊN BẢN ĐẶC BIỆT (CHIẾU LẠI),CGV Vivo City,28/09/2026,4DX2D Phụ Đề Việt | Rạp 4DX																 & Infinity Vision,11:00,"Tôi vừa có cơ hội trải nghiệm suất chiếu ""AVENGERS: HỒI KẾT - PHIÊN BẢN ĐẶC BIỆT"" tại rạp chiếu CGV Vivo City. Đây là một trải nghiệm thú vị với định dạng 4DX2D Phụ Đề Việt | Rạp 4DX và Infinity Vision. Khi bước vào rạp, tôi đã được chào đón bởi không gian hiện đại và công nghệ tiên tiến. Thời điểm 11:00, phòng đã được đông đúc nhưng không quá nhiều để làm gián đoạn trải nghiệm. Mỗi giây phút xem phim đều mang đến những khoảnh khắc hấp dẫn và đầy hành động, khiến tôi cảm thấy như mình đang đứng bên cạnh các siêu anh hùng. Trong suốt 1 giờ chiếu, tôi đã được trải nghiệm những hiệu ứng đặc biệt và hình ảnh sống động, làm cho phim trở nên sống động và thú vị hơn bao giờ hết."
AVENGERS: HỒI KẾT - PHIÊN BẢN ĐẶC BIỆT (CHIẾU LẠI),CGV Vivo City,28/09/2026,IMAX2D Phụ Đề Việt | Rạp IMAX,12:00,"Tôi đã có dịp được trải nghiệm suất chiếu AVENGERS: HỒI KẾT - PHIÊN BẢN ĐẶC BIỆT tại rạp chiếu CGV Vivo City vào ngày 28/09/2026. Trong trải nghiệm này, tôi đã được trải nghiệm IMAX2D Phụ Đề Việt cùng với rạp IMAX. Thời điểm xuất hiện của phim là 12:00, tạo nên một không gian đầy sự sôi động và hứng thú."
AVENGERS: HỒI KẾT - PHIÊN BẢN ĐẶC BIỆT (CHIẾU LẠI),CGV Vivo City,28/09/2026,IMAX2D Phụ Đề Việt | Rạp IMAX,15:30,"Khi bước vào rạp CGV Vivo City vào ngày 28/09/2026, tôi có thể cảm nhận được sự sôi động và hào hứng của hàng nghìn khán giả. Souteer chiếu AVENGERS: HỒI KẾT - PHIÊN BẢN ĐẶC BIỆT đã chính thức bắt đầu, và mọi người đều đang rộn ràng niềm đam mê. Với định dạng IMAX2D và phụ đề Việt, trải nghiệm xem phim trở nên sống động và dễ dàng hơn. Tôi đã chọn buổi chiếu lúc 15:30 và đã trải nghiệm một hành trình phiêu lưu tuyệt vời cùng với các siêu anh hùng."
AVENGERS: HỒI KẾT - PHIÊN BẢN ĐẶC BIỆT (CHIẾU LẠI),CGV Vivo City,28/09/2026,IMAX2D Phụ Đề Việt | Rạp IMAX,19:00,"Tôi vừa có cơ hội xem suất chiếu ""AVENGERS: HỒI KẾT - PHIÊN BẢN ĐẶC BIỆT"" tại rạp CGV Vivo City và đó là một trải nghiệm tuyệt vời! Phim được chiếu trên màn hình IMAX2D với phụ đề Việt, tạo ra một không gian giải trí sống động. Thời điểm 19:00 là lựa chọn hoàn hảo để trải nghiệm bộ phim này."
AVENGERS: HỒI KẾT - PHIÊN BẢN ĐẶC BIỆT (CHIẾU LẠI),CGV Vivo City,28/09/2026,2D Phụ Đề Việt																 | Rạp Infinity Vision,20:00,"Tôi vừa có trải nghiệm tuyệt vời tại suất chiếu ""AVENGERS: HỒI KẾT - PHIÊN BẢN ĐẶC BIỆT"" tại rạp chiếu CGV Vivo City. Ngày chiếu là 28/09/2026, và tôi đã được đến rạp vào lúc 20:00. Không khí rạp sôi động, khán giả đều đặn và nhiệt tình. Phụ đề Việt được chiếu đồng bộ, giúp tôi có thể theo dõi và thưởng thức bộ phim một cách dễ dàng."
AVENGERS: HỒI KẾT - PHIÊN BẢN ĐẶC BIỆT (CHIẾU LẠI),CGV Vivo City,28/09/2026,4DX2D Phụ Đề Việt | Rạp 4DX																 & Infinity Vision,21:50,"Tôi vừa có dịp được trải nghiệm suất chiếu ""AVENGERS: HỒI KẾT - PHIÊN BẢN ĐẶC BIỆT"" tại rạp chiếu CGV Vivo City vào ngày 28/09/2026. Đây là một trải nghiệm đầy cảm xúc và 4DX2D Phụ Đề Việt | Rạp 4DX Infinity Vision đã mang đến cho khán giả một cách tiếp cận đa chiều và đầy màu sắc. Thời gian 21:50 đã nhanh chóng lûm lên màn ảnh, chúng tôi đã không thể rời mắt khỏi màn ảnh lớn để theo dõi những khoảnh khắc đầy hành động và phiêu lưu của Avengers trong đêm cuối cùng."
AVENGERS: HỒI KẾT - PHIÊN BẢN ĐẶC BIỆT (CHIẾU LẠI),CGV Vivo City,28/09/2026,IMAX2D Phụ Đề Việt | Rạp IMAX,22:30,"Ngày 28/09/2026, rạp CGV Vivo City trở thành địa điểm lịch sử khi chiếu ra phiên bản đặc biệt cuối cùng của Avengers: Hội Kết - Phiên bản Đặc Biệt. Sự kiện này đã thu hút hàng ngàn khán giả yêu thích phim. Với định dạng IMAX2D Phụ Đề Việt và Rạp IMAX, buổi chiếu đã mang đến trải nghiệm đặc biệt và ấn tượng với khán giả. Thời gian chiếu là 22:30, tạo không khí sôi động cho buổi tối."
BÁT TIÊN ! TRUY TÌM LƯU LY ĐĂNG,CGV Vivo City,28/09/2026,2D Phụ Đề Anh & Việt,17:10,"Tôi vừa có dịp trải nghiệm suất chiếu ""BÁT TIÊN ! TRUY TÌM LƯU LY ĐĂNG"" tại rạp chiếu CGV Vivo City và thật sự ấn tượng. Phim được chiếu với định dạng 2D Phụ Đề Anh & Việt, tạo sự đa dạng và phong phú cho khán giả. Tôi đã có mặt tại suất chiếu vào giờ 17:10 và cảm thấy không khí rạp được sắp xếp hoàn hảo, sẵn sàng cho một trải nghiệm giải trí tuyệt vời."
HÒN ĐẢO QUÊN LÃNG,CGV Vivo City,28/09/2026,4DX2D Lồng Tiếng Việt | Rạp 4DX,19:45,"Tôi vừa có cơ hội xem suất chiếu ""Hòn Đảo Quên Lãng"" tại rạp CGV Vivo City và trải nghiệm thật tuyệt vời. Phim được chiếu với định dạng 4DX2D lồng tiếng Việt và được chiếu vào ngày 28/09/2026. Khi bước vào rạp, không khí đã được tạo ra một không gian lãng mạn và huyền bí. Phim đã khiến tôi cảm thấy như đang ở trên một hòn đảo hoang sơ, với cảnh sắc tuyệt đẹp và những khoảnh khắc lãng mạn thật khó quên."
LAPUTA: LÂU ĐÀI TRÊN KHÔNG,CGV Vivo City,28/09/2026,2D Phụ Đề Việt,13:30,"Tôi đã có dịp trải nghiệm suất chiếu ""LAPUTA: LÂU ĐÀI TRÊN KHÔNG"" tại CGV Vivo City vào ngày 28/09/2026. Khi bước vào rạp, tôi đã cảm nhận được không khí sôi động và hứng thú từ khán giả. Phim được chiếu với định dạng 2D Phụ Đề Việt, mang đến trải nghiệm xem phim độc đáo và thú vị. Tôi đã ngồi vào ghế và chờ đợi sự kiện phát sinh trong phim, cùng với hàng nghìn khán giả khác tại CGV Vivo City."
LAPUTA: LÂU ĐÀI TRÊN KHÔNG,CGV Vivo City,28/09/2026,2D Phụ Đề Việt,18:10,"Tôi vừa xem suất chiếu LAPUTA: LÂU ĐÀI TRÊN KHÔNG tại CGV Vivo City vào ngày 28/09/2026. Mặc dù là một bộ phim 2D Phụ Đề Việt, nhưng tôi cảm thấy trải nghiệm của mình vẫn rất ấn tượng. Phim được chiếu vào giờ 18:10 và tôi rất hào hứng khi theo dõi. Mỗi khung hình đều mang đến những khoảnh khắc thú vị và cuốn hút, giúp tôi không thể rời mắt. Tất cả các nhân vật đều được thiết kế tinh tế và chi tiết, khiến cho bộ phim trở nên sống động hơn."
LÊN HƯƠNG,CGV Vivo City,28/09/2026,2D Phụ Đề Anh,14:40,"Tôi vừa xem suất chiếu LÊN HƯƠNG tại CGV Vivo City vào ngày 28/09/2026. Phim được chiếu theo định dạng 2D Phụ Đề Anh với giờ chiếu là 14:40. Tôi có thể cảm nhận được sự hiện diện của phim trong rạp chiếu, dù chỉ là một giây, nhưng đã tạo ra một trải nghiệm thú vị cho khán giả."
LÊN HƯƠNG,CGV Vivo City,28/09/2026,2D Phụ Đề Anh,23:30,"Hôm nay, tôi đã có cơ hội trải nghiệm suất chiếu ""LÊN HƯƠNG"" tại CGV Vivo City. Phim được chiếu dưới định dạng 2D Phụ Đề Anh và giờ chiếu là 23:30. Mặc dù là một suất chiếu tối, nhưng không khí tại rạp chiếu vẫn rất sôi động và hứng thú. Tôi đã tận hưởng trải nghiệm xem phim này một cách đầy đủ và cảm thấy hài lòng với quyết định đến xem."
MARNIE YÊU DẤU,CGV Vivo City,28/09/2026,2D Phụ Đề Việt,11:10,"Hôm nay, tôi đã có cơ hội xem suất chiếu ""MARNIE YÊU DẤU"" tại CGV Vivo City. Phim được chiếu với định dạng 2D Phụ Đề Việt và giờ chiếu là 11:10. Thật thú vị khi được trải nghiệm chiếu phim trong một không gian rộng rãi và được trang bị đầy đủ tiện nghi. Mặc dù chỉ xem một suất, nhưng tôi cảm thấy đã có một trải nghiệm tuyệt vời."
MARNIE YÊU DẤU,CGV Vivo City,28/09/2026,2D Phụ Đề Việt,16:00,"Tôi đã xem suất chiếu ""MARNIE YÊU DẤU"" tại CGV Vivo City vào ngày 28/09/2026, và trải nghiệm thật tuyệt vời! Phim được chiếu với định dạng 2D Phụ Đề Việt, giúp tôi tận hưởng hình ảnh và âm thanh độc đáo. Thời gian chiếu là 16:00, tạo cảm giác thư giãn và thoải mái cho tôi trong suốt bộ phim."
PHÁO HOA LÚC BÌNH MINH,CGV Vivo City,28/09/2026,2D Phụ Đề Anh & Việt,09:30,"Tôi vừa có cơ hội xem suất chiếu phim PHÁO HOA LÚC BÌNH MINH tại rạp CGV Vivo City. Phim chiếu rực rỡ trên màn ảnh 2D với phụ đề tiếng Anh và Việt Nam. Tôi đã chọn buổi chiếu sớm vào lúc 09:30 và cảm nhận được sự thích thú khi bắt đầu hành trình phiêu lưu cùng nhân vật chính. Mọi chi tiết trên màn ảnh đều được thiết kế tinh tế và hấp dẫn, mang đến một trải nghiệm giải trí tuyệt vời cho khán giả."
TRẠI BUÔN NGƯỜI,CGV Vivo City,28/09/2026,2D Phụ Đề Anh,09:20,"Hôm nay, tôi đã được tham gia vào một suất chiếu độc đáo của phim TRẠI BUÔN NGƯỜI tại rạp chiếu CGV Vivo City. Phim được chiếu vào ngày 28/09/2026 với định dạng 2D Phụ Đề Anh và thời gian chiếu là 09:20. Việc xem phim này đã mang lại cho tôi trải nghiệm độc đáo và thú vị, với hình ảnh và âm thanh được thiết kế để tương tác với khán giả. Phim đã mang đến cho tôi nhiều cảm xúc và suy nghĩ mới, tạo nên một trải nghiệm đáng nhớ."
TRẠI BUÔN NGƯỜI,CGV Vivo City,28/09/2026,2D Phụ Đề Anh,10:00,"Tôi vừa có cơ hội trải nghiệm suất chiếu ""TRẠI BUÔN NGƯỜI"" tại rạp CGV Vivo City vào ngày 28/09/2026. Được chiếu dưới định dạng 2D Phụ Đề Anh, phim được chiếu vào lúc 10:00. Trong sự ấm áp của màn chiếu, tôi đã đượcimmerse vào thế giới phim và khám phá những câu chuyện độc đáo. Mỗi khung hình đều mang đến cho tôi cảm giác tràn đầy sinh động và sống động, là trải nghiệm đáng nhớ cho tôi."
TRẠI BUÔN NGƯỜI,CGV Vivo City,28/09/2026,2D Phụ Đề Anh,10:30,Tôi vừa có cơ hội xem suất chiếu TRẠI BUÔN NGƯỜI tại rạp chiếu CGV Vivo City. Phim được chiếu với định dạng 2D Phụ Đề Anh và giờ chiếu là 10:30. Không khí rạp sôi động và khán giả đều có tinh thần quan tâm và chờ đợi đến mỗi khoảnh khắc trong phim. Tất cả đã tạo nên một trải nghiệm thú vị và hấp dẫn cho khán giả.
TRẠI BUÔN NGƯỜI,CGV Vivo City,28/09/2026,2D Phụ Đề Anh,11:20,"Tôi đã có cơ hội xem suất chiếu TRẠI BUÔN NGƯỜI tại rạp chiếu CGV Vivo City vào ngày 28/09/2026. Phim được chiếu dưới định dạng 2D Phụ Đề Anh với thời gian chiếu là 11:20. Mặc dù chỉ xem một khoảng thời gian ngắn, nhưng tôi đã cảm nhận được sự sôi động và hấp dẫn của phim ngay từ đầu. Mở đầu ấn tượng, bộ phim đã mang đến cho tôi một trải nghiệm đáng nhớ và mong muốn xem tiếp phần tiếp theo."
TRẠI BUÔN NGƯỜI,CGV Vivo City,28/09/2026,2D Phụ Đề Anh,12:10,"Tôi vừa có cơ hội xem suất chiếu ""TRẠI BUÔN NGƯỜI"" tại rạp chiếu CGV Vivo City và trải nghiệm là vô cùng ấn tượng. Phim được chiếu với định dạng 2D Phụ Đề Anh và giờ chiếu 12:10. Với sự hấp dẫn của nội dung, tôi đã được đưa vào thế giới của bộ phim và cảm nhận được sự sống động của nhân vật và câu chuyện. Một trải nghiệm tuyệt vời!"
TRẠI BUÔN NGƯỜI,CGV Vivo City,28/09/2026,2D Phụ Đề Anh,13:10,"Tôi vừa có dịp được xem suất chiếu TRẠI BUÔN NGƯỜI tại rạp CGV Vivo City vào ngày 28/09/2026. Tôi chọn giờ chiếu 13:10 và trải nghiệm một chiều phim 2D Phụ Đề Anh trong thời lượng không rõ. Không khí trong rạp rất sôi động và đông đúc, khán giả đều rất hào hứng với bộ phim. Tôi cảm thấy trải nghiệm tổng thể khá tốt, đặc biệt là trong phần phụ đề."
TRẠI BUÔN NGƯỜI,CGV Vivo City,28/09/2026,2D Phụ Đề Anh,14:00,"Hôm nay, tôi đã có cơ hội xem lại suất chiếu ""TRẠI BUÔN NGƯỜI"" tại rạp chiếu CGV Vivo City vào ngày 28/09/2026. Việc chiếu phim với định dạng 2D Phụ Đề Anh đã mang đến trải nghiệm giải trí thú vị và hấp dẫn. Tôi đã ngồi vào ghế và tận hưởng giờ chiếu 14:00, trải nghiệm phim một cách chân thực và đầy tham gia."
TRẠI BUÔN NGƯỜI,CGV Vivo City,28/09/2026,4DX2D Phụ Đề Anh | Rạp 4DX,14:30,"Tôi đã có cơ hội xem suất chiếu ""Trái Buồn Người"" tại rạp chiếu CGV Vivo City vào ngày 28/09/2026. Quá trình xem phim được trải nghiệm đầy thú vị khi được kết hợp với hệ thống 4DX2D cùng phụ đề Anh. Thời gian 14:30 đã trở nên đáng nhớ khi tôi được tận hưởng toàn diện màn hình khổng lồ cùng hiệu ứng 3D ấn tượng."
TRẠI BUÔN NGƯỜI,CGV Vivo City,28/09/2026,2D Phụ Đề Anh,15:00,"Hôm nay, tôi đã có cơ hội được trải nghiệm suất chiếu TRẠI BUÔN NGƯỜI tại rạp chiếu CGV Vivo City. Phim được chiếu với định dạng 2D Phụ Đề Anh và giờ chiếu là 15:00. Sau khi mua vé, tôi đã được ngồi thoải mái trong phòng chiếu và tận hưởng toàn bộ nội dung hấp dẫn của phim. Với phong cách chiếu sáng và âm thanh hiện đại, trải nghiệm xem phim này thật sự tuyệt vời."
TRẠI BUÔN NGƯỜI,CGV Vivo City,28/09/2026,2D Phụ Đề Anh,15:50,"Hôm nay, tôi có cơ hội xem suất chiếu TRẠI BUÔN NGƯỜI tại rạp chiếu CGV Vivo City. Phim được chiếu với định dạng 2D Phụ Đề Anh và giờ chiếu là 15:50. Tôi đã tận hưởng không khí hào hứng và sự kỳ vọng khi xem phim này tại một rạp chiếu hiện đại và sạch sẽ."
TRẠI BUÔN NGƯỜI,CGV Vivo City,28/09/2026,2D Phụ Đề Anh,16:40,"Hôm nay, tôi đã có cơ hội xem suất chiếu ""TRẠI BUÔN NGƯỜI"" tại rạp chiếu CGV Vivo City. Phim đã được chiếu với định dạng 2D Phụ Đề Anh và giờ chiếu là 16:40. Tôi đã có trải nghiệm thú vị và hấp dẫn khi xem phim này."
TRẠI BUÔN NGƯỜI,CGV Vivo City,28/09/2026,4DX2D Phụ Đề Anh | Rạp 4DX,17:00,"Tôi vừa có dịp được trải nghiệm suất chiếu ""TRẠI BUÔN NGƯỜI"" tại rạp chiếu CGV Vivo City vào ngày 28/09/2026. Đây là một trải nghiệm đầy thú vị với sự kết hợp của 4DX2D và phụ đề Anh. Khi bước vào rạp, không khí trở nên sống động với hiệu ứng đặc biệt và âm thanh độc đáo. Mỗi khung hình phim đều mang đến cho tôi một cảm giác mới mẻ và gần gũi hơn với thế giới trên màn hình. Sự kết hợp hoàn hảo giữa hình ảnh và âm thanh tạo nên một trải nghiệm giải trí không thể quên."
TRẠI BUÔN NGƯỜI,CGV Vivo City,28/09/2026,2D Phụ Đề Anh,17:40,"Hôm nay, tôi có dịp được trải nghiệm suất chiếu ""TRẠI BUÔN NGƯỜI"" tại rạp chiếu CGV Vivo City. Phim được chiếu trong định dạng 2D Phụ Đề Anh và giờ chiếu là 17:40. Mặc dù chỉ là một buổi chiếu phim, nhưng tôi đã có một trải nghiệm thú vị và hấp dẫn, sẵn sàng để trải nghiệm thêm."
TRẠI BUÔN NGƯỜI,CGV Vivo City,28/09/2026,2D Phụ Đề Anh,19:20,"Tôi đã có cơ hội tham gia xem suất chiếu ""TRẠI BUÔN NGƯỜI"" tại rạp chiếu CGV Vivo City vào ngày 28/09/2026. Đây là một trải nghiệm tuyệt vời với định dạng 2D Phụ Đề Anh và giờ chiếu 19:20. Sự kết hợp hoàn hảo giữa màn hình lớn và ánh sáng rực rỡ đã mang đến trải nghiệm xem phim thật sự ấn tượng."
TRẠI BUÔN NGƯỜI,CGV Vivo City,28/09/2026,2D Phụ Đề Anh,20:20,"Khi đến rạp CGV Vivo City vào ngày 28/9/2026, tôi đã có cơ hội trải nghiệm suất chiếu phim TRẠI BUÔN NGƯỜI với định dạng 2D Phụ Đề Anh và giờ chiếu 20:20. Phim đã tạo ra một không gian hấp dẫn và thú vị, khiến khán giả như tôi không thể rời mắt."
TRẠI BUÔN NGƯỜI,CGV Vivo City,28/09/2026,2D Phụ Đề Anh,21:00,"Hôm nay, tôi đã có cơ hội được trải nghiệm sự sôi động của rạp chiếu CGV Vivo City với bộ phim TRẠI BUÔN NGƯỜI. Phim đã được chiếu tại rạp vào ngày 28/09/2026 và đã thu hút được sự chú ý của nhiều khán giả. Với định dạng 2D Phụ Đề Anh và giờ chiếu 21:00, bộ phim đã mang đến một không gian giải trí đầy hấp dẫn và thú vị cho mọi người."
TRẠI BUÔN NGƯỜI,CGV Vivo City,28/09/2026,2D Phụ Đề Anh,22:00,"Ngày 28/09/2026, rạp chiếu CGV Vivo City trở thành địa điểm đặc biệt khi chiếu suất chiếu TRẠI BUÔN NGƯỜI. Với định dạng 2D Phụ Đề Anh và giờ chiếu 22:00, khán giả có cơ hội trải nghiệm phim này trong không gian yên tĩnh và thân mật. Sự kiện này hứa hẹn sẽ mang đến những khoảnh khắc cảm xúc và những trải nghiệm đáng nhớ cho mọi người."
TRẠI BUÔN NGƯỜI,CGV Vivo City,28/09/2026,2D Phụ Đề Anh,22:40,Tôi vừa có cơ hội xem suất chiếu TRẠI BUÔN NGƯỜI tại rạp CGV Vivo City và trải nghiệm là vô cùng tuyệt vời. Phim được chiếu trong định dạng 2D Phụ Đề Anh với thời lượng 50 phút và diễn ra vào lúc 22h40 tối ngày 28/9/2026. Không khí trong rạp đã được tạo ra một cách tuyệt vời và tôi đã hoàn toàn cảm thấy mình đang được đưa vào thế giới phim.
TRẠI BUÔN NGƯỜI,CGV Vivo City,28/09/2026,2D Phụ Đề Anh,23:10,"Hôm nay, tôi đã có dịp được trải nghiệm suất chiếu ""TRẠI BUÔN NGƯỜI"" tại rạp CGV Vivo City. Phim chiếu râm rạng vào ngày 28/09/2026, với định dạng 2D Phụ Đề Anh và giờ chiếu 23:10. Không thể thiếu một không gian rạp chiếu sang trọng, tôi đã có trải nghiệm đáng nhớ cùng sự phấn khích của khán giả tại suất chiếu này."
VÙNG ĐẤT QUỶ DỮ,CGV Vivo City,28/09/2026,2D Phụ Đề Việt,12:40,"Tôi vừa có cơ hội xem suất chiếu ""VÙNG ĐẤT QUỶ DỮ"" tại rạp chiếu CGV Vivo City vào ngày 28/09/2026. Thông tin cho tôi là đây là một suất chiếu 2D Phụ Đề Việt với giờ chiếu 12:40. Mọi thông tin đều được cung cấp một cách rõ ràng và dễ dàng hiểu."
VÙNG ĐẤT QUỶ DỮ,CGV Vivo City,28/09/2026,2D Phụ Đề Việt,20:40,"Tôi đã có cơ hội xem suất chiếu ""VÙNG ĐẤT QUỶ DỮ"" tại rạp chiếu CGV Vivo City vào ngày 28/09/2026. Trải nghiệm này mang đến cho tôi một trải nghiệm đầy cảm xúc và thú vị, với phim được chiếu ở định dạng 2D Phụ Đề Việt và giờ chiếu 20:40. Mặc dù không có nhiều thông tin về nội dung phim, nhưng tôi vẫn cảm thấy được tận hưởng sự lãng mạn và lãnh đản của ""VÙNG ĐẤT QUỶ DỮ""."
VÙNG ĐẤT QUỶ DỮ,CGV Vivo City,28/09/2026,2D Phụ Đề Việt,23:40,"Hôm nay, tôi đã có cơ hội được xem suất chiếu ""VÙNG ĐẤT QUỶ DỮ"" tại rạp chiếu CGV Vivo City. Phim được chiếu với định dạng 2D Phụ Đề Việt và bắt đầu ở giờ 23:40. Tôi đã có trải nghiệm tuyệt vời khi được theo dõi câu chuyện hấp dẫn của phim, cùng với chất âm thanh và hình ảnh chất lượng cao. Mô phỏng trải nghiệm xem phim này thật tuyệt vời!"
AVENGERS: HỒI KẾT - PHIÊN BẢN ĐẶC BIỆT (CHIẾU LẠI),CGV Vivo City,29/09/2026,4DX2D Phụ Đề Việt | Rạp 4DX																 & Infinity Vision,11:00,"Tôi vừa có cơ hội xem suất chiếu AVENGERS: HỒI KẾT - PHIÊN BẢN ĐẶC BIỆT tại CGV Vivo City và đó là một trải nghiệm tuyệt vời! Tôi đã đến rạp chiếu lúc 11:00, chuẩn bị sẵn sàng cho một đêm giải trí thú vị. Trong không gian rạp chiếu được thiết kế đặc biệt, tôi đã cảm nhận được sự khác biệt khi được trải nghiệm 4DX2D và phụ đề tiếng Việt, cùng với Infinity Vision. Mọi chi tiết đều đã được chú ý để mang đến một trải nghiệm giải trí tuyệt vời cho khán giả."
AVENGERS: HỒI KẾT - PHIÊN BẢN ĐẶC BIỆT (CHIẾU LẠI),CGV Vivo City,29/09/2026,IMAX2D Phụ Đề Việt | Rạp IMAX,12:00,"Hôm nay, tôi đã có cơ hội trải nghiệm suất chiếu AVENGERS: HỒI KẾT - PHIÊN BẢN ĐẶC BIỆT tại rạp chiếu CGV Vivo City. Sự kiện được định dạng là IMAX2D Phụ Đề Việt | Rạp IMAX, cho thấy mức độ đặc biệt và sự trải nghiệm độc đáo mà rạp cung cấp. Tôi đã chọn buổi chiếu vào lúc 12:00 và đã tận hưởng một trải nghiệm tuyệt vời cùng với những người thân yêu của mình."
AVENGERS: HỒI KẾT - PHIÊN BẢN ĐẶC BIỆT (CHIẾU LẠI),CGV Vivo City,29/09/2026,IMAX2D Phụ Đề Việt | Rạp IMAX,15:30,"Tôi đã có cơ hội trải nghiệm suất chiếu ""AVENGERS: HỒI KẾT - PHIÊN BẢN ĐẶC BIỆT"" tại rạp chiếu CGV Vivo City vào ngày 29/09/2026. Khi bước vào rạp, không khí đã được tạo nên bởi sự hứng khởi và hào hứng của người hâm mộ. Sout chiếu được chiếu với định dạng IMAX2D Phụ Đề Việt và rạp IMAX, tạo nên một trải nghiệm sống ảo tuyệt vời. Thời gian chiếu đến 15:30 đã nhanh chóng được biến mất, khiến cho trải nghiệm này trở nên đặc biệt và đáng nhớ."
AVENGERS: HỒI KẾT - PHIÊN BẢN ĐẶC BIỆT (CHIẾU LẠI),CGV Vivo City,29/09/2026,2D Phụ Đề Việt																 | Rạp Infinity Vision,16:30,"Hôm nay, tôi đã có cơ hội xem suất chiếu AVENGERS: HỒI KẾT - PHIÊN BẢN ĐẶC BIỆT tại CGV Vivo City. Phim được chiếu với định dạng 2D Phụ Đề Việt và được trình chiếu tại rạp Infinity Vision. Tôi đã chọn buổi chiếu lúc 16:30 và trải nghiệm một chiều chiếu khắp màn hình. Kịch bản được thiết kế để mang đến trải nghiệm phim độc đáo và thú vị, không những để bạn có thể thưởng thức mà còn để bạn có thể khám phá và trải nghiệm một cách mới mẻ."
AVENGERS: HỒI KẾT - PHIÊN BẢN ĐẶC BIỆT (CHIẾU LẠI),CGV Vivo City,29/09/2026,IMAX2D Phụ Đề Việt | Rạp IMAX,19:00,"Tôi vừa tham gia suất chiếu AVENGERS: HỒI KẾT - PHIÊN BẢN ĐẶC BIỆT tại rạp CGV Vivo City và trải nghiệm thật tuyệt vời. Phim chiếu rạp IMAX2D với phụ đề Việt, tôi đã cảm nhận được những hiệu ứng đặc biệt và hình ảnh sống động trên màn hình rộng. Thời gian 19:00 đã giúp tôi tận hưởng khoảnh khắc khởi đầu của phần tiếp theo trong câu chuyện Avengers một cách hoàn hảo."
AVENGERS: HỒI KẾT - PHIÊN BẢN ĐẶC BIỆT (CHIẾU LẠI),CGV Vivo City,29/09/2026,2D Phụ Đề Việt																 | Rạp Infinity Vision,20:00,"Tôi đã có thể trải nghiệm buổi suất chiếu Avengers: Hoí Kết - Phiên bản Đặc Biệt tại rạp chiếu CGV Vivo City vào ngày 29/9/2026. Với định dạng 2D Phụ Đề Việt và thời gian chiếu 20:00, buổi chiếu này đã mang đến cho tôi trải nghiệm thú vị và hấp dẫn. Mặc dù là mô phỏng, nhưng tôi hy vọng đã có thể tái tạo được không khí sôi động và phấn khích của buổi chiếu này."
AVENGERS: HỒI KẾT - PHIÊN BẢN ĐẶC BIỆT (CHIẾU LẠI),CGV Vivo City,29/09/2026,4DX2D Phụ Đề Việt | Rạp 4DX																 & Infinity Vision,21:50,"Đến rạp chiếu CGV Vivo City ngày 29/09/2026, tôi đã trải nghiệm tuyệt vời khi xem AVENGERS: HỒI KẾT - PHIÊN BẢN ĐẶC BIỆT dưới định dạng 4DX2D Phụ Đề Việt | Rạp 4DX & Infinity Vision. Giờ chiếu 21:50 đã mang lại cảm giác gần gũi và đầy thú vị. Mỗi khoảnh khắc trên màn hình đã được thiết kế để tạo ra một trải nghiệm độc đáo và hấp dẫn."
AVENGERS: HỒI KẾT - PHIÊN BẢN ĐẶC BIỆT (CHIẾU LẠI),CGV Vivo City,29/09/2026,IMAX2D Phụ Đề Việt | Rạp IMAX,22:30,"Tôi đã có cơ hội được trải nghiệm suất chiếu AVENGERS: HỒI KẾT - PHIÊN BẢN ĐẶC BIỆT tại CGV Vivo City vào ngày 29/09/2026. Sự kiện này được tổ chức tại rạp IMAX với định dạng IMAX2D và phụ đề Việt. Tôi đã có trải nghiệm tuyệt vời với hình ảnh sắc nét và âm thanh đậm đà, giúp tôi cảm nhận được sự phấn khích và sự kết thúc tuyệt vời cho bộ phim."
BÁT TIÊN ! TRUY TÌM LƯU LY ĐĂNG,CGV Vivo City,29/09/2026,2D Phụ Đề Anh & Việt,15:40,"Hôm nay, tôi đã có cơ hội trải nghiệm suất chiếu ""BÁT TIÊN ! TRUY TÌM LƯU LY ĐĂNG"" tại CGV Vivo City. Phim được chiếu với định dạng 2D Phụ Đề Anh & Việt và thời gian chiếu là 15:40. Không khí tại rạp rất sôi động và khán giả đã rất hào hứng khi chờ đợi bộ phim mới này. Tôi đã tận hưởng khoảnh khắc xuất hiện của các nhân vật trên màn ảnh và cảm nhận được sự thú vị của sự kiện này."
HÒN ĐẢO QUÊN LÃNG,CGV Vivo City,29/09/2026,4DX2D Lồng Tiếng Việt | Rạp 4DX,19:45,"Tôi vừa có cơ hội được trải nghiệm suất chiếu ""HÒN ĐẢO QUÊN LÃNG"" tại rạp CGV Vivo City. Thông qua công nghệ 4DX2D,ฉ đã được thâm nhập vào thế giới phiêu lưu của bộ phim. Với thời điểm chiếu sớm vào chiều tối, không gian rạp đã được sắp xếp thoải mái cho khán giả. Tôi cảm thấy mình đã được chìm sâu trong hành trình phiêu lưu của nhân vật chính, với những cảnh quay 4DX ấn tượng. Từ âm thanh vang dội đến hiệu ứng đặc biệt, tất cả đều giúp tôi cảm nhận được sự sống động của bộ phim. Đây là một trải nghiệm tuyệt vời cho ai cũng yêu thích bộ phim hành động."
LAPUTA: LÂU ĐÀI TRÊN KHÔNG,CGV Vivo City,29/09/2026,2D Phụ Đề Việt,13:30,"Hôm nay, tôi đã có cơ hội trải nghiệm suất chiếu ""LAPUTA: LÂU ĐÀI TRÊN KHÔNG"" tại rạp chiếu CGV Vivo City. Phim được chiếu với định dạng 2D Phụ Đề Việt và giờ chiếu là 13:30. Mọi người đã tích cực đến tham gia và thưởng thức phim này, tạo nên không khí sôi động và hấp dẫn."
LAPUTA: LÂU ĐÀI TRÊN KHÔNG,CGV Vivo City,29/09/2026,2D Phụ Đề Việt,18:10,"Hôm nay, tôi đã có cơ hội được trải nghiệm suất chiếu LAPUTA: LÂU ĐÀI TRÊN KHÔNG tại rạp CGV Vivo City. Phim được chiếu với định dạng 2D Phụ Đề Việt và bắt đầu từ giờ 18:10. Không khí rạp tràn ngập sự phấn khích khi khán giả chờ đợi phim mới. Tôi đã tận hưởng trải nghiệm chiếu phim này và cảm thấy phấn khích khi được đón nhận bởi những cảnh phim đầy màu sắc và âm thanh sống động."
LÊN HƯƠNG,CGV Vivo City,29/09/2026,2D Phụ Đề Anh,22:40,"Tôi đã có cơ hội được chiếu bộ phim LÊN HƯƠNG tại rạp chiếu CGV Vivo City vào ngày 29/09/2026. Phim được chiếu trong định dạng 2D Phụ Đề Anh và có giờ chiếu là 22:40. trải nghiệm xem phim này thật tuyệt vời, hình ảnh và âm thanh được sản xuất rất chuyên nghiệp và thu hút. Tôi đã được tận hưởng những khoảnh khắc tuyệt vời và cảm nhận được sự đam mê khi xem phim."
MARNIE YÊU DẤU,CGV Vivo City,29/09/2026,2D Phụ Đề Việt,11:20,Tôi vừa xem phim MARNIE YÊU DẤU tại rạp CGV Vivo City vào ngày 29/09/2026. Phim được chiếu với định dạng 2D Phụ Đề Việt và tôi có lịch chiếu vào lúc 11:20. Đó là một trải nghiệm thú vị và thú vị.
MARNIE YÊU DẤU,CGV Vivo City,29/09/2026,2D Phụ Đề Việt,16:00,"Tôi vừa ra khỏi rạp chiếu CGV Vivo City và vẫn còn cảm nhận được sự hứng thú từ bộ phim MARNIE YÊU DẤU. Đến giờ chiếu 16:00, không gian rạp đã được chuẩn bị tuyệt vời, mọi thứ đều tinh tế và sang trọng. Tôi đã có một trải nghiệm tuyệt vời, cảm nhận được sự phong cách và ý nghĩa trong từng phút giây của bộ phim."
PHÁO HOA LÚC BÌNH MINH,CGV Vivo City,29/09/2026,2D Phụ Đề Anh & Việt,10:40,"Tôi đã có cơ hội xem suất chiếu ""Pháo Hoa Lúc Bình Minh"" tại rạp chiếu CGV Vivo City vào ngày 29/09/2026. Trong trải nghiệm này, phim được chiếu với định dạng 2D và có phụ đề cả tiếng Anh và tiếng Việt. Giờ chiếu hợp lý là 10:40, cho phép tôi tận hưởng toàn bộ câu chuyện một cách thoải mái. Mặc dù đây là một trải nghiệm mô phỏng, nhưng tôi cảm thấy như đã được immers vào thế giới của bộ phim, tận hưởng không khí sôi động và thú vị."
TRẠI BUÔN NGƯỜI,CGV Vivo City,29/09/2026,2D Phụ Đề Anh,10:20,"Hôm nay, tôi đã được trải nghiệm suất chiếu ""TRẠI BUÔN NGƯỜI"" tại CGV Vivo City. Phim được chiếu với định dạng 2D Phụ Đề Anh và bắt đầu tại 10:20. Đó là một trải nghiệm tuyệt vời, khiến tôi cảm thấy được thu hút và tham gia sâu sắc vào câu chuyện. Mỗi khung hình đều mang đến một cảm giác và thông điệp riêng, tạo nên một sự kết hợp tuyệt vời giữa hình ảnh và âm thanh."
TRẠI BUÔN NGƯỜI,CGV Vivo City,29/09/2026,2D Phụ Đề Anh,11:30,"Hôm nay, tôi đã có cơ hội trải nghiệm suất chiếu ""TRẠI BUÔN NGƯỜI"" tại rạp chiếu CGV Vivo City. Vào ngày 29/09/2026, tôi đã ngồi vào ghế và sẵn sàng để được giải trí. Phim được chiếu với định dạng 2D Phụ Đề Anh và thời gian chiếu là 11:30. Mặc dù chỉ xem một vài phút, tôi đã cảm thấy như đã thoát khỏi thế giới thực và được đưa vào một thế giới mới."
TRẠI BUÔN NGƯỜI,CGV Vivo City,29/09/2026,2D Phụ Đề Anh,12:20,"Tôi đã có cơ hội đến rạp chiếu CGV Vivo City và xem suất chiếu TRẠI BUÔN NGƯỜI vào ngày 29/09/2026. Phim được chiếu với định dạng 2D Phụ Đề Anh và thời gian chiếu là 12:20. Trong suốt trải nghiệm, tôi đã được tận hưởng không khí hùng biện và âm nhạc đậm đà của phim. Mỗi khung hình đều mang đến cho tôi cảm giác phấn khích và hồi hộp. Tổng thể là một trải nghiệm tuyệt vời và đáng nhớ."
TRẠI BUÔN NGƯỜI,CGV Vivo City,29/09/2026,2D Phụ Đề Anh,13:00,"Tôi vừa có cơ hội xem suất chiếu TRẠI BUÔN NGƯỜI tại rạp CGV Vivo City và đó là một trải nghiệm tuyệt vời! Phim được chiếu với định dạng 2D Phụ Đề Anh vào ngày 29/09/2026 tại giờ 13:00. Mặc dù chỉ biết một chút về nội dung phim, nhưng tôi đã cảm nhận được sự sôi động và hấp dẫn từ khắp sân khấu. Bạn có thể đặt vé ngay hôm nay để được tận hưởng trải nghiệm chiếu phim tuyệt vời này!"
TRẠI BUÔN NGƯỜI,CGV Vivo City,29/09/2026,2D Phụ Đề Anh,14:00,"Hôm nay, tôi đã có cơ hội được trải nghiệm suất chiếu ""TRẠI BUÔN NGƯỜI"" tại rạp chiếu CGV Vivo City. Phim được chiếu với định dạng 2D Phụ Đề Anh và giờ chiếu là 14:00. Sự xuất hiện của ánh đèn rạp và âm thanh hào hùng đã tạo nên một không khí đầy sức hút. Tôi đã sẵn sàng để được chinh phục bởi thế giới phim và cảm nhận từng khoảnh khắc trong ""TRẠI BUÔN NGƯỜI""."
TRẠI BUÔN NGƯỜI,CGV Vivo City,29/09/2026,4DX2D Phụ Đề Anh | Rạp 4DX,14:30,"Tôi vừa có cơ hội xem suất chiếu TRẠI BUÔN NGƯỜI tại rạp CGV Vivo City vào ngày 29/09/2026. Trong trải nghiệm này, tôi đã được trải nghiệm 4DX2D và xem phim với phụ đề Anh. Phim được chiếu vào giờ 14:30, tạo không khí yên tĩnh và tập trung cho khán giả. Mỗi khán giả đều có trải nghiệm riêng, nhưng tất cả đều được trải nghiệm 4DX2D và tận hưởng cảnh phim."
TRẠI BUÔN NGƯỜI,CGV Vivo City,29/09/2026,2D Phụ Đề Anh,15:00,"Tôi vừa có cơ hội xem chiếu suất chiếu ""TRẠI BUÔN NGƯỜI"" tại rạp CGV Vivo City vào ngày 29/09/2026. Phim này được chiếu dưới định dạng 2D Phụ Đề Anh và bắt đầu tại giờ 15:00. Mặc dù là một trải nghiệm ngắn, nhưng tôi đã có thể cảm nhận được sự hấp dẫn và sự thú vị của bộ phim này. Sự kết hợp giữa âm thanh và hình ảnh đã tạo ra một bầu không khí thú vị và cuốn hút."
TRẠI BUÔN NGƯỜI,CGV Vivo City,29/09/2026,2D Phụ Đề Anh,16:30,"Tôi đã có cơ hội trải nghiệm suất chiếu TRẠI BUÔN NGƯỜI tại rạp chiếu CGV Vivo City vào ngày 29/09/2026. Đây là một trải nghiệm tuyệt vời, với định dạng phim là 2D Phụ Đề Anh và giờ chiếu là 16:30. Trong bầu không khí sôi động của rạp chiếu, tôi đã có thể thưởng thức bộ phim này một cách thoải mái và tận hưởng."
TRẠI BUÔN NGƯỜI,CGV Vivo City,29/09/2026,4DX2D Phụ Đề Anh | Rạp 4DX,17:00,"Tôi đã được mời đến xem suất chiếu ""TRẠI BUÔN NGƯỜI"" tại rạp chiếu CGV Vivo City vào ngày 29/09/2026. Với định dạng 4DX2D và phụ đề Anh, tôi đã trải nghiệm một không gian chiếu phim độc đáo. Sau khi xem xong, tôi cảm thấy như mình đã được đưa vào thế giới phim, với âm thanh và hình ảnh sống động. Thời gian 17:00 đã trở nên đáng nhớ khi tôi được tận hưởng màn trình diễn tuyệt vời này."
TRẠI BUÔN NGƯỜI,CGV Vivo City,29/09/2026,2D Phụ Đề Anh,17:40,"Hôm nay, tôi đã có cơ hội xem suất chiếu TRẠI BUÔN NGƯỜI tại rạp chiếu CGV Vivo City. Phim được chiếu với định dạng 2D Phụ Đề Anh và bắt đầu vào lúc 17:40. Mặc dù không có nhiều thông tin về nội dung phim, nhưng tôi vẫn cảm thấy hào hứng khi được trải nghiệm. Sự thu hút của phim đã bắt đầu từ lúc đầu, và tôi đã dành cả thời gian để theo dõi. Overall, trải nghiệm xem suất chiếu này đã rất thú vị và đáng nhớ."
TRẠI BUÔN NGƯỜI,CGV Vivo City,29/09/2026,2D Phụ Đề Anh,18:30,"Hôm nay, tôi đã có cơ hội trải nghiệm suất chiếu TRẠI BUÔN NGƯỜI tại rạp chiếu CGV Vivo City. Phim được chiếu dưới định dạng 2D Phụ Đề Anh và giờ chiếu là 18:30. Mặc dù không có thông tin cụ thể về nội dung phim, nhưng không khí rạp chiếu đã tạo ra một bầu không khí thú vị và chờ đợi. Tôi hy vọng sẽ có một trải nghiệm giải trí tuyệt vời tại suất chiếu này."
TRẠI BUÔN NGƯỜI,CGV Vivo City,29/09/2026,2D Phụ Đề Anh,19:20,"Tôi vừa có cơ hội xem suất chiếu TRẠI BUÔN NGƯỜI tại CGV Vivo City vào ngày 29/09/2026. Với định dạng 2D Phụ Đề Anh, tôi đã được trải nghiệm một trải nghiệm phim tuyệt vời. Phim chiếu vào giờ 19:20 đã làm tôi bị cuốn vào thế giới phim, không để tôi tự nhận ra thời gian trôi qua. Mỗi khung hình đều mang đến cho tôi những khoảnh khắc tuyệt vời, khiến tôi không thể rời mắt."
TRẠI BUÔN NGƯỜI,CGV Vivo City,29/09/2026,2D Phụ Đề Anh,20:20,"Tôi vừa có cơ hội xem suất chiếu ""TRẠI BUÔN NGƯỜI"" tại rạp CGV Vivo City vào ngày 29/09/2026. Phim được chiếu với định dạng 2D Phụ Đề Anh và thời gian chiếu là 20:20. Không khí rạp được ấm áp và thân thiện, giúp tôi có thể tận hưởng từng khoảnh khắc trong phim."
TRẠI BUÔN NGƯỜI,CGV Vivo City,29/09/2026,2D Phụ Đề Anh,21:00,"Ngày 29/09/2026, rạp CGV Vivo City được trang bị một trải nghiệm chiếu phim độc đáo khi được chiếu bộ phim ""TRẠI BUÔN NGƯỜI"" với định dạng 2D Phụ Đề Anh và giờ chiếu là 21:00. Đây là một sự kiện đáng nhớ, mang đến cho khán giả một trải nghiệm độc đáo và đáng nhớ."
TRẠI BUÔN NGƯỜI,CGV Vivo City,29/09/2026,2D Phụ Đề Anh,22:00,"Tôi vừa có cơ hội xem suất chiếu ""TRẠI BUÔN NGƯỜI"" tại rạp chiếu CGV Vivo City vào ngày 29/09/2026. Phim được chiếu dưới định dạng 2D Phụ Đề Anh và bắt đầu chiếu vào lúc 22:00. Experience chiếu rạp này rất ấn tượng, mang đến cho khán giả trải nghiệm tuyệt vời khi xem phim."
TRẠI BUÔN NGƯỜI,CGV Vivo City,29/09/2026,2D Phụ Đề Anh,23:00,"Ngày 29/09/2026, CGV Vivo City chính thức khai mạc màn chiếu phim TRẠI BUÔN NGƯỜI với giờ chiếu chính là 23:00. Phim được định dạng 2D Phụ Đề Anh, hứa hẹn mang đến trải nghiệm xem phim chất lượng cao cho khán giả. Nếu bạn đang tìm kiếm một đêm giải trí đầy đ đợi và hấp dẫn, hãy đến CGV Vivo City để chiêm ngưỡng TRẠI BUÔN NGƯỜI trên màn ảnh rộng."
VÙNG ĐẤT QUỶ DỮ,CGV Vivo City,29/09/2026,2D Phụ Đề Việt,12:40,"Tôi vừa có cơ hội trải nghiệm suất chiếu phim ""VÙNG ĐẤT QUỶ DỮ"" tại rạp chiếu CGV Vivo City vào ngày 29/09/2026. Phim được định dạng 2D Phụ Đề Việt và chiếu vào giờ 12:40. Sự kiện này đã mang đến cho tôi một trải nghiệm mới và thú vị, giúp tôi hiểu rõ hơn về phong cách và chất lượng của phim."
VÙNG ĐẤT QUỶ DỮ,CGV Vivo City,29/09/2026,2D Phụ Đề Việt,14:40,"Tôi đã có cơ hội trải nghiệm suất chiếu ""VÙNG ĐẤT QUỶ DỮ"" tại rạp chiếu CGV Vivo City vào ngày 29/09/2026. Đây là một trải nghiệm tuyệt vời với định dạng 2D Phụ Đề Việt và giờ chiếu là 14:40. Mọi chi tiết về bộ phim đã tạo nên một bầu không khí thú vị, khiến cho buổi chiếu trở nên đặc biệt."
VÙNG ĐẤT QUỶ DỮ,CGV Vivo City,29/09/2026,2D Phụ Đề Việt,20:40,"Tôi đã có cơ hội xem suất chiếu ""VÙNG ĐẤT QUỶ DỮ"" tại rạp chiếu CGV Vivo City vào ngày 29/09/2026. Với định dạng 2D Phụ Đề Việt và giờ chiếu 20:40, trải nghiệm xem phim này đã mang đến cho tôi một không khí sôi động và hào hứng. Thông điệp phụ đề Việt đã tạo ra một cảm giác gần gũi và gắn kết, làm cho trải nghiệm xem phim trở nên thú vị và đáng nhớ."
ÚT LAN 2,CGV Vivo City,29/09/2026,2D Phụ Đề Anh,10:30,"Tôi vừa có cơ hội xem suất chiếu ""ÚT LAN 2"" tại rạp chiếu CGV Vivo City và thật tuyệt vời! Phim được chiếu vào ngày 29/09/2026 với định dạng 2D Phụ Đề Anh và giờ chiếu 10:30. Mỗi giây tôi ngồi xem phim đều mang đến những khoảnh khắc tuyệt vời và hấp dẫn. Tôi cảm thấy mình đã được trải nghiệm một bộ phim tuyệt vời!"
AVENGERS: HỒI KẾT - PHIÊN BẢN ĐẶC BIỆT (CHIẾU LẠI),CGV Vivo City,30/09/2026,4DX2D Phụ Đề Việt | Rạp 4DX																 & Infinity Vision,11:00,"Trong đêm 30/09/2026, CGV Vivo City trở thành nơi diễn ra một trải nghiệm khán giả độc đáo khi chiếu AVENGERS: HỒI KẾT - PHIÊN BẢN ĐẶC BIỆT. Với định dạng 4DX2D Phụ Đề Việt | Rạp 4DX & Infinity Vision, khán giả sẽ được trải nghiệm một cách đầy sự sống động và hiện đại. Giờ chiếu 11:00 sẽ là lúc khán giả có thể cùng nhau chia sẻ trải nghiệm khủng khiếp và đầy cảm xúc khi xem phim này."
AVENGERS: HỒI KẾT - PHIÊN BẢN ĐẶC BIỆT (CHIẾU LẠI),CGV Vivo City,30/09/2026,IMAX2D Phụ Đề Việt | Rạp IMAX,12:00,"Ngày 30/09/2026, tôi đã có cơ hội trải nghiệm suất chiếu phim ""AVENGERS: HỒI KẾT - PHIÊN BẢN ĐẶC BIỆT"" tại CGV Vivo City. Thông qua màn hình IMAX2D với phụ đề tiếng Việt, tôi đã có thể tận hưởng khoảnh khắc quyết định của đội Avengers. Thời gian 12:00 trôi qua nhanh chóng, và tôi đã cảm nhận được sự chân thực và sức hút của bộ phim tại rạp chiếu IMAX."
AVENGERS: HỒI KẾT - PHIÊN BẢN ĐẶC BIỆT (CHIẾU LẠI),CGV Vivo City,30/09/2026,IMAX2D Phụ Đề Việt | Rạp IMAX,15:30,"Ngày 30/09/2026, rạp CGV Vivo City đã trở thành địa điểm không thể bỏ qua với sự trở lại của Avengers: Holly Conclusion - Phim phiên bản đặc biệt ấn tượng. Phim được chiếu trong định dạng IMAX2D Phụ Đề Việt và Rạp IMAX, mang đến trải nghiệm xem phim tuyệt vời cho khán giả. Chúng tôi đã có dịp trải nghiệm và chúng thật sự đáng nhớ!"
AVENGERS: HỒI KẾT - PHIÊN BẢN ĐẶC BIỆT (CHIẾU LẠI),CGV Vivo City,30/09/2026,2D Phụ Đề Việt																 | Rạp Infinity Vision,16:30,"Tôi đã có cơ hội xem suất chiếu ""AVENGERS: HỒI KẾT - PHIÊN BẢN ĐẶC BIỆT"" tại CGV Vivo City vào ngày 30/09/2026. Qua trải nghiệm này, tôi đã được chứng kiến một phiên bản đặc biệt của bộ phim hành động nổi tiếng. Với định dạng 2D Phụ Đề Việt và giờ chiếu 16:30, trải nghiệm xem phim đã mang đến một không khí sôi động và hấp dẫn. Mặc dù chỉ là một sự mô phỏng, trải nghiệm này đã mang lại cho tôi một cảm giác như đang cùng nhau chia sẻ một khoảnh khắc lịch sử cùng với hàng nghìn khán giả khác."
AVENGERS: HỒI KẾT - PHIÊN BẢN ĐẶC BIỆT (CHIẾU LẠI),CGV Vivo City,30/09/2026,IMAX2D Phụ Đề Việt | Rạp IMAX,19:00,"Thời điểm 30/09/2026, CGV Vivo City chính thức lên sóng suất chiếu ""AVENGERS: HỒI KẾT - PHIÊN BẢN ĐẶC BIỆT"" trong định dạng IMAX2D Phụ Đề Việt | Rạp IMAX. Khán giả có thể tận hưởng trải nghiệm chiếu phim tại rạp này vào giờ 19:00, tạo nên một khoảnh khắc đầy hấp dẫn và đầy mong chờ."
AVENGERS: HỒI KẾT - PHIÊN BẢN ĐẶC BIỆT (CHIẾU LẠI),CGV Vivo City,30/09/2026,2D Phụ Đề Việt																 | Rạp Infinity Vision,20:00,"Khi bước vào rạp chiếu CGV Vivo City vào ngày 30/9/2026, tôi đã cảm nhận được không khí sôi động và sự mong chờ của khán giả đối với bộ phim siêu nhân Avengers: Hội Kết - Phiên bản Đặc Biệt. Thông qua màn hình Infinity Vision, tôi đã có cơ hội trải nghiệm bộ phim với chất lượng hình ảnh ấn tượng và phụ đề tiếng Việt. Sự kết hợp hoàn hảo giữa âm thanh và hình ảnh đã khiến tôi trở nên lưỡng lứa trong suốt quá trình xem phim."
AVENGERS: HỒI KẾT - PHIÊN BẢN ĐẶC BIỆT (CHIẾU LẠI),CGV Vivo City,30/09/2026,4DX2D Phụ Đề Việt | Rạp 4DX																 & Infinity Vision,21:50,"Tôi vừa có thể tới rạp CGV Vivo City để xem phim AVENGERS: HỒI KẾT - PHIÊN BẢN ĐẶC BIỆT (CHIẾU LẠI). Đây là buổi chiếu 4DX2D Phụ Đề Việt | Rạp 4DX & Infinity Vision. Sau một ngày dài chờ đợi, cuối cùng tôi cũng có thể tận hưởng trải nghiệm này vào giờ 21:50. Mọi thứ đã được chuẩn bị đầy đủ, giúp cho trải nghiệm của tôi trở nên thú vị và độc đáo."
AVENGERS: HỒI KẾT - PHIÊN BẢN ĐẶC BIỆT (CHIẾU LẠI),CGV Vivo City,30/09/2026,IMAX2D Phụ Đề Việt | Rạp IMAX,22:30,"Tôi đã có cơ hội xem suất chiếu AVENGERS: HỒI KẾT - PHIÊN BẢN ĐẶC BIỆT tại CGV Vivo City vào ngày 30/09/2026. Với định dạng IMAX2D Phụ Đề Việt | Rạp IMAX, trải nghiệm này đã mang đến cho tôi một không gian khổng lồ và chất lượng hình ảnh ấn tượng. Tôi đã ngồi vào ghế IMAX và chờ đợi thời gian 22:30, sẵn sàng để bị cuốn vào thế giới hành động và phiêu lưu của AVENGERS."
BÁT TIÊN ! TRUY TÌM LƯU LY ĐĂNG,CGV Vivo City,30/09/2026,2D Phụ Đề Anh & Việt,15:40,"Thật tuyệt vời khi có cơ hội tham gia xem suất chiếu đầu tiên của ""BÁT TIÊN ! TRUY TÌM LƯU LY ĐĂNG"" tại CGV Vivo City vào ngày 30/09/2026. Tôi đã được trải nghiệm sự sôi động và hấp dẫn của bộ phim này ngay từ đầu. Phim được chiếu trong định dạng 2D với phụ đề Anh & Việt, giúp tôi dễ dàng theo dõi và tận hưởng nội dung. Giờ chiếu 15:40 đã cho tôi một không gian riêng tư và yên tĩnh để thưởng thức bộ phim. Trong suốt thời gian chiếu, tôi cảm thấy mình được đưa vào một thế giới đầy rẫy bí ẩn và hành động nảy lửa. Bộ phim đã tạo ra một không khí hấp dẫn và giữ tôi bám đuôi đến cuối cùng."
HÒN ĐẢO QUÊN LÃNG,CGV Vivo City,30/09/2026,4DX2D Lồng Tiếng Việt | Rạp 4DX,19:45,"Trải nghiệm xem suất chiếu HÒN ĐẢO QUÊN LÃNG tại CGV Vivo City ngày 30/09/2026 là một trải nghiệm tuyệt vời. Khi bước vào rạp 4DX, không khí trở nên sống động và hấp dẫn. Với định dạng 4DX2D, khán giả được trải nghiệm cả hình ảnh và âm thanh 3D độc đáo. Và khi phim được lồng tiếng Việt, mọi thứ trở nên gần gũi và dễ tiếp cận hơn. Giờ 19:45, mọi thứ đã sẵn sàng để chúng ta cùng tham gia vào hành trình phiêu lưu tuyệt vời này."
LAPUTA: LÂU ĐÀI TRÊN KHÔNG,CGV Vivo City,30/09/2026,2D Phụ Đề Việt,13:30,"Ngày 30/09/2026, rạp chiếu CGV Vivo City chào đón khán giả đến xem một bộ phim hấp dẫn, LAPUTA: LÂU ĐÀI TRÊN KHÔNG, được định dạng 2D Phụ Đề Việt và phát chiếu vào lúc 13:30. Đây là một trải nghiệm tuyệt vời, nơi khán giả có thể tận hưởng những khoảnh khắc phiêu lưu và phiêu lưu trên bầu trời không."
LAPUTA: LÂU ĐÀI TRÊN KHÔNG,CGV Vivo City,30/09/2026,2D Phụ Đề Việt,18:10,"Tôi vừa xem suất chiếu LAPUTA: LÂU ĐÀI TRÊN KHÔNG tại rạp CGV Vivo City vào ngày 30/09/2026. Sự kiện này đã mang đến trải nghiệm thú vị với khán giả, được chiếu dưới định dạng 2D Phụ Đề Việt và bắt đầu từ 18:10."
LÊN HƯƠNG,CGV Vivo City,30/09/2026,2D Phụ Đề Anh,22:40,"Tôi đã trải qua một trải nghiệm tuyệt vời khi xem LÊN HƯƠNG tại rạp chiếu CGV Vivo City. Vào ngày 30/09/2026, tôi đã được tận hưởng một bộ phim 2D Phụ Đề Anh với thời gian chiếu 22:40. Không khí rạp chiếu đã tạo ra một bầu không khí thú vị và thân thiện, giúp tôi cảm thấy thoải mái và sẵn sàng để tham gia vào hành trình của LÊN HƯƠNG. Mọi thứ đã được chuẩn bị kỹ lưỡng để mang đến cho khán giả một trải nghiệm độc đáo và đáng nhớ."
MARNIE YÊU DẤU,CGV Vivo City,30/09/2026,2D Phụ Đề Việt,11:20,"Hôm nay, tôi đã có cơ hội được trải nghiệm suất chiếu đầu tiên của bộ phim ""MARNIE YÊU DẤU"" tại CGV Vivo City. Khi bước vào rạp chiếu, tôi nhận thấy không khí sôi động và nhiệt tình của khán giả. Phim được chiếu vào lúc 11:20, và tôi đã tận hưởng từng giây phút của bộ phim trong một không gian thoải mái và hiện đại. Qua trải nghiệm này, tôi có thể thấy sự chú ý và quan tâm của công chúng đối với bộ phim mới đây này."
MARNIE YÊU DẤU,CGV Vivo City,30/09/2026,2D Phụ Đề Việt,16:00,"Hôm nay, tôi đã có dịp được trải nghiệm suất chiếu phim ""MARNIE YÊU DẤU"" tại rạp CGV Vivo City. Phim chiếu vào ngày 30/09/2026 với định dạng 2D Phụ Đề Việt và giờ chiếu 16:00 đã mang đến cho tôi một trải nghiệm độc đáo. Với không gian rạp chiếu rộng rãi và màn hình lớn, tôi đã cảm nhận được không khí sôi động và hứng thú khi xem phim. Sự xuất hiện của ""MARNIE YÊU DẤU"" đã mang đến cho tôi một cảm giác thú vị và hấp dẫn, khiến tôi không thể rời mắt khỏi màn ảnh."
PHÁO HOA LÚC BÌNH MINH,CGV Vivo City,30/09/2026,2D Phụ Đề Anh & Việt,10:40,"Khi bước vào rạp CGV Vivo City vào ngày 30/9/2026, tôi đã có cơ hội trải nghiệm sự phấn khích khi bắt đầu chiếu Pháo Hoa Lúc Bin Minh. Đến giờ chiếu 10:40 chiều, không khí rạp đã trở nên sôi động và tấp nập với sự quan tâm của khán giả. Tôi đã có trải nghiệm đầy thú vị và hấp dẫn tại suất chiếu này."
TRẠI BUÔN NGƯỜI,CGV Vivo City,30/09/2026,2D Phụ Đề Anh,10:20,"Tôi vừa xem suất chiếu TRẠI BUÔN NGƯỜI tại rạp chiếu CGV Vivo City vào ngày 30/09/2026. Là một trải nghiệm thú vị, bộ phim được chiếu dưới định dạng 2D Phụ Đề Anh với giờ chiếu 10:20. Mặc dù là một trải nghiệm giả mạo, nhưng tôi cảm thấy như đã được chinh phục không gian và thời gian trong thế giới này."
TRẠI BUÔN NGƯỜI,CGV Vivo City,30/09/2026,2D Phụ Đề Anh,11:30,"Ngày 30/9/2026, rạp CGV Vivo City chào đón khán giả đến trải nghiệm suất chiếu mới nhất của phim TRẠI BUÔN NGƯỜI với định dạng 2D Phụ Đề Anh. Sự kiện này diễn ra vào giờ 11:30, mang đến một trải nghiệm thú vị và đầy hấp dẫn cho những người yêu thích phim. Nếu bạn đang tìm kiếm một trải nghiệm giải trí độc đáo, suất chiếu này là lựa chọn không thể bỏ qua."
TRẠI BUÔN NGƯỜI,CGV Vivo City,30/09/2026,2D Phụ Đề Anh,12:20,"Hôm nay, tôi đã có cơ hội xem suất chiếu ""Trái Bờ Người"" tại rạp chiếu CGV Vivo City. Vào ngày 30/09/2026, tôi đã đến xem phim trong buổi chiếu sáng với giờ 12:20. Thông tin này chỉ là một thông tin lịch chiếu cho biết nơi và thời điểm suất chiếu của một bộ phim cụ thể, nhưng tôi không có đủ thông tin để đánh giá nội dung hay chất lượng của bộ phim này."
TRẠI BUÔN NGƯỜI,CGV Vivo City,30/09/2026,2D Phụ Đề Anh,13:00,"Tôi đã có mặt tại rạp CGV Vivo City và được trải nghiệm suất chiếu TRẠI BUÔN NGƯỜI vào ngày 30/09/2026. Phim được chiếu dưới định dạng 2D Phụ Đề Anh và bắt đầu vào lúc 13:00. Sân rạp đông đúc và bầu không khí sôi động, tạo nên một trải nghiệm hấp dẫn cho khán giả."
TRẠI BUÔN NGƯỜI,CGV Vivo City,30/09/2026,2D Phụ Đề Anh,14:00,"Tôi đã có cơ hội trải nghiệm suất chiếu phim TRẠI BUÔN NGƯỜI tại rạp CGV Vivo City vào ngày 30/09/2026. Khi bước vào rạp, không khí đã được tạo ra một bầu không khí sôi động và hào hứng vì màn trình diễn sắp tới. Phim được chiếu trong định dạng 2D Phụ Đề Anh và giờ chiếu là 14:00, tạo cảm giác bắt đầu một ngày mới với những khoảnh khắc điện ảnh. Mỗi giây, hình ảnh bắt mắt và âm thanh sống động đã cuốn hút khán giả vào thế giới giải trí của mình."
TRẠI BUÔN NGƯỜI,CGV Vivo City,30/09/2026,4DX2D Phụ Đề Anh | Rạp 4DX,14:30,"Tôi vừa có cơ hội xem suất chiếu TRẠI BUÔN NGƯỜI tại rạp chiếu CGV Vivo City vào ngày 30/09/2026. Đây là một trải nghiệm tuyệt vời với định dạng 4DX2D và phụ đề tiếng Anh. Thời gian chiếu là 14:30, tôi đã có cơ hội tận hưởng không gian 4DX2D rộng rãi cùng với hình ảnh và âm thanh sống động, tạo nên một trải nghiệm xem phim thú vị và hấp dẫn."
TRẠI BUÔN NGƯỜI,CGV Vivo City,30/09/2026,2D Phụ Đề Anh,15:00,"Tôi vừa có cơ hội xem suất chiếu phim TRẠI BUÔN NGƯỜI tại rạp chiếu CGV Vivo City vào ngày 30/09/2026. Phim được chiếu với định dạng 2D Phụ Đề Anh và giờ chiếu là 15:00. Mặc dù không được trải nghiệm nội dung phim, nhưng không thể phủ nhận sự thú vị khi chứng kiến màn chiếu lớn và âm thanh sống động. Mọi người xung quanh đều có vẻ rất hào hứng, tạo nên không khí sôi động và mong chờ trong phòng chiếu."
TRẠI BUÔN NGƯỜI,CGV Vivo City,30/09/2026,2D Phụ Đề Anh,16:30,"Ngày 30/09/2026, rạp CGV Vivo City chính thức chào đón khán giả đến trải nghiệm suất chiếu TRẠI BUÔN NGƯỜI. Phim được chiếu theo định dạng 2D Phụ Đề Anh với giờ chiếu độc đáo 16:30. Đây là cơ hội tuyệt vời để bạn có thể tận hưởng bộ phim này trong một không gian riêng tư và thoải mái. Hãy đến và khám phá thế giới của TRẠI BUÔN NGƯỜI!"
TRẠI BUÔN NGƯỜI,CGV Vivo City,30/09/2026,4DX2D Phụ Đề Anh | Rạp 4DX,17:00,Tôi vừa đến rạp CGV Vivo City để xem suất chiếu TRẠI BUÔN NGƯỜI 4DX2D. Ngày chiếu là 30/09/2026 và giờ chiếu là 17:00. Môi trường rạp được thiết kế để tạo trải nghiệm độc đáo với các hiệu ứng đặc biệt. Tôi đã sẵn sàng để tham gia vào cuộc phiêu lưu hấp dẫn này.
TRẠI BUÔN NGƯỜI,CGV Vivo City,30/09/2026,2D Phụ Đề Anh,17:40,"Tôi vừa có cơ hội xem suất chiếu ""TRẠI BUÔN NGƯỜI"" tại rạp chiếu CGV Vivo City vào ngày 30/09/2026. Sắc phim 2D Phụ Đề Anh này đã mang đến cho tôi một trải nghiệm thú vị và hấp dẫn. Phim được chiếu vào lúc 17:40, tạo nên không khí hưng phấn và đầy hứa hẹn cho khán giả. Tôi đã tận hưởng từng khoảnh khắc của phim, cảm nhận được sự chân thực và sống động của các nhân vật và câu chuyện."
TRẠI BUÔN NGƯỜI,CGV Vivo City,30/09/2026,2D Phụ Đề Anh,18:30,"Ngày 30/09/2026, rạp CGV Vivo City chính thức chào đón khán giả đến trải nghiệm suất chiếu TRẠI BUÔN NGƯỜI trong định dạng 2D Phụ Đề Anh. Sự kiện này đã được tổ chức vào giờ chiếu 18:30, mang đến một không gian thư giãn và giải trí tuyệt vời cho mọi người. Nếu bạn đang tìm kiếm một trải nghiệm giải trí mới, hãy đến rạp CGV Vivo City để cảm nhận sự thú vị của TRẠI BUÔN NGƯỜI."
TRẠI BUÔN NGƯỜI,CGV Vivo City,30/09/2026,2D Phụ Đề Anh,19:20,"Ngày 30/9/2026, rạp CGV Vivo City trở thành địa điểm chỉ cho sự ra mắt của bộ phim TRẠI BUÔN NGƯỜI. Với định dạng 2D Phụ Đề Anh và giờ chiếu 19:20, khán giả có thể trải nghiệm một trải nghiệm chiếu phim độc đáo và ấn tượng."
TRẠI BUÔN NGƯỜI,CGV Vivo City,30/09/2026,2D Phụ Đề Anh,20:20,"Tôi vừa có cơ hội trải nghiệm suất chiếu TRẠI BUÔN NGƯỜI tại CGV Vivo City vào ngày 30/09/2026. Phim được chiếu với định dạng 2D Phụ Đề Anh và giờ chiếu hợp lý là 20:20. Mặc dù chỉ xem qua một phần phim, nhưng tôi đã có ấn tượng sâu sắc về nội dung hấp dẫn và diễn xuất xuất sắc. Khách tham dự cũng vô cùng hài lòng với trải nghiệm của mình."
TRẠI BUÔN NGƯỜI,CGV Vivo City,30/09/2026,2D Phụ Đề Anh,21:00,"Trải nghiệm xem suất chiếu TRẠI BUÔN NGƯỜI tại CGV Vivo City vào ngày 30/09/2026 là một trải nghiệm tuyệt vời. Tôi đã được ngồi trong một phòng chiếu 2D Phụ Đề Anh được thiết kế tinh tế, tạo ra một không gian riêng tư và thoải mái cho khán giả. Khi màn ảnh sôi động và âm thanh sống động được bật lên, tôi cảm nhận được sự hiện diện của bộ phim trong không gian rạp chiếu. Mỗi khung hình đều khiến tôi cảm thấy như đang trực tiếp tham gia vào thế giới của bộ phim. Đó là một trải nghiệm tuyệt vời để được chia sẻ với bạn bè."
TRẠI BUÔN NGƯỜI,CGV Vivo City,30/09/2026,2D Phụ Đề Anh,22:00,"Tôi vừa xem suất chiếu TRẠI BUÔN NGƯỜI tại CGV Vivo City vào ngày 30/09/2026, và trải nghiệm đó là thật ấn tượng. Phim được chiếu với định dạng 2D Phụ Đề Anh, tạo ra một không khí hấp dẫn và thú vị. Tôi đã được ngồi vào vị trí phù hợp và giờ chiếu là 22:00, tạo cảm giác thoải mái và dễ chịu. Mọi thứ đã được chuẩn bị sẵn sàng, tạo ra một trải nghiệm xem phim tuyệt vời."
TRẠI BUÔN NGƯỜI,CGV Vivo City,30/09/2026,2D Phụ Đề Anh,23:00,"Tôi vừa đến rạp CGV Vivo City và có thể cảm nhận được sự sôi động của màn ảnh 2D Phụ Đề Anh vào đêm 30/09/2026. Phim sẽ được chiếu vào lúc 23:00, hứa hẹn là một trải nghiệm hấp dẫn dành cho những người yêu thích bộ phim TRIA BUÔN NGƯỜI. Không khí rạp đã trở nên sôi động và phấn khích, khiến tôi không thể chờ đợi để bắt đầu xem phim."
VÙNG ĐẤT QUỶ DỮ,CGV Vivo City,30/09/2026,2D Phụ Đề Việt,12:40,"Tôi vừa có cơ hội xem suất chiếu ""VÙNG ĐẤT QUỶ DỮ"" tại rạp chiếu CGV Vivo City vào ngày 30/09/2026. Qua trải nghiệm, tôi cảm thấy phim được tạo nên với các hiệu ứng đồ họa sống động và âm thanh đậm đà, tạo nên một bầu không khí hấp dẫn. Phim được chiếu với định dạng 2D Phụ Đề Việt và giờ chiếu là 12:40, giúp mọi người có thể tận hưởng sản phẩm này một cách dễ dàng."
VÙNG ĐẤT QUỶ DỮ,CGV Vivo City,30/09/2026,2D Phụ Đề Việt,14:40,"Hôm nay, tôi đã có cơ hội xem suất chiếu ""VÙNG ĐẤT QUỶ DỮ"" tại rạp chiếu CGV Vivo City. Phim được chiếu ở định dạng 2D Phụ Đề Việt và thời gian chiếu là 14:40. Không khí trong rạp đã rất sôi động và hứng thú khi khán giả chờ đợi sự ra đời của bộ phim này."
VÙNG ĐẤT QUỶ DỮ,CGV Vivo City,30/09/2026,2D Phụ Đề Việt,20:40,"Tôi vừa có cơ hội xem suất chiếu ""VÙNG ĐẤT QUỶ DỮ"" tại rạp CGV Vivo City vào ngày 30/09/2026. Mô phỏng một trải nghiệm khán giả, tôi cảm thấy mình được đưa vào thế giới đầy màu sắc và lãng mạn của bộ phim. Màn chiếu 2D Phụ Đề Việt đã mang đến một trải nghiệm độc đáo và hấp dẫn, giúp tôi có thể tiếp cận và cảm nhận được những cảm xúc sâu sắc của bộ phim."
ÚT LAN 2,CGV Vivo City,30/09/2026,2D Phụ Đề Anh,10:30,"Tôi đã có cơ hội xem suất chiếu ÚT LAN 2 tại rạp chiếu CGV Vivo City vào ngày 30/09/2026. Phim được định dạng 2D Phụ Đề Anh với giờ chiếu 10:30. Mặc dù không có trải nghiệm thực tế, nhưng tôi có thể mô tả được thông tin chi tiết về suất chiếu này."
